14-May-2025 12:40:18.180 INFO [main] org.apache.catalina.startup.VersionLoggerListener.log Server version name:   Apache Tomcat/10.1.39
14-May-2025 12:40:18.185 INFO [main] org.apache.catalina.startup.VersionLoggerListener.log Server built:          Mar 4 2025 19:02:32 UTC
14-May-2025 12:40:18.192 INFO [main] org.apache.catalina.startup.VersionLoggerListener.log Server version number: 10.1.39.0
14-May-2025 12:40:18.192 INFO [main] org.apache.catalina.startup.VersionLoggerListener.log OS Name:               Linux
14-May-2025 12:40:18.192 INFO [main] org.apache.catalina.startup.VersionLoggerListener.log OS Version:            6.8.0-59-generic
14-May-2025 12:40:18.193 INFO [main] org.apache.catalina.startup.VersionLoggerListener.log Architecture:          amd64
14-May-2025 12:40:18.193 INFO [main] org.apache.catalina.startup.VersionLoggerListener.log Java Home:             /usr/lib/jvm/java-17-openjdk-amd64
14-May-2025 12:40:18.193 INFO [main] org.apache.catalina.startup.VersionLoggerListener.log JVM Version:           17.0.15+6-Ubuntu-0ubuntu122.04
14-May-2025 12:40:18.193 INFO [main] org.apache.catalina.startup.VersionLoggerListener.log JVM Vendor:            Ubuntu
14-May-2025 12:40:18.193 INFO [main] org.apache.catalina.startup.VersionLoggerListener.log CATALINA_BASE:         /home/radu/TAK-Server/src/oidf-server/tomcat
14-May-2025 12:40:18.193 INFO [main] org.apache.catalina.startup.VersionLoggerListener.log CATALINA_HOME:         /home/radu/TAK-Server/src/oidf-server/tomcat
14-May-2025 12:40:18.206 INFO [main] org.apache.catalina.core.AprLifecycleListener.lifecycleEvent The Apache Tomcat Native library which allows using OpenSSL was not found on the java.library.path: [/home/radu/opt/lib::/usr/java/packages/lib:/usr/lib/x86_64-linux-gnu/jni:/lib/x86_64-linux-gnu:/usr/lib/x86_64-linux-gnu:/usr/lib/jni:/lib:/usr/lib]
14-May-2025 12:40:18.745 INFO [main] org.apache.coyote.AbstractProtocol.init Initializing ProtocolHandler ["http-nio-8080"]
14-May-2025 12:40:18.884 INFO [main] org.apache.catalina.startup.Catalina.load Server initialization in [1583] milliseconds
14-May-2025 12:40:19.009 INFO [main] org.apache.catalina.core.StandardService.startInternal Starting service [Catalina]
14-May-2025 12:40:19.009 INFO [main] org.apache.catalina.core.StandardEngine.startInternal Starting Servlet engine: [Apache Tomcat/10.1.39]
14-May-2025 12:40:19.152 INFO [main] org.apache.catalina.startup.HostConfig.deployWAR Deploying web application archive [/home/radu/TAK-Server/src/oidf-server/tomcat/webapps/ldapauth.war]
14-May-2025 12:40:20.766 INFO [main] org.apache.jasper.servlet.TldScanner.scanJars At least one JAR was scanned for TLDs yet contained no TLDs. Enable debug logging for this logger for a complete list of JARs that were scanned but no TLDs were found in them. Skipping unneeded JARs during scanning can improve startup time and JSP compilation time.
14-May-2025 12:40:21.973 INFO [main] org.apache.catalina.startup.HostConfig.deployWAR Deployment of web application archive [/home/radu/TAK-Server/src/oidf-server/tomcat/webapps/ldapauth.war] has finished in [2,804] ms
14-May-2025 12:40:21.993 INFO [main] org.apache.catalina.startup.HostConfig.deployWAR Deploying web application archive [/home/radu/TAK-Server/src/oidf-server/tomcat/webapps/password-grant-handler.war]
14-May-2025 12:40:22.698 INFO [main] org.apache.jasper.servlet.TldScanner.scanJars At least one JAR was scanned for TLDs yet contained no TLDs. Enable debug logging for this logger for a complete list of JARs that were scanned but no TLDs were found in them. Skipping unneeded JARs during scanning can improve startup time and JSP compilation time.
14-May-2025 12:40:23.037 INFO [main] org.apache.catalina.startup.HostConfig.deployWAR Deployment of web application archive [/home/radu/TAK-Server/src/oidf-server/tomcat/webapps/password-grant-handler.war] has finished in [1,044] ms
14-May-2025 12:40:23.082 INFO [main] org.apache.catalina.startup.HostConfig.deployWAR Deploying web application archive [/home/radu/TAK-Server/src/oidf-server/tomcat/webapps/c2id-login.war]
14-May-2025 12:40:27.376 INFO [main] org.apache.jasper.servlet.TldScanner.scanJars At least one JAR was scanned for TLDs yet contained no TLDs. Enable debug logging for this logger for a complete list of JARs that were scanned but no TLDs were found in them. Skipping unneeded JARs during scanning can improve startup time and JSP compilation time.
14-May-2025 12:40:30.318 INFO [main] org.apache.catalina.startup.HostConfig.deployWAR Deployment of web application archive [/home/radu/TAK-Server/src/oidf-server/tomcat/webapps/c2id-login.war] has finished in [7,237] ms
14-May-2025 12:40:30.362 INFO [main] org.apache.catalina.startup.HostConfig.deployWAR Deploying web application archive [/home/radu/TAK-Server/src/oidf-server/tomcat/webapps/oidc-client.war]
14-May-2025 12:40:30.594 INFO [main] org.apache.catalina.startup.VersionLoggerListener.log Server version name:   Apache Tomcat/10.1.39
14-May-2025 12:40:30.601 INFO [main] org.apache.catalina.startup.VersionLoggerListener.log Server built:          Mar 4 2025 19:02:32 UTC
14-May-2025 12:40:30.603 INFO [main] org.apache.catalina.startup.VersionLoggerListener.log Server version number: 10.1.39.0
14-May-2025 12:40:30.604 INFO [main] org.apache.catalina.startup.VersionLoggerListener.log OS Name:               Linux
14-May-2025 12:40:30.604 INFO [main] org.apache.catalina.startup.VersionLoggerListener.log OS Version:            6.8.0-59-generic
14-May-2025 12:40:30.604 INFO [main] org.apache.catalina.startup.VersionLoggerListener.log Architecture:          amd64
14-May-2025 12:40:30.604 INFO [main] org.apache.catalina.startup.VersionLoggerListener.log Java Home:             /usr/lib/jvm/java-17-openjdk-amd64
14-May-2025 12:40:30.604 INFO [main] org.apache.catalina.startup.VersionLoggerListener.log JVM Version:           17.0.15+6-Ubuntu-0ubuntu122.04
14-May-2025 12:40:30.604 INFO [main] org.apache.catalina.startup.VersionLoggerListener.log JVM Vendor:            Ubuntu
14-May-2025 12:40:30.604 INFO [main] org.apache.catalina.startup.VersionLoggerListener.log CATALINA_BASE:         /home/radu/TAK-Server/src/oidf-server/tomcat
14-May-2025 12:40:30.604 INFO [main] org.apache.catalina.startup.VersionLoggerListener.log CATALINA_HOME:         /home/radu/TAK-Server/src/oidf-server/tomcat
14-May-2025 12:40:30.608 INFO [main] org.apache.catalina.core.AprLifecycleListener.lifecycleEvent The Apache Tomcat Native library which allows using OpenSSL was not found on the java.library.path: [/home/radu/opt/lib::/usr/java/packages/lib:/usr/lib/x86_64-linux-gnu/jni:/lib/x86_64-linux-gnu:/usr/lib/x86_64-linux-gnu:/usr/lib/jni:/lib:/usr/lib]
14-May-2025 12:40:30.994 INFO [main] org.apache.coyote.AbstractProtocol.init Initializing ProtocolHandler ["http-nio-8080"]
14-May-2025 12:40:31.014 SEVERE [main] org.apache.catalina.util.LifecycleBase.handleSubClassException Failed to initialize component [Connector["http-nio-8080"]]
	org.apache.catalina.LifecycleException: Protocol handler initialization failed
		at org.apache.catalina.connector.Connector.initInternal(Connector.java:1051)
		at org.apache.catalina.util.LifecycleBase.init(LifecycleBase.java:122)
		at org.apache.catalina.core.StandardService.initInternal(StandardService.java:525)
		at org.apache.catalina.util.LifecycleBase.init(LifecycleBase.java:122)
		at org.apache.catalina.core.StandardServer.initInternal(StandardServer.java:957)
		at org.apache.catalina.util.LifecycleBase.init(LifecycleBase.java:122)
		at org.apache.catalina.startup.Catalina.load(Catalina.java:712)
		at org.apache.catalina.startup.Catalina.load(Catalina.java:735)
		at java.base/jdk.internal.reflect.NativeMethodAccessorImpl.invoke0(Native Method)
		at java.base/jdk.internal.reflect.NativeMethodAccessorImpl.invoke(NativeMethodAccessorImpl.java:77)
		at java.base/jdk.internal.reflect.DelegatingMethodAccessorImpl.invoke(DelegatingMethodAccessorImpl.java:43)
		at java.base/java.lang.reflect.Method.invoke(Method.java:569)
		at org.apache.catalina.startup.Bootstrap.load(Bootstrap.java:302)
		at org.apache.catalina.startup.Bootstrap.main(Bootstrap.java:472)
	Caused by: java.net.BindException: Address already in use
		at java.base/sun.nio.ch.Net.bind0(Native Method)
		at java.base/sun.nio.ch.Net.bind(Net.java:555)
		at java.base/sun.nio.ch.ServerSocketChannelImpl.netBind(ServerSocketChannelImpl.java:337)
		at java.base/sun.nio.ch.ServerSocketChannelImpl.bind(ServerSocketChannelImpl.java:294)
		at org.apache.tomcat.util.net.NioEndpoint.initServerSocket(NioEndpoint.java:239)
		at org.apache.tomcat.util.net.NioEndpoint.bind(NioEndpoint.java:194)
		at org.apache.tomcat.util.net.AbstractEndpoint.bindWithCleanup(AbstractEndpoint.java:1304)
		at org.apache.tomcat.util.net.AbstractEndpoint.init(AbstractEndpoint.java:1317)
		at org.apache.coyote.AbstractProtocol.init(AbstractProtocol.java:633)
		at org.apache.coyote.http11.AbstractHttp11Protocol.init(AbstractHttp11Protocol.java:82)
		at org.apache.catalina.connector.Connector.initInternal(Connector.java:1049)
		... 13 more
14-May-2025 12:40:31.016 INFO [main] org.apache.catalina.startup.Catalina.load Server initialization in [692] milliseconds
14-May-2025 12:40:31.077 INFO [main] org.apache.catalina.core.StandardService.startInternal Starting service [Catalina]
14-May-2025 12:40:31.079 INFO [main] org.apache.catalina.core.StandardEngine.startInternal Starting Servlet engine: [Apache Tomcat/10.1.39]
14-May-2025 12:40:31.097 INFO [main] org.apache.catalina.startup.HostConfig.deployWAR Deploying web application archive [/home/radu/TAK-Server/src/oidf-server/tomcat/webapps/ldapauth.war]
14-May-2025 12:40:31.616 INFO [main] org.apache.jasper.servlet.TldScanner.scanJars At least one JAR was scanned for TLDs yet contained no TLDs. Enable debug logging for this logger for a complete list of JARs that were scanned but no TLDs were found in them. Skipping unneeded JARs during scanning can improve startup time and JSP compilation time.
14-May-2025 12:40:32.667 INFO [main] org.apache.catalina.startup.HostConfig.deployWAR Deployment of web application archive [/home/radu/TAK-Server/src/oidf-server/tomcat/webapps/ldapauth.war] has finished in [1,569] ms
14-May-2025 12:40:32.668 INFO [main] org.apache.catalina.startup.HostConfig.deployWAR Deploying web application archive [/home/radu/TAK-Server/src/oidf-server/tomcat/webapps/password-grant-handler.war]
14-May-2025 12:40:32.935 INFO [main] org.apache.jasper.servlet.TldScanner.scanJars At least one JAR was scanned for TLDs yet contained no TLDs. Enable debug logging for this logger for a complete list of JARs that were scanned but no TLDs were found in them. Skipping unneeded JARs during scanning can improve startup time and JSP compilation time.
14-May-2025 12:40:33.240 INFO [main] org.apache.catalina.startup.HostConfig.deployWAR Deployment of web application archive [/home/radu/TAK-Server/src/oidf-server/tomcat/webapps/password-grant-handler.war] has finished in [572] ms
14-May-2025 12:40:33.241 INFO [main] org.apache.catalina.startup.HostConfig.deployWAR Deploying web application archive [/home/radu/TAK-Server/src/oidf-server/tomcat/webapps/c2id-login.war]
14-May-2025 12:40:33.289 INFO [main] org.apache.catalina.startup.HostConfig.deployWAR Deployment of web application archive [/home/radu/TAK-Server/src/oidf-server/tomcat/webapps/oidc-client.war] has finished in [2,927] ms
14-May-2025 12:40:33.311 INFO [main] org.apache.catalina.startup.HostConfig.deployWAR Deploying web application archive [/home/radu/TAK-Server/src/oidf-server/tomcat/webapps/c2id-logout.war]
14-May-2025 12:40:33.660 INFO [main] org.apache.jasper.servlet.TldScanner.scanJars At least one JAR was scanned for TLDs yet contained no TLDs. Enable debug logging for this logger for a complete list of JARs that were scanned but no TLDs were found in them. Skipping unneeded JARs during scanning can improve startup time and JSP compilation time.
14-May-2025 12:40:33.670 INFO [main] org.apache.catalina.startup.HostConfig.deployWAR Deployment of web application archive [/home/radu/TAK-Server/src/oidf-server/tomcat/webapps/c2id-logout.war] has finished in [359] ms
14-May-2025 12:40:33.737 INFO [main] org.apache.catalina.startup.HostConfig.deployWAR Deploying web application archive [/home/radu/TAK-Server/src/oidf-server/tomcat/webapps/c2id.war]
14-May-2025 12:40:34.236 INFO [main] org.apache.jasper.servlet.TldScanner.scanJars At least one JAR was scanned for TLDs yet contained no TLDs. Enable debug logging for this logger for a complete list of JARs that were scanned but no TLDs were found in them. Skipping unneeded JARs during scanning can improve startup time and JSP compilation time.
14-May-2025 12:40:36.398 INFO [main] org.apache.catalina.startup.HostConfig.deployWAR Deployment of web application archive [/home/radu/TAK-Server/src/oidf-server/tomcat/webapps/c2id-login.war] has finished in [3,157] ms
14-May-2025 12:40:36.399 INFO [main] org.apache.catalina.startup.HostConfig.deployWAR Deploying web application archive [/home/radu/TAK-Server/src/oidf-server/tomcat/webapps/oidc-client.war]
14-May-2025 12:40:37.200 INFO [main] org.apache.catalina.startup.HostConfig.deployWAR Deployment of web application archive [/home/radu/TAK-Server/src/oidf-server/tomcat/webapps/oidc-client.war] has finished in [800] ms
14-May-2025 12:40:37.200 INFO [main] org.apache.catalina.startup.HostConfig.deployWAR Deploying web application archive [/home/radu/TAK-Server/src/oidf-server/tomcat/webapps/c2id-logout.war]
14-May-2025 12:40:37.341 INFO [main] org.apache.jasper.servlet.TldScanner.scanJars At least one JAR was scanned for TLDs yet contained no TLDs. Enable debug logging for this logger for a complete list of JARs that were scanned but no TLDs were found in them. Skipping unneeded JARs during scanning can improve startup time and JSP compilation time.
14-May-2025 12:40:37.349 INFO [main] org.apache.catalina.startup.HostConfig.deployWAR Deployment of web application archive [/home/radu/TAK-Server/src/oidf-server/tomcat/webapps/c2id-logout.war] has finished in [149] ms
14-May-2025 12:40:37.350 INFO [main] org.apache.catalina.startup.HostConfig.deployWAR Deploying web application archive [/home/radu/TAK-Server/src/oidf-server/tomcat/webapps/c2id.war]
14-May-2025 12:40:54.949 INFO [main] org.apache.catalina.startup.VersionLoggerListener.log Server version name:   Apache Tomcat/10.1.39
14-May-2025 12:40:54.955 INFO [main] org.apache.catalina.startup.VersionLoggerListener.log Server built:          Mar 4 2025 19:02:32 UTC
14-May-2025 12:40:54.957 INFO [main] org.apache.catalina.startup.VersionLoggerListener.log Server version number: 10.1.39.0
14-May-2025 12:40:54.957 INFO [main] org.apache.catalina.startup.VersionLoggerListener.log OS Name:               Linux
14-May-2025 12:40:54.957 INFO [main] org.apache.catalina.startup.VersionLoggerListener.log OS Version:            6.8.0-59-generic
14-May-2025 12:40:54.957 INFO [main] org.apache.catalina.startup.VersionLoggerListener.log Architecture:          amd64
14-May-2025 12:40:54.958 INFO [main] org.apache.catalina.startup.VersionLoggerListener.log Java Home:             /usr/lib/jvm/java-17-openjdk-amd64
14-May-2025 12:40:54.958 INFO [main] org.apache.catalina.startup.VersionLoggerListener.log JVM Version:           17.0.15+6-Ubuntu-0ubuntu122.04
14-May-2025 12:40:54.958 INFO [main] org.apache.catalina.startup.VersionLoggerListener.log JVM Vendor:            Ubuntu
14-May-2025 12:40:54.959 INFO [main] org.apache.catalina.startup.VersionLoggerListener.log CATALINA_BASE:         /home/radu/TAK-Server/src/oidf-server/tomcat
14-May-2025 12:40:54.959 INFO [main] org.apache.catalina.startup.VersionLoggerListener.log CATALINA_HOME:         /home/radu/TAK-Server/src/oidf-server/tomcat
14-May-2025 12:40:54.962 INFO [main] org.apache.catalina.core.AprLifecycleListener.lifecycleEvent The Apache Tomcat Native library which allows using OpenSSL was not found on the java.library.path: [/home/radu/opt/lib::/usr/java/packages/lib:/usr/lib/x86_64-linux-gnu/jni:/lib/x86_64-linux-gnu:/usr/lib/x86_64-linux-gnu:/usr/lib/jni:/lib:/usr/lib]
14-May-2025 12:40:55.577 INFO [main] org.apache.coyote.AbstractProtocol.init Initializing ProtocolHandler ["http-nio-8080"]
14-May-2025 12:40:55.592 SEVERE [main] org.apache.catalina.util.LifecycleBase.handleSubClassException Failed to initialize component [Connector["http-nio-8080"]]
	org.apache.catalina.LifecycleException: Protocol handler initialization failed
		at org.apache.catalina.connector.Connector.initInternal(Connector.java:1051)
		at org.apache.catalina.util.LifecycleBase.init(LifecycleBase.java:122)
		at org.apache.catalina.core.StandardService.initInternal(StandardService.java:525)
		at org.apache.catalina.util.LifecycleBase.init(LifecycleBase.java:122)
		at org.apache.catalina.core.StandardServer.initInternal(StandardServer.java:957)
		at org.apache.catalina.util.LifecycleBase.init(LifecycleBase.java:122)
		at org.apache.catalina.startup.Catalina.load(Catalina.java:712)
		at org.apache.catalina.startup.Catalina.load(Catalina.java:735)
		at java.base/jdk.internal.reflect.NativeMethodAccessorImpl.invoke0(Native Method)
		at java.base/jdk.internal.reflect.NativeMethodAccessorImpl.invoke(NativeMethodAccessorImpl.java:77)
		at java.base/jdk.internal.reflect.DelegatingMethodAccessorImpl.invoke(DelegatingMethodAccessorImpl.java:43)
		at java.base/java.lang.reflect.Method.invoke(Method.java:569)
		at org.apache.catalina.startup.Bootstrap.load(Bootstrap.java:302)
		at org.apache.catalina.startup.Bootstrap.main(Bootstrap.java:472)
	Caused by: java.net.BindException: Address already in use
		at java.base/sun.nio.ch.Net.bind0(Native Method)
		at java.base/sun.nio.ch.Net.bind(Net.java:555)
		at java.base/sun.nio.ch.ServerSocketChannelImpl.netBind(ServerSocketChannelImpl.java:337)
		at java.base/sun.nio.ch.ServerSocketChannelImpl.bind(ServerSocketChannelImpl.java:294)
		at org.apache.tomcat.util.net.NioEndpoint.initServerSocket(NioEndpoint.java:239)
		at org.apache.tomcat.util.net.NioEndpoint.bind(NioEndpoint.java:194)
		at org.apache.tomcat.util.net.AbstractEndpoint.bindWithCleanup(AbstractEndpoint.java:1304)
		at org.apache.tomcat.util.net.AbstractEndpoint.init(AbstractEndpoint.java:1317)
		at org.apache.coyote.AbstractProtocol.init(AbstractProtocol.java:633)
		at org.apache.coyote.http11.AbstractHttp11Protocol.init(AbstractHttp11Protocol.java:82)
		at org.apache.catalina.connector.Connector.initInternal(Connector.java:1049)
		... 13 more
14-May-2025 12:40:55.594 INFO [main] org.apache.catalina.startup.Catalina.load Server initialization in [811] milliseconds
14-May-2025 12:40:55.664 INFO [main] org.apache.catalina.core.StandardService.startInternal Starting service [Catalina]
14-May-2025 12:40:55.665 INFO [main] org.apache.catalina.core.StandardEngine.startInternal Starting Servlet engine: [Apache Tomcat/10.1.39]
14-May-2025 12:40:55.687 INFO [main] org.apache.catalina.startup.HostConfig.deployWAR Deploying web application archive [/home/radu/TAK-Server/src/oidf-server/tomcat/webapps/ldapauth.war]
14-May-2025 12:40:56.908 INFO [main] org.apache.jasper.servlet.TldScanner.scanJars At least one JAR was scanned for TLDs yet contained no TLDs. Enable debug logging for this logger for a complete list of JARs that were scanned but no TLDs were found in them. Skipping unneeded JARs during scanning can improve startup time and JSP compilation time.
14-May-2025 12:40:57.785 INFO [main] org.apache.catalina.startup.HostConfig.deployWAR Deployment of web application archive [/home/radu/TAK-Server/src/oidf-server/tomcat/webapps/ldapauth.war] has finished in [2,097] ms
14-May-2025 12:40:57.786 INFO [main] org.apache.catalina.startup.HostConfig.deployWAR Deploying web application archive [/home/radu/TAK-Server/src/oidf-server/tomcat/webapps/password-grant-handler.war]
14-May-2025 12:40:57.980 INFO [main] org.apache.jasper.servlet.TldScanner.scanJars At least one JAR was scanned for TLDs yet contained no TLDs. Enable debug logging for this logger for a complete list of JARs that were scanned but no TLDs were found in them. Skipping unneeded JARs during scanning can improve startup time and JSP compilation time.
14-May-2025 12:40:58.247 INFO [main] org.apache.catalina.startup.HostConfig.deployWAR Deployment of web application archive [/home/radu/TAK-Server/src/oidf-server/tomcat/webapps/password-grant-handler.war] has finished in [461] ms
14-May-2025 12:40:58.248 INFO [main] org.apache.catalina.startup.HostConfig.deployWAR Deploying web application archive [/home/radu/TAK-Server/src/oidf-server/tomcat/webapps/c2id-login.war]
14-May-2025 12:40:59.190 INFO [main] org.apache.jasper.servlet.TldScanner.scanJars At least one JAR was scanned for TLDs yet contained no TLDs. Enable debug logging for this logger for a complete list of JARs that were scanned but no TLDs were found in them. Skipping unneeded JARs during scanning can improve startup time and JSP compilation time.
14-May-2025 12:41:02.071 INFO [main] org.apache.catalina.startup.HostConfig.deployWAR Deployment of web application archive [/home/radu/TAK-Server/src/oidf-server/tomcat/webapps/c2id-login.war] has finished in [3,823] ms
14-May-2025 12:41:02.072 INFO [main] org.apache.catalina.startup.HostConfig.deployWAR Deploying web application archive [/home/radu/TAK-Server/src/oidf-server/tomcat/webapps/oidc-client.war]
14-May-2025 12:41:02.995 INFO [main] org.apache.catalina.startup.HostConfig.deployWAR Deployment of web application archive [/home/radu/TAK-Server/src/oidf-server/tomcat/webapps/oidc-client.war] has finished in [922] ms
14-May-2025 12:41:02.995 INFO [main] org.apache.catalina.startup.HostConfig.deployWAR Deploying web application archive [/home/radu/TAK-Server/src/oidf-server/tomcat/webapps/c2id-logout.war]
14-May-2025 12:41:03.152 INFO [main] org.apache.jasper.servlet.TldScanner.scanJars At least one JAR was scanned for TLDs yet contained no TLDs. Enable debug logging for this logger for a complete list of JARs that were scanned but no TLDs were found in them. Skipping unneeded JARs during scanning can improve startup time and JSP compilation time.
14-May-2025 12:41:03.163 INFO [main] org.apache.catalina.startup.HostConfig.deployWAR Deployment of web application archive [/home/radu/TAK-Server/src/oidf-server/tomcat/webapps/c2id-logout.war] has finished in [167] ms
14-May-2025 12:41:03.163 INFO [main] org.apache.catalina.startup.HostConfig.deployWAR Deploying web application archive [/home/radu/TAK-Server/src/oidf-server/tomcat/webapps/c2id.war]
14-May-2025 12:41:18.396 INFO [main] org.apache.jasper.servlet.TldScanner.scanJars At least one JAR was scanned for TLDs yet contained no TLDs. Enable debug logging for this logger for a complete list of JARs that were scanned but no TLDs were found in them. Skipping unneeded JARs during scanning can improve startup time and JSP compilation time.
14-May-2025 12:41:18.738 INFO [main] org.apache.jasper.servlet.TldScanner.scanJars At least one JAR was scanned for TLDs yet contained no TLDs. Enable debug logging for this logger for a complete list of JARs that were scanned but no TLDs were found in them. Skipping unneeded JARs during scanning can improve startup time and JSP compilation time.
14-May-2025 12:41:19.909 INFO [main] org.apache.jasper.servlet.TldScanner.scanJars At least one JAR was scanned for TLDs yet contained no TLDs. Enable debug logging for this logger for a complete list of JARs that were scanned but no TLDs were found in them. Skipping unneeded JARs during scanning can improve startup time and JSP compilation time.
14-May-2025 12:41:29.969 SEVERE [main] org.apache.catalina.core.StandardContext.startInternal One or more listeners failed to start. Full details will be found in the appropriate container log file
14-May-2025 12:41:29.970 SEVERE [main] org.apache.catalina.core.StandardContext.startInternal Context [/c2id] startup failed due to previous errors
14-May-2025 12:41:29.971 SEVERE [main] org.apache.catalina.core.StandardContext.startInternal One or more listeners failed to start. Full details will be found in the appropriate container log file
14-May-2025 12:41:29.972 SEVERE [main] org.apache.catalina.core.StandardContext.startInternal Context [/c2id] startup failed due to previous errors
14-May-2025 12:41:30.038 WARNING [main] org.apache.catalina.loader.WebappClassLoaderBase.clearReferencesThreads The web application [c2id] appears to have started a thread named [RxCachedWorkerPoolEvictor-1] but has failed to stop it. This is very likely to create a memory leak. Stack trace of thread:
 java.base@17.0.15/jdk.internal.misc.Unsafe.park(Native Method)
 java.base@17.0.15/java.util.concurrent.locks.LockSupport.parkNanos(LockSupport.java:252)
 java.base@17.0.15/java.util.concurrent.locks.AbstractQueuedSynchronizer$ConditionObject.awaitNanos(AbstractQueuedSynchronizer.java:1679)
 java.base@17.0.15/java.util.concurrent.ScheduledThreadPoolExecutor$DelayedWorkQueue.take(ScheduledThreadPoolExecutor.java:1182)
 java.base@17.0.15/java.util.concurrent.ScheduledThreadPoolExecutor$DelayedWorkQueue.take(ScheduledThreadPoolExecutor.java:899)
 java.base@17.0.15/java.util.concurrent.ThreadPoolExecutor.getTask(ThreadPoolExecutor.java:1062)
 java.base@17.0.15/java.util.concurrent.ThreadPoolExecutor.runWorker(ThreadPoolExecutor.java:1122)
 java.base@17.0.15/java.util.concurrent.ThreadPoolExecutor$Worker.run(ThreadPoolExecutor.java:635)
 java.base@17.0.15/java.lang.Thread.run(Thread.java:840)
14-May-2025 12:41:30.056 WARNING [main] org.apache.catalina.loader.WebappClassLoaderBase.clearReferencesThreads The web application [c2id] appears to have started a thread named [RxCachedWorkerPoolEvictor-1] but has failed to stop it. This is very likely to create a memory leak. Stack trace of thread:
 java.base@17.0.15/jdk.internal.misc.Unsafe.park(Native Method)
 java.base@17.0.15/java.util.concurrent.locks.LockSupport.parkNanos(LockSupport.java:252)
 java.base@17.0.15/java.util.concurrent.locks.AbstractQueuedSynchronizer$ConditionObject.awaitNanos(AbstractQueuedSynchronizer.java:1679)
 java.base@17.0.15/java.util.concurrent.ScheduledThreadPoolExecutor$DelayedWorkQueue.take(ScheduledThreadPoolExecutor.java:1182)
 java.base@17.0.15/java.util.concurrent.ScheduledThreadPoolExecutor$DelayedWorkQueue.take(ScheduledThreadPoolExecutor.java:899)
 java.base@17.0.15/java.util.concurrent.ThreadPoolExecutor.getTask(ThreadPoolExecutor.java:1062)
 java.base@17.0.15/java.util.concurrent.ThreadPoolExecutor.runWorker(ThreadPoolExecutor.java:1122)
 java.base@17.0.15/java.util.concurrent.ThreadPoolExecutor$Worker.run(ThreadPoolExecutor.java:635)
 java.base@17.0.15/java.lang.Thread.run(Thread.java:840)
14-May-2025 12:41:30.446 INFO [main] org.apache.catalina.startup.HostConfig.deployWAR Deployment of web application archive [/home/radu/TAK-Server/src/oidf-server/tomcat/webapps/c2id.war] has finished in [56,708] ms
14-May-2025 12:41:30.448 INFO [main] org.apache.catalina.startup.HostConfig.deployDirectory Deploying web application directory [/home/radu/TAK-Server/src/oidf-server/tomcat/webapps/manager]
14-May-2025 12:41:30.444 INFO [main] org.apache.catalina.startup.HostConfig.deployWAR Deployment of web application archive [/home/radu/TAK-Server/src/oidf-server/tomcat/webapps/c2id.war] has finished in [53,093] ms
14-May-2025 12:41:30.444 INFO [main] org.apache.catalina.startup.HostConfig.deployDirectory Deploying web application directory [/home/radu/TAK-Server/src/oidf-server/tomcat/webapps/manager]
14-May-2025 12:41:30.648 INFO [main] org.apache.catalina.startup.HostConfig.deployDirectory Deployment of web application directory [/home/radu/TAK-Server/src/oidf-server/tomcat/webapps/manager] has finished in [204] ms
14-May-2025 12:41:30.649 INFO [main] org.apache.catalina.startup.HostConfig.deployDirectory Deploying web application directory [/home/radu/TAK-Server/src/oidf-server/tomcat/webapps/ROOT]
14-May-2025 12:41:30.669 INFO [main] org.apache.catalina.startup.HostConfig.deployDirectory Deployment of web application directory [/home/radu/TAK-Server/src/oidf-server/tomcat/webapps/manager] has finished in [222] ms
14-May-2025 12:41:30.670 INFO [main] org.apache.catalina.startup.HostConfig.deployDirectory Deploying web application directory [/home/radu/TAK-Server/src/oidf-server/tomcat/webapps/ROOT]
14-May-2025 12:41:30.780 INFO [main] org.apache.catalina.startup.HostConfig.deployDirectory Deployment of web application directory [/home/radu/TAK-Server/src/oidf-server/tomcat/webapps/ROOT] has finished in [110] ms
14-May-2025 12:41:30.780 INFO [main] org.apache.catalina.startup.HostConfig.deployDirectory Deploying web application directory [/home/radu/TAK-Server/src/oidf-server/tomcat/webapps/host-manager]
14-May-2025 12:41:30.789 INFO [main] org.apache.catalina.startup.HostConfig.deployDirectory Deployment of web application directory [/home/radu/TAK-Server/src/oidf-server/tomcat/webapps/ROOT] has finished in [140] ms
14-May-2025 12:41:30.790 INFO [main] org.apache.catalina.startup.HostConfig.deployDirectory Deploying web application directory [/home/radu/TAK-Server/src/oidf-server/tomcat/webapps/host-manager]
14-May-2025 12:41:30.924 INFO [main] org.apache.catalina.startup.HostConfig.deployDirectory Deployment of web application directory [/home/radu/TAK-Server/src/oidf-server/tomcat/webapps/host-manager] has finished in [134] ms
14-May-2025 12:41:30.933 INFO [main] org.apache.catalina.startup.Catalina.start Server startup in [59917] milliseconds
14-May-2025 12:41:30.937 INFO [main] org.apache.catalina.startup.HostConfig.deployDirectory Deployment of web application directory [/home/radu/TAK-Server/src/oidf-server/tomcat/webapps/host-manager] has finished in [155] ms
14-May-2025 12:41:30.943 INFO [main] org.apache.coyote.AbstractProtocol.start Starting ProtocolHandler ["http-nio-8080"]
14-May-2025 12:41:31.093 INFO [main] org.apache.catalina.startup.Catalina.start Server startup in [72208] milliseconds
14-May-2025 12:41:31.094 SEVERE [main] org.apache.catalina.core.StandardServer.await Failed to create server shutdown socket on address [localhost] and port [8005] (base port [8005] and offset [0])
	java.net.BindException: Address already in use
		at java.base/sun.nio.ch.Net.bind0(Native Method)
		at java.base/sun.nio.ch.Net.bind(Net.java:555)
		at java.base/sun.nio.ch.Net.bind(Net.java:544)
		at java.base/sun.nio.ch.NioSocketImpl.bind(NioSocketImpl.java:648)
		at java.base/java.net.ServerSocket.bind(ServerSocket.java:388)
		at java.base/java.net.ServerSocket.<init>(ServerSocket.java:274)
		at org.apache.catalina.core.StandardServer.await(StandardServer.java:533)
		at org.apache.catalina.startup.Catalina.await(Catalina.java:851)
		at org.apache.catalina.startup.Catalina.start(Catalina.java:799)
		at java.base/jdk.internal.reflect.NativeMethodAccessorImpl.invoke0(Native Method)
		at java.base/jdk.internal.reflect.NativeMethodAccessorImpl.invoke(NativeMethodAccessorImpl.java:77)
		at java.base/jdk.internal.reflect.DelegatingMethodAccessorImpl.invoke(DelegatingMethodAccessorImpl.java:43)
		at java.base/java.lang.reflect.Method.invoke(Method.java:569)
		at org.apache.catalina.startup.Bootstrap.start(Bootstrap.java:345)
		at org.apache.catalina.startup.Bootstrap.main(Bootstrap.java:473)
14-May-2025 12:41:31.095 INFO [main] org.apache.coyote.AbstractProtocol.pause Pausing ProtocolHandler ["http-nio-8080"]
14-May-2025 12:41:31.131 INFO [main] org.apache.catalina.core.StandardService.stopInternal Stopping service [Catalina]
14-May-2025 12:41:31.189 INFO [main] org.apache.coyote.AbstractProtocol.stop Stopping ProtocolHandler ["http-nio-8080"]
14-May-2025 12:41:31.196 INFO [main] org.apache.coyote.AbstractProtocol.destroy Destroying ProtocolHandler ["http-nio-8080"]
14-May-2025 12:41:35.850 INFO [main] org.apache.catalina.startup.VersionLoggerListener.log Server version name:   Apache Tomcat/10.1.39
14-May-2025 12:41:35.854 INFO [main] org.apache.catalina.startup.VersionLoggerListener.log Server built:          Mar 4 2025 19:02:32 UTC
14-May-2025 12:41:35.854 INFO [main] org.apache.catalina.startup.VersionLoggerListener.log Server version number: 10.1.39.0
14-May-2025 12:41:35.855 INFO [main] org.apache.catalina.startup.VersionLoggerListener.log OS Name:               Linux
14-May-2025 12:41:35.855 INFO [main] org.apache.catalina.startup.VersionLoggerListener.log OS Version:            6.8.0-59-generic
14-May-2025 12:41:35.855 INFO [main] org.apache.catalina.startup.VersionLoggerListener.log Architecture:          amd64
14-May-2025 12:41:35.855 INFO [main] org.apache.catalina.startup.VersionLoggerListener.log Java Home:             /usr/lib/jvm/java-17-openjdk-amd64
14-May-2025 12:41:35.855 INFO [main] org.apache.catalina.startup.VersionLoggerListener.log JVM Version:           17.0.15+6-Ubuntu-0ubuntu122.04
14-May-2025 12:41:35.855 INFO [main] org.apache.catalina.startup.VersionLoggerListener.log JVM Vendor:            Ubuntu
14-May-2025 12:41:35.855 INFO [main] org.apache.catalina.startup.VersionLoggerListener.log CATALINA_BASE:         /home/radu/TAK-Server/src/oidf-server/tomcat
14-May-2025 12:41:35.855 INFO [main] org.apache.catalina.startup.VersionLoggerListener.log CATALINA_HOME:         /home/radu/TAK-Server/src/oidf-server/tomcat
14-May-2025 12:41:35.857 INFO [main] org.apache.catalina.core.AprLifecycleListener.lifecycleEvent The Apache Tomcat Native library which allows using OpenSSL was not found on the java.library.path: [/home/radu/opt/lib::/usr/java/packages/lib:/usr/lib/x86_64-linux-gnu/jni:/lib/x86_64-linux-gnu:/usr/lib/x86_64-linux-gnu:/usr/lib/jni:/lib:/usr/lib]
14-May-2025 12:41:36.154 INFO [main] org.apache.coyote.AbstractProtocol.init Initializing ProtocolHandler ["http-nio-8080"]
14-May-2025 12:41:36.181 INFO [main] org.apache.catalina.startup.Catalina.load Server initialization in [497] milliseconds
14-May-2025 12:41:36.229 INFO [main] org.apache.catalina.core.StandardService.startInternal Starting service [Catalina]
14-May-2025 12:41:36.229 INFO [main] org.apache.catalina.core.StandardEngine.startInternal Starting Servlet engine: [Apache Tomcat/10.1.39]
14-May-2025 12:41:36.244 INFO [main] org.apache.catalina.startup.HostConfig.deployWAR Deploying web application archive [/home/radu/TAK-Server/src/oidf-server/tomcat/webapps/ldapauth.war]
14-May-2025 12:41:36.602 INFO [main] org.apache.jasper.servlet.TldScanner.scanJars At least one JAR was scanned for TLDs yet contained no TLDs. Enable debug logging for this logger for a complete list of JARs that were scanned but no TLDs were found in them. Skipping unneeded JARs during scanning can improve startup time and JSP compilation time.
14-May-2025 12:41:37.276 INFO [main] org.apache.catalina.startup.HostConfig.deployWAR Deployment of web application archive [/home/radu/TAK-Server/src/oidf-server/tomcat/webapps/ldapauth.war] has finished in [1,031] ms
14-May-2025 12:41:37.277 INFO [main] org.apache.catalina.startup.HostConfig.deployWAR Deploying web application archive [/home/radu/TAK-Server/src/oidf-server/tomcat/webapps/password-grant-handler.war]
14-May-2025 12:41:37.486 INFO [main] org.apache.jasper.servlet.TldScanner.scanJars At least one JAR was scanned for TLDs yet contained no TLDs. Enable debug logging for this logger for a complete list of JARs that were scanned but no TLDs were found in them. Skipping unneeded JARs during scanning can improve startup time and JSP compilation time.
14-May-2025 12:41:37.737 INFO [main] org.apache.catalina.startup.HostConfig.deployWAR Deployment of web application archive [/home/radu/TAK-Server/src/oidf-server/tomcat/webapps/password-grant-handler.war] has finished in [459] ms
14-May-2025 12:41:37.737 INFO [main] org.apache.catalina.startup.HostConfig.deployWAR Deploying web application archive [/home/radu/TAK-Server/src/oidf-server/tomcat/webapps/c2id-login.war]
14-May-2025 12:41:38.759 INFO [main] org.apache.jasper.servlet.TldScanner.scanJars At least one JAR was scanned for TLDs yet contained no TLDs. Enable debug logging for this logger for a complete list of JARs that were scanned but no TLDs were found in them. Skipping unneeded JARs during scanning can improve startup time and JSP compilation time.
14-May-2025 12:41:42.322 INFO [main] org.apache.catalina.startup.HostConfig.deployWAR Deployment of web application archive [/home/radu/TAK-Server/src/oidf-server/tomcat/webapps/c2id-login.war] has finished in [4,584] ms
14-May-2025 12:41:42.322 INFO [main] org.apache.catalina.startup.HostConfig.deployWAR Deploying web application archive [/home/radu/TAK-Server/src/oidf-server/tomcat/webapps/oidc-client.war]
14-May-2025 12:41:43.148 WARNING [main] org.glassfish.jersey.message.internal.MessagingBinders$EnabledProvidersBinder.bindToBinder A class jakarta.activation.DataSource for a default provider MessageBodyWriter<jakarta.activation.DataSource> was not found. The provider is not available.
14-May-2025 12:41:43.383 WARNING [main] org.glassfish.jersey.server.wadl.WadlFeature.configure JAX-B API not found . WADL feature is disabled.
14-May-2025 12:41:43.521 WARNING [main] org.glassfish.jersey.internal.inject.Providers.checkProviderRuntime A provider com.nimbusds.openid.connect.provider.sts.STSEndpoint registered in SERVER runtime does not implement any provider interfaces applicable in the SERVER runtime. Due to constraint configuration problems the provider com.nimbusds.openid.connect.provider.sts.STSEndpoint will be ignored. 
14-May-2025 12:41:43.592 INFO [main] org.apache.catalina.startup.HostConfig.deployWAR Deployment of web application archive [/home/radu/TAK-Server/src/oidf-server/tomcat/webapps/oidc-client.war] has finished in [1,269] ms
14-May-2025 12:41:43.592 INFO [main] org.apache.catalina.startup.HostConfig.deployWAR Deploying web application archive [/home/radu/TAK-Server/src/oidf-server/tomcat/webapps/c2id-logout.war]
14-May-2025 12:41:43.734 WARNING [main] org.glassfish.jersey.server.wadl.WadlFeature.configure JAX-B API not found . WADL feature is disabled.
14-May-2025 12:41:43.746 WARNING [main] org.glassfish.jersey.internal.inject.Providers.checkProviderRuntime A provider com.nimbusds.authzstore.rest.WebAPI registered in SERVER runtime does not implement any provider interfaces applicable in the SERVER runtime. Due to constraint configuration problems the provider com.nimbusds.authzstore.rest.WebAPI will be ignored. 
14-May-2025 12:41:43.799 INFO [main] org.apache.jasper.servlet.TldScanner.scanJars At least one JAR was scanned for TLDs yet contained no TLDs. Enable debug logging for this logger for a complete list of JARs that were scanned but no TLDs were found in them. Skipping unneeded JARs during scanning can improve startup time and JSP compilation time.
14-May-2025 12:41:43.813 INFO [main] org.apache.catalina.startup.HostConfig.deployWAR Deployment of web application archive [/home/radu/TAK-Server/src/oidf-server/tomcat/webapps/c2id-logout.war] has finished in [221] ms
14-May-2025 12:41:43.814 INFO [main] org.apache.catalina.startup.HostConfig.deployWAR Deploying web application archive [/home/radu/TAK-Server/src/oidf-server/tomcat/webapps/c2id.war]
14-May-2025 12:41:44.163 WARNING [main] org.glassfish.jersey.server.wadl.WadlFeature.configure JAX-B API not found . WADL feature is disabled.
14-May-2025 12:41:44.170 WARNING [main] org.glassfish.jersey.internal.inject.Providers.checkProviderRuntime A provider com.nimbusds.openid.connect.provider.ciba.sessions.CIBASessionsEndpoint registered in SERVER runtime does not implement any provider interfaces applicable in the SERVER runtime. Due to constraint configuration problems the provider com.nimbusds.openid.connect.provider.ciba.sessions.CIBASessionsEndpoint will be ignored. 
14-May-2025 12:41:44.253 WARNING [main] org.glassfish.jersey.server.wadl.WadlFeature.configure JAX-B API not found . WADL feature is disabled.
14-May-2025 12:41:44.259 WARNING [main] org.glassfish.jersey.internal.inject.Providers.checkProviderRuntime A provider com.nimbusds.openid.connect.provider.checksession.CheckSessionBackendEndpoint registered in SERVER runtime does not implement any provider interfaces applicable in the SERVER runtime. Due to constraint configuration problems the provider com.nimbusds.openid.connect.provider.checksession.CheckSessionBackendEndpoint will be ignored. 
14-May-2025 12:41:44.293 WARNING [main] org.glassfish.jersey.server.wadl.WadlFeature.configure JAX-B API not found . WADL feature is disabled.
14-May-2025 12:41:44.395 WARNING [main] org.glassfish.jersey.server.wadl.WadlFeature.configure JAX-B API not found . WADL feature is disabled.
14-May-2025 12:41:44.403 WARNING [main] org.glassfish.jersey.internal.inject.Providers.checkProviderRuntime A provider com.nimbusds.sessionstore.rest.WebAPI registered in SERVER runtime does not implement any provider interfaces applicable in the SERVER runtime. Due to constraint configuration problems the provider com.nimbusds.sessionstore.rest.WebAPI will be ignored. 
14-May-2025 12:41:44.482 WARNING [main] org.glassfish.jersey.server.wadl.WadlFeature.configure JAX-B API not found . WADL feature is disabled.
14-May-2025 12:41:44.492 WARNING [main] org.glassfish.jersey.internal.inject.Providers.checkProviderRuntime A provider com.nimbusds.openid.connect.provider.authz.AuthorizationSessionEndpoint registered in SERVER runtime does not implement any provider interfaces applicable in the SERVER runtime. Due to constraint configuration problems the provider com.nimbusds.openid.connect.provider.authz.AuthorizationSessionEndpoint will be ignored. 
14-May-2025 12:41:44.579 WARNING [main] org.glassfish.jersey.server.wadl.WadlFeature.configure JAX-B API not found . WADL feature is disabled.
14-May-2025 12:41:44.583 WARNING [main] org.glassfish.jersey.internal.inject.Providers.checkProviderRuntime A provider com.nimbusds.openid.connect.provider.config.ConfigurationEndpoint registered in SERVER runtime does not implement any provider interfaces applicable in the SERVER runtime. Due to constraint configuration problems the provider com.nimbusds.openid.connect.provider.config.ConfigurationEndpoint will be ignored. 
14-May-2025 12:41:44.642 WARNING [main] org.glassfish.jersey.server.wadl.WadlFeature.configure JAX-B API not found . WADL feature is disabled.
14-May-2025 12:41:44.649 WARNING [main] org.glassfish.jersey.internal.inject.Providers.checkProviderRuntime A provider com.nimbusds.openid.connect.provider.authz.DirectAuthorizationEndpoint registered in SERVER runtime does not implement any provider interfaces applicable in the SERVER runtime. Due to constraint configuration problems the provider com.nimbusds.openid.connect.provider.authz.DirectAuthorizationEndpoint will be ignored. 
14-May-2025 12:41:44.718 WARNING [main] org.glassfish.jersey.server.wadl.WadlFeature.configure JAX-B API not found . WADL feature is disabled.
14-May-2025 12:41:44.728 WARNING [main] org.glassfish.jersey.internal.inject.Providers.checkProviderRuntime A provider com.nimbusds.openid.connect.provider.logout.endpoint.LogoutSessionEndpoint registered in SERVER runtime does not implement any provider interfaces applicable in the SERVER runtime. Due to constraint configuration problems the provider com.nimbusds.openid.connect.provider.logout.endpoint.LogoutSessionEndpoint will be ignored. 
14-May-2025 12:41:46.243 INFO [main] org.apache.catalina.startup.HostConfig.deployWAR Deployment of web application archive [/home/radu/TAK-Server/src/oidf-server/tomcat/webapps/c2id.war] has finished in [43,079] ms
14-May-2025 12:41:46.246 INFO [main] org.apache.catalina.startup.HostConfig.deployDirectory Deploying web application directory [/home/radu/TAK-Server/src/oidf-server/tomcat/webapps/manager]
14-May-2025 12:41:46.309 INFO [main] org.apache.catalina.startup.HostConfig.deployDirectory Deployment of web application directory [/home/radu/TAK-Server/src/oidf-server/tomcat/webapps/manager] has finished in [63] ms
14-May-2025 12:41:46.309 INFO [main] org.apache.catalina.startup.HostConfig.deployDirectory Deploying web application directory [/home/radu/TAK-Server/src/oidf-server/tomcat/webapps/ROOT]
14-May-2025 12:41:46.336 INFO [main] org.apache.catalina.startup.HostConfig.deployDirectory Deployment of web application directory [/home/radu/TAK-Server/src/oidf-server/tomcat/webapps/ROOT] has finished in [27] ms
14-May-2025 12:41:46.336 INFO [main] org.apache.catalina.startup.HostConfig.deployDirectory Deploying web application directory [/home/radu/TAK-Server/src/oidf-server/tomcat/webapps/host-manager]
14-May-2025 12:41:46.388 INFO [main] org.apache.catalina.startup.HostConfig.deployDirectory Deployment of web application directory [/home/radu/TAK-Server/src/oidf-server/tomcat/webapps/host-manager] has finished in [52] ms
14-May-2025 12:41:46.399 INFO [main] org.apache.catalina.startup.Catalina.start Server startup in [50805] milliseconds
14-May-2025 12:41:46.402 SEVERE [main] org.apache.catalina.core.StandardServer.await Failed to create server shutdown socket on address [localhost] and port [8005] (base port [8005] and offset [0])
	java.net.BindException: Address already in use
		at java.base/sun.nio.ch.Net.bind0(Native Method)
		at java.base/sun.nio.ch.Net.bind(Net.java:555)
		at java.base/sun.nio.ch.Net.bind(Net.java:544)
		at java.base/sun.nio.ch.NioSocketImpl.bind(NioSocketImpl.java:648)
		at java.base/java.net.ServerSocket.bind(ServerSocket.java:388)
		at java.base/java.net.ServerSocket.<init>(ServerSocket.java:274)
		at org.apache.catalina.core.StandardServer.await(StandardServer.java:533)
		at org.apache.catalina.startup.Catalina.await(Catalina.java:851)
		at org.apache.catalina.startup.Catalina.start(Catalina.java:799)
		at java.base/jdk.internal.reflect.NativeMethodAccessorImpl.invoke0(Native Method)
		at java.base/jdk.internal.reflect.NativeMethodAccessorImpl.invoke(NativeMethodAccessorImpl.java:77)
		at java.base/jdk.internal.reflect.DelegatingMethodAccessorImpl.invoke(DelegatingMethodAccessorImpl.java:43)
		at java.base/java.lang.reflect.Method.invoke(Method.java:569)
		at org.apache.catalina.startup.Bootstrap.start(Bootstrap.java:345)
		at org.apache.catalina.startup.Bootstrap.main(Bootstrap.java:473)
14-May-2025 12:41:46.402 INFO [main] org.apache.coyote.AbstractProtocol.pause Pausing ProtocolHandler ["http-nio-8080"]
14-May-2025 12:41:46.402 INFO [main] org.apache.catalina.core.StandardService.stopInternal Stopping service [Catalina]
14-May-2025 12:41:47.896 WARNING [main] org.apache.catalina.loader.WebappClassLoaderBase.clearReferencesThreads The web application [c2id] appears to have started a thread named [RxCachedWorkerPoolEvictor-1] but has failed to stop it. This is very likely to create a memory leak. Stack trace of thread:
 java.base@17.0.15/jdk.internal.misc.Unsafe.park(Native Method)
 java.base@17.0.15/java.util.concurrent.locks.LockSupport.parkNanos(LockSupport.java:252)
 java.base@17.0.15/java.util.concurrent.locks.AbstractQueuedSynchronizer$ConditionObject.awaitNanos(AbstractQueuedSynchronizer.java:1679)
 java.base@17.0.15/java.util.concurrent.ScheduledThreadPoolExecutor$DelayedWorkQueue.take(ScheduledThreadPoolExecutor.java:1182)
 java.base@17.0.15/java.util.concurrent.ScheduledThreadPoolExecutor$DelayedWorkQueue.take(ScheduledThreadPoolExecutor.java:899)
 java.base@17.0.15/java.util.concurrent.ThreadPoolExecutor.getTask(ThreadPoolExecutor.java:1062)
 java.base@17.0.15/java.util.concurrent.ThreadPoolExecutor.runWorker(ThreadPoolExecutor.java:1122)
 java.base@17.0.15/java.util.concurrent.ThreadPoolExecutor$Worker.run(ThreadPoolExecutor.java:635)
 java.base@17.0.15/java.lang.Thread.run(Thread.java:840)
14-May-2025 12:41:47.896 WARNING [main] org.apache.catalina.loader.WebappClassLoaderBase.clearReferencesThreads The web application [c2id] appears to have started a thread named [HttpClient-1-SelectorManager] but has failed to stop it. This is very likely to create a memory leak. Stack trace of thread:
 java.base@17.0.15/sun.nio.ch.EPoll.wait(Native Method)
 java.base@17.0.15/sun.nio.ch.EPollSelectorImpl.doSelect(EPollSelectorImpl.java:118)
 java.base@17.0.15/sun.nio.ch.SelectorImpl.lockAndDoSelect(SelectorImpl.java:129)
 java.base@17.0.15/sun.nio.ch.SelectorImpl.select(SelectorImpl.java:141)
 platform/java.net.http@17.0.15/jdk.internal.net.http.HttpClientImpl$SelectorManager.run(HttpClientImpl.java:894)
14-May-2025 12:41:47.920 INFO [main] org.apache.coyote.AbstractProtocol.stop Stopping ProtocolHandler ["http-nio-8080"]
14-May-2025 12:41:47.925 INFO [main] org.apache.coyote.AbstractProtocol.destroy Destroying ProtocolHandler ["http-nio-8080"]
14-May-2025 12:41:49.299 INFO [main] org.apache.jasper.servlet.TldScanner.scanJars At least one JAR was scanned for TLDs yet contained no TLDs. Enable debug logging for this logger for a complete list of JARs that were scanned but no TLDs were found in them. Skipping unneeded JARs during scanning can improve startup time and JSP compilation time.
14-May-2025 12:41:55.157 WARNING [main] org.glassfish.jersey.message.internal.MessagingBinders$EnabledProvidersBinder.bindToBinder A class jakarta.activation.DataSource for a default provider MessageBodyWriter<jakarta.activation.DataSource> was not found. The provider is not available.
14-May-2025 12:41:55.182 WARNING [main] org.glassfish.jersey.server.wadl.WadlFeature.configure JAX-B API not found . WADL feature is disabled.
14-May-2025 12:41:55.261 WARNING [main] org.glassfish.jersey.internal.inject.Providers.checkProviderRuntime A provider com.nimbusds.openid.connect.provider.sts.STSEndpoint registered in SERVER runtime does not implement any provider interfaces applicable in the SERVER runtime. Due to constraint configuration problems the provider com.nimbusds.openid.connect.provider.sts.STSEndpoint will be ignored. 
14-May-2025 12:41:55.383 WARNING [main] org.glassfish.jersey.server.wadl.WadlFeature.configure JAX-B API not found . WADL feature is disabled.
14-May-2025 12:41:55.391 WARNING [main] org.glassfish.jersey.internal.inject.Providers.checkProviderRuntime A provider com.nimbusds.authzstore.rest.WebAPI registered in SERVER runtime does not implement any provider interfaces applicable in the SERVER runtime. Due to constraint configuration problems the provider com.nimbusds.authzstore.rest.WebAPI will be ignored. 
14-May-2025 12:41:55.462 WARNING [main] org.glassfish.jersey.server.wadl.WadlFeature.configure JAX-B API not found . WADL feature is disabled.
14-May-2025 12:41:55.464 WARNING [main] org.glassfish.jersey.internal.inject.Providers.checkProviderRuntime A provider com.nimbusds.openid.connect.provider.ciba.sessions.CIBASessionsEndpoint registered in SERVER runtime does not implement any provider interfaces applicable in the SERVER runtime. Due to constraint configuration problems the provider com.nimbusds.openid.connect.provider.ciba.sessions.CIBASessionsEndpoint will be ignored. 
14-May-2025 12:41:55.493 WARNING [main] org.glassfish.jersey.server.wadl.WadlFeature.configure JAX-B API not found . WADL feature is disabled.
14-May-2025 12:41:55.496 WARNING [main] org.glassfish.jersey.internal.inject.Providers.checkProviderRuntime A provider com.nimbusds.openid.connect.provider.checksession.CheckSessionBackendEndpoint registered in SERVER runtime does not implement any provider interfaces applicable in the SERVER runtime. Due to constraint configuration problems the provider com.nimbusds.openid.connect.provider.checksession.CheckSessionBackendEndpoint will be ignored. 
14-May-2025 12:41:55.528 WARNING [main] org.glassfish.jersey.server.wadl.WadlFeature.configure JAX-B API not found . WADL feature is disabled.
14-May-2025 12:41:55.582 WARNING [main] org.glassfish.jersey.server.wadl.WadlFeature.configure JAX-B API not found . WADL feature is disabled.
14-May-2025 12:41:55.591 WARNING [main] org.glassfish.jersey.internal.inject.Providers.checkProviderRuntime A provider com.nimbusds.sessionstore.rest.WebAPI registered in SERVER runtime does not implement any provider interfaces applicable in the SERVER runtime. Due to constraint configuration problems the provider com.nimbusds.sessionstore.rest.WebAPI will be ignored. 
14-May-2025 12:41:55.635 WARNING [main] org.glassfish.jersey.server.wadl.WadlFeature.configure JAX-B API not found . WADL feature is disabled.
14-May-2025 12:41:55.640 WARNING [main] org.glassfish.jersey.internal.inject.Providers.checkProviderRuntime A provider com.nimbusds.openid.connect.provider.authz.AuthorizationSessionEndpoint registered in SERVER runtime does not implement any provider interfaces applicable in the SERVER runtime. Due to constraint configuration problems the provider com.nimbusds.openid.connect.provider.authz.AuthorizationSessionEndpoint will be ignored. 
14-May-2025 12:41:55.668 WARNING [main] org.glassfish.jersey.server.wadl.WadlFeature.configure JAX-B API not found . WADL feature is disabled.
14-May-2025 12:41:55.670 WARNING [main] org.glassfish.jersey.internal.inject.Providers.checkProviderRuntime A provider com.nimbusds.openid.connect.provider.config.ConfigurationEndpoint registered in SERVER runtime does not implement any provider interfaces applicable in the SERVER runtime. Due to constraint configuration problems the provider com.nimbusds.openid.connect.provider.config.ConfigurationEndpoint will be ignored. 
14-May-2025 12:41:55.692 WARNING [main] org.glassfish.jersey.server.wadl.WadlFeature.configure JAX-B API not found . WADL feature is disabled.
14-May-2025 12:41:55.694 WARNING [main] org.glassfish.jersey.internal.inject.Providers.checkProviderRuntime A provider com.nimbusds.openid.connect.provider.authz.DirectAuthorizationEndpoint registered in SERVER runtime does not implement any provider interfaces applicable in the SERVER runtime. Due to constraint configuration problems the provider com.nimbusds.openid.connect.provider.authz.DirectAuthorizationEndpoint will be ignored. 
14-May-2025 12:41:55.716 WARNING [main] org.glassfish.jersey.server.wadl.WadlFeature.configure JAX-B API not found . WADL feature is disabled.
14-May-2025 12:41:55.720 WARNING [main] org.glassfish.jersey.internal.inject.Providers.checkProviderRuntime A provider com.nimbusds.openid.connect.provider.logout.endpoint.LogoutSessionEndpoint registered in SERVER runtime does not implement any provider interfaces applicable in the SERVER runtime. Due to constraint configuration problems the provider com.nimbusds.openid.connect.provider.logout.endpoint.LogoutSessionEndpoint will be ignored. 
14-May-2025 12:41:55.910 INFO [main] org.apache.catalina.startup.HostConfig.deployWAR Deployment of web application archive [/home/radu/TAK-Server/src/oidf-server/tomcat/webapps/c2id.war] has finished in [12,096] ms
14-May-2025 12:41:55.911 INFO [main] org.apache.catalina.startup.HostConfig.deployDirectory Deploying web application directory [/home/radu/TAK-Server/src/oidf-server/tomcat/webapps/manager]
14-May-2025 12:41:55.968 INFO [main] org.apache.catalina.startup.HostConfig.deployDirectory Deployment of web application directory [/home/radu/TAK-Server/src/oidf-server/tomcat/webapps/manager] has finished in [57] ms
14-May-2025 12:41:55.968 INFO [main] org.apache.catalina.startup.HostConfig.deployDirectory Deploying web application directory [/home/radu/TAK-Server/src/oidf-server/tomcat/webapps/ROOT]
14-May-2025 12:41:55.992 INFO [main] org.apache.catalina.startup.HostConfig.deployDirectory Deployment of web application directory [/home/radu/TAK-Server/src/oidf-server/tomcat/webapps/ROOT] has finished in [23] ms
14-May-2025 12:41:55.995 INFO [main] org.apache.catalina.startup.HostConfig.deployDirectory Deploying web application directory [/home/radu/TAK-Server/src/oidf-server/tomcat/webapps/host-manager]
14-May-2025 12:41:56.029 INFO [main] org.apache.catalina.startup.HostConfig.deployDirectory Deployment of web application directory [/home/radu/TAK-Server/src/oidf-server/tomcat/webapps/host-manager] has finished in [34] ms
14-May-2025 12:41:56.041 INFO [main] org.apache.coyote.AbstractProtocol.start Starting ProtocolHandler ["http-nio-8080"]
14-May-2025 12:41:56.086 INFO [main] org.apache.catalina.startup.Catalina.start Server startup in [19904] milliseconds
14-May-2025 12:41:56.091 SEVERE [main] org.apache.catalina.core.StandardServer.await Failed to create server shutdown socket on address [localhost] and port [8005] (base port [8005] and offset [0])
	java.net.BindException: Address already in use
		at java.base/sun.nio.ch.Net.bind0(Native Method)
		at java.base/sun.nio.ch.Net.bind(Net.java:555)
		at java.base/sun.nio.ch.Net.bind(Net.java:544)
		at java.base/sun.nio.ch.NioSocketImpl.bind(NioSocketImpl.java:648)
		at java.base/java.net.ServerSocket.bind(ServerSocket.java:388)
		at java.base/java.net.ServerSocket.<init>(ServerSocket.java:274)
		at org.apache.catalina.core.StandardServer.await(StandardServer.java:533)
		at org.apache.catalina.startup.Catalina.await(Catalina.java:851)
		at org.apache.catalina.startup.Catalina.start(Catalina.java:799)
		at java.base/jdk.internal.reflect.NativeMethodAccessorImpl.invoke0(Native Method)
		at java.base/jdk.internal.reflect.NativeMethodAccessorImpl.invoke(NativeMethodAccessorImpl.java:77)
		at java.base/jdk.internal.reflect.DelegatingMethodAccessorImpl.invoke(DelegatingMethodAccessorImpl.java:43)
		at java.base/java.lang.reflect.Method.invoke(Method.java:569)
		at org.apache.catalina.startup.Bootstrap.start(Bootstrap.java:345)
		at org.apache.catalina.startup.Bootstrap.main(Bootstrap.java:473)
14-May-2025 12:41:56.092 INFO [main] org.apache.coyote.AbstractProtocol.pause Pausing ProtocolHandler ["http-nio-8080"]
14-May-2025 12:41:56.115 INFO [main] org.apache.catalina.core.StandardService.stopInternal Stopping service [Catalina]
14-May-2025 12:41:56.182 WARNING [main] org.apache.catalina.loader.WebappClassLoaderBase.clearReferencesThreads The web application [oidc-client] appears to have started a thread named [Atmosphere-Scheduler-0] but has failed to stop it. This is very likely to create a memory leak. Stack trace of thread:
14-May-2025 12:41:56.934 WARNING [main] org.apache.catalina.loader.WebappClassLoaderBase.clearReferencesThreads The web application [c2id] appears to have started a thread named [RxCachedWorkerPoolEvictor-1] but has failed to stop it. This is very likely to create a memory leak. Stack trace of thread:
 java.base@17.0.15/jdk.internal.misc.Unsafe.park(Native Method)
 java.base@17.0.15/java.util.concurrent.locks.LockSupport.parkNanos(LockSupport.java:252)
 java.base@17.0.15/java.util.concurrent.locks.AbstractQueuedSynchronizer$ConditionObject.awaitNanos(AbstractQueuedSynchronizer.java:1679)
 java.base@17.0.15/java.util.concurrent.ScheduledThreadPoolExecutor$DelayedWorkQueue.take(ScheduledThreadPoolExecutor.java:1182)
 java.base@17.0.15/java.util.concurrent.ScheduledThreadPoolExecutor$DelayedWorkQueue.take(ScheduledThreadPoolExecutor.java:899)
 java.base@17.0.15/java.util.concurrent.ThreadPoolExecutor.getTask(ThreadPoolExecutor.java:1062)
 java.base@17.0.15/java.util.concurrent.ThreadPoolExecutor.runWorker(ThreadPoolExecutor.java:1122)
 java.base@17.0.15/java.util.concurrent.ThreadPoolExecutor$Worker.run(ThreadPoolExecutor.java:635)
 java.base@17.0.15/java.lang.Thread.run(Thread.java:840)
14-May-2025 12:41:56.937 WARNING [main] org.apache.catalina.loader.WebappClassLoaderBase.clearReferencesThreads The web application [c2id] appears to have started a thread named [HttpClient-1-SelectorManager] but has failed to stop it. This is very likely to create a memory leak. Stack trace of thread:
 java.base@17.0.15/sun.nio.ch.EPoll.wait(Native Method)
 java.base@17.0.15/sun.nio.ch.EPollSelectorImpl.doSelect(EPollSelectorImpl.java:118)
 java.base@17.0.15/sun.nio.ch.SelectorImpl.lockAndDoSelect(SelectorImpl.java:129)
 java.base@17.0.15/sun.nio.ch.SelectorImpl.select(SelectorImpl.java:141)
 platform/java.net.http@17.0.15/jdk.internal.net.http.HttpClientImpl$SelectorManager.run(HttpClientImpl.java:894)
14-May-2025 12:41:56.985 INFO [main] org.apache.coyote.AbstractProtocol.stop Stopping ProtocolHandler ["http-nio-8080"]
14-May-2025 12:41:56.997 INFO [main] org.apache.coyote.AbstractProtocol.destroy Destroying ProtocolHandler ["http-nio-8080"]
14-May-2025 12:42:12.459 INFO [main] org.apache.catalina.startup.VersionLoggerListener.log Server version name:   Apache Tomcat/10.1.39
14-May-2025 12:42:12.463 INFO [main] org.apache.catalina.startup.VersionLoggerListener.log Server built:          Mar 4 2025 19:02:32 UTC
14-May-2025 12:42:12.463 INFO [main] org.apache.catalina.startup.VersionLoggerListener.log Server version number: 10.1.39.0
14-May-2025 12:42:12.463 INFO [main] org.apache.catalina.startup.VersionLoggerListener.log OS Name:               Linux
14-May-2025 12:42:12.463 INFO [main] org.apache.catalina.startup.VersionLoggerListener.log OS Version:            6.8.0-59-generic
14-May-2025 12:42:12.463 INFO [main] org.apache.catalina.startup.VersionLoggerListener.log Architecture:          amd64
14-May-2025 12:42:12.463 INFO [main] org.apache.catalina.startup.VersionLoggerListener.log Java Home:             /usr/lib/jvm/java-17-openjdk-amd64
14-May-2025 12:42:12.463 INFO [main] org.apache.catalina.startup.VersionLoggerListener.log JVM Version:           17.0.15+6-Ubuntu-0ubuntu122.04
14-May-2025 12:42:12.464 INFO [main] org.apache.catalina.startup.VersionLoggerListener.log JVM Vendor:            Ubuntu
14-May-2025 12:42:12.464 INFO [main] org.apache.catalina.startup.VersionLoggerListener.log CATALINA_BASE:         /home/radu/TAK-Server/src/oidf-server/tomcat
14-May-2025 12:42:12.464 INFO [main] org.apache.catalina.startup.VersionLoggerListener.log CATALINA_HOME:         /home/radu/TAK-Server/src/oidf-server/tomcat
14-May-2025 12:42:12.465 INFO [main] org.apache.catalina.core.AprLifecycleListener.lifecycleEvent The Apache Tomcat Native library which allows using OpenSSL was not found on the java.library.path: [/home/radu/opt/lib::/usr/java/packages/lib:/usr/lib/x86_64-linux-gnu/jni:/lib/x86_64-linux-gnu:/usr/lib/x86_64-linux-gnu:/usr/lib/jni:/lib:/usr/lib]
14-May-2025 12:42:12.743 INFO [main] org.apache.coyote.AbstractProtocol.init Initializing ProtocolHandler ["http-nio-8080"]
14-May-2025 12:42:12.767 INFO [main] org.apache.catalina.startup.Catalina.load Server initialization in [470] milliseconds
14-May-2025 12:42:12.815 INFO [main] org.apache.catalina.core.StandardService.startInternal Starting service [Catalina]
14-May-2025 12:42:12.815 INFO [main] org.apache.catalina.core.StandardEngine.startInternal Starting Servlet engine: [Apache Tomcat/10.1.39]
14-May-2025 12:42:12.831 INFO [main] org.apache.catalina.startup.HostConfig.deployWAR Deploying web application archive [/home/radu/TAK-Server/src/oidf-server/tomcat/webapps/ldapauth.war]
14-May-2025 12:42:13.190 INFO [main] org.apache.jasper.servlet.TldScanner.scanJars At least one JAR was scanned for TLDs yet contained no TLDs. Enable debug logging for this logger for a complete list of JARs that were scanned but no TLDs were found in them. Skipping unneeded JARs during scanning can improve startup time and JSP compilation time.
14-May-2025 12:42:13.823 INFO [main] org.apache.catalina.startup.HostConfig.deployWAR Deployment of web application archive [/home/radu/TAK-Server/src/oidf-server/tomcat/webapps/ldapauth.war] has finished in [991] ms
14-May-2025 12:42:13.823 INFO [main] org.apache.catalina.startup.HostConfig.deployWAR Deploying web application archive [/home/radu/TAK-Server/src/oidf-server/tomcat/webapps/password-grant-handler.war]
14-May-2025 12:42:14.030 INFO [main] org.apache.jasper.servlet.TldScanner.scanJars At least one JAR was scanned for TLDs yet contained no TLDs. Enable debug logging for this logger for a complete list of JARs that were scanned but no TLDs were found in them. Skipping unneeded JARs during scanning can improve startup time and JSP compilation time.
14-May-2025 12:42:14.280 INFO [main] org.apache.catalina.startup.HostConfig.deployWAR Deployment of web application archive [/home/radu/TAK-Server/src/oidf-server/tomcat/webapps/password-grant-handler.war] has finished in [457] ms
14-May-2025 12:42:14.281 INFO [main] org.apache.catalina.startup.HostConfig.deployWAR Deploying web application archive [/home/radu/TAK-Server/src/oidf-server/tomcat/webapps/c2id-login.war]
14-May-2025 12:42:15.228 INFO [main] org.apache.jasper.servlet.TldScanner.scanJars At least one JAR was scanned for TLDs yet contained no TLDs. Enable debug logging for this logger for a complete list of JARs that were scanned but no TLDs were found in them. Skipping unneeded JARs during scanning can improve startup time and JSP compilation time.
14-May-2025 12:42:17.885 INFO [main] org.apache.catalina.startup.HostConfig.deployWAR Deployment of web application archive [/home/radu/TAK-Server/src/oidf-server/tomcat/webapps/c2id-login.war] has finished in [3,604] ms
14-May-2025 12:42:17.886 INFO [main] org.apache.catalina.startup.HostConfig.deployWAR Deploying web application archive [/home/radu/TAK-Server/src/oidf-server/tomcat/webapps/oidc-client.war]
14-May-2025 12:42:18.759 INFO [main] org.apache.catalina.startup.HostConfig.deployWAR Deployment of web application archive [/home/radu/TAK-Server/src/oidf-server/tomcat/webapps/oidc-client.war] has finished in [873] ms
14-May-2025 12:42:18.760 INFO [main] org.apache.catalina.startup.HostConfig.deployWAR Deploying web application archive [/home/radu/TAK-Server/src/oidf-server/tomcat/webapps/c2id-logout.war]
14-May-2025 12:42:18.904 INFO [main] org.apache.jasper.servlet.TldScanner.scanJars At least one JAR was scanned for TLDs yet contained no TLDs. Enable debug logging for this logger for a complete list of JARs that were scanned but no TLDs were found in them. Skipping unneeded JARs during scanning can improve startup time and JSP compilation time.
14-May-2025 12:42:18.914 INFO [main] org.apache.catalina.startup.HostConfig.deployWAR Deployment of web application archive [/home/radu/TAK-Server/src/oidf-server/tomcat/webapps/c2id-logout.war] has finished in [154] ms
14-May-2025 12:42:18.915 INFO [main] org.apache.catalina.startup.HostConfig.deployWAR Deploying web application archive [/home/radu/TAK-Server/src/oidf-server/tomcat/webapps/c2id.war]
14-May-2025 12:42:23.992 INFO [main] org.apache.jasper.servlet.TldScanner.scanJars At least one JAR was scanned for TLDs yet contained no TLDs. Enable debug logging for this logger for a complete list of JARs that were scanned but no TLDs were found in them. Skipping unneeded JARs during scanning can improve startup time and JSP compilation time.
14-May-2025 12:42:29.527 WARNING [main] org.glassfish.jersey.message.internal.MessagingBinders$EnabledProvidersBinder.bindToBinder A class jakarta.activation.DataSource for a default provider MessageBodyWriter<jakarta.activation.DataSource> was not found. The provider is not available.
14-May-2025 12:42:29.550 WARNING [main] org.glassfish.jersey.server.wadl.WadlFeature.configure JAX-B API not found . WADL feature is disabled.
14-May-2025 12:42:29.631 WARNING [main] org.glassfish.jersey.internal.inject.Providers.checkProviderRuntime A provider com.nimbusds.openid.connect.provider.sts.STSEndpoint registered in SERVER runtime does not implement any provider interfaces applicable in the SERVER runtime. Due to constraint configuration problems the provider com.nimbusds.openid.connect.provider.sts.STSEndpoint will be ignored. 
14-May-2025 12:42:29.761 WARNING [main] org.glassfish.jersey.server.wadl.WadlFeature.configure JAX-B API not found . WADL feature is disabled.
14-May-2025 12:42:29.770 WARNING [main] org.glassfish.jersey.internal.inject.Providers.checkProviderRuntime A provider com.nimbusds.authzstore.rest.WebAPI registered in SERVER runtime does not implement any provider interfaces applicable in the SERVER runtime. Due to constraint configuration problems the provider com.nimbusds.authzstore.rest.WebAPI will be ignored. 
14-May-2025 12:42:29.849 WARNING [main] org.glassfish.jersey.server.wadl.WadlFeature.configure JAX-B API not found . WADL feature is disabled.
14-May-2025 12:42:29.852 WARNING [main] org.glassfish.jersey.internal.inject.Providers.checkProviderRuntime A provider com.nimbusds.openid.connect.provider.ciba.sessions.CIBASessionsEndpoint registered in SERVER runtime does not implement any provider interfaces applicable in the SERVER runtime. Due to constraint configuration problems the provider com.nimbusds.openid.connect.provider.ciba.sessions.CIBASessionsEndpoint will be ignored. 
14-May-2025 12:42:29.881 WARNING [main] org.glassfish.jersey.server.wadl.WadlFeature.configure JAX-B API not found . WADL feature is disabled.
14-May-2025 12:42:29.883 WARNING [main] org.glassfish.jersey.internal.inject.Providers.checkProviderRuntime A provider com.nimbusds.openid.connect.provider.checksession.CheckSessionBackendEndpoint registered in SERVER runtime does not implement any provider interfaces applicable in the SERVER runtime. Due to constraint configuration problems the provider com.nimbusds.openid.connect.provider.checksession.CheckSessionBackendEndpoint will be ignored. 
14-May-2025 12:42:29.917 WARNING [main] org.glassfish.jersey.server.wadl.WadlFeature.configure JAX-B API not found . WADL feature is disabled.
14-May-2025 12:42:29.983 WARNING [main] org.glassfish.jersey.server.wadl.WadlFeature.configure JAX-B API not found . WADL feature is disabled.
14-May-2025 12:42:29.991 WARNING [main] org.glassfish.jersey.internal.inject.Providers.checkProviderRuntime A provider com.nimbusds.sessionstore.rest.WebAPI registered in SERVER runtime does not implement any provider interfaces applicable in the SERVER runtime. Due to constraint configuration problems the provider com.nimbusds.sessionstore.rest.WebAPI will be ignored. 
14-May-2025 12:42:30.043 WARNING [main] org.glassfish.jersey.server.wadl.WadlFeature.configure JAX-B API not found . WADL feature is disabled.
14-May-2025 12:42:30.049 WARNING [main] org.glassfish.jersey.internal.inject.Providers.checkProviderRuntime A provider com.nimbusds.openid.connect.provider.authz.AuthorizationSessionEndpoint registered in SERVER runtime does not implement any provider interfaces applicable in the SERVER runtime. Due to constraint configuration problems the provider com.nimbusds.openid.connect.provider.authz.AuthorizationSessionEndpoint will be ignored. 
14-May-2025 12:42:30.083 WARNING [main] org.glassfish.jersey.server.wadl.WadlFeature.configure JAX-B API not found . WADL feature is disabled.
14-May-2025 12:42:30.085 WARNING [main] org.glassfish.jersey.internal.inject.Providers.checkProviderRuntime A provider com.nimbusds.openid.connect.provider.config.ConfigurationEndpoint registered in SERVER runtime does not implement any provider interfaces applicable in the SERVER runtime. Due to constraint configuration problems the provider com.nimbusds.openid.connect.provider.config.ConfigurationEndpoint will be ignored. 
14-May-2025 12:42:30.109 WARNING [main] org.glassfish.jersey.server.wadl.WadlFeature.configure JAX-B API not found . WADL feature is disabled.
14-May-2025 12:42:30.112 WARNING [main] org.glassfish.jersey.internal.inject.Providers.checkProviderRuntime A provider com.nimbusds.openid.connect.provider.authz.DirectAuthorizationEndpoint registered in SERVER runtime does not implement any provider interfaces applicable in the SERVER runtime. Due to constraint configuration problems the provider com.nimbusds.openid.connect.provider.authz.DirectAuthorizationEndpoint will be ignored. 
14-May-2025 12:42:30.135 WARNING [main] org.glassfish.jersey.server.wadl.WadlFeature.configure JAX-B API not found . WADL feature is disabled.
14-May-2025 12:42:30.139 WARNING [main] org.glassfish.jersey.internal.inject.Providers.checkProviderRuntime A provider com.nimbusds.openid.connect.provider.logout.endpoint.LogoutSessionEndpoint registered in SERVER runtime does not implement any provider interfaces applicable in the SERVER runtime. Due to constraint configuration problems the provider com.nimbusds.openid.connect.provider.logout.endpoint.LogoutSessionEndpoint will be ignored. 
14-May-2025 12:42:30.270 INFO [main] org.apache.catalina.startup.HostConfig.deployWAR Deployment of web application archive [/home/radu/TAK-Server/src/oidf-server/tomcat/webapps/c2id.war] has finished in [11,355] ms
14-May-2025 12:42:30.271 INFO [main] org.apache.catalina.startup.HostConfig.deployDirectory Deploying web application directory [/home/radu/TAK-Server/src/oidf-server/tomcat/webapps/manager]
14-May-2025 12:42:30.304 INFO [main] org.apache.catalina.startup.HostConfig.deployDirectory Deployment of web application directory [/home/radu/TAK-Server/src/oidf-server/tomcat/webapps/manager] has finished in [33] ms
14-May-2025 12:42:30.304 INFO [main] org.apache.catalina.startup.HostConfig.deployDirectory Deploying web application directory [/home/radu/TAK-Server/src/oidf-server/tomcat/webapps/ROOT]
14-May-2025 12:42:30.317 INFO [main] org.apache.catalina.startup.HostConfig.deployDirectory Deployment of web application directory [/home/radu/TAK-Server/src/oidf-server/tomcat/webapps/ROOT] has finished in [12] ms
14-May-2025 12:42:30.317 INFO [main] org.apache.catalina.startup.HostConfig.deployDirectory Deploying web application directory [/home/radu/TAK-Server/src/oidf-server/tomcat/webapps/host-manager]
14-May-2025 12:42:30.335 INFO [main] org.apache.catalina.startup.HostConfig.deployDirectory Deployment of web application directory [/home/radu/TAK-Server/src/oidf-server/tomcat/webapps/host-manager] has finished in [18] ms
14-May-2025 12:42:30.340 INFO [main] org.apache.coyote.AbstractProtocol.start Starting ProtocolHandler ["http-nio-8080"]
14-May-2025 12:42:30.351 INFO [main] org.apache.catalina.startup.Catalina.start Server startup in [17584] milliseconds
14-May-2025 12:42:30.354 SEVERE [main] org.apache.catalina.core.StandardServer.await Failed to create server shutdown socket on address [localhost] and port [8005] (base port [8005] and offset [0])
	java.net.BindException: Address already in use
		at java.base/sun.nio.ch.Net.bind0(Native Method)
		at java.base/sun.nio.ch.Net.bind(Net.java:555)
		at java.base/sun.nio.ch.Net.bind(Net.java:544)
		at java.base/sun.nio.ch.NioSocketImpl.bind(NioSocketImpl.java:648)
		at java.base/java.net.ServerSocket.bind(ServerSocket.java:388)
		at java.base/java.net.ServerSocket.<init>(ServerSocket.java:274)
		at org.apache.catalina.core.StandardServer.await(StandardServer.java:533)
		at org.apache.catalina.startup.Catalina.await(Catalina.java:851)
		at org.apache.catalina.startup.Catalina.start(Catalina.java:799)
		at java.base/jdk.internal.reflect.NativeMethodAccessorImpl.invoke0(Native Method)
		at java.base/jdk.internal.reflect.NativeMethodAccessorImpl.invoke(NativeMethodAccessorImpl.java:77)
		at java.base/jdk.internal.reflect.DelegatingMethodAccessorImpl.invoke(DelegatingMethodAccessorImpl.java:43)
		at java.base/java.lang.reflect.Method.invoke(Method.java:569)
		at org.apache.catalina.startup.Bootstrap.start(Bootstrap.java:345)
		at org.apache.catalina.startup.Bootstrap.main(Bootstrap.java:473)
14-May-2025 12:42:30.354 INFO [main] org.apache.coyote.AbstractProtocol.pause Pausing ProtocolHandler ["http-nio-8080"]
14-May-2025 12:42:30.360 INFO [main] org.apache.catalina.core.StandardService.stopInternal Stopping service [Catalina]
14-May-2025 12:42:30.911 WARNING [main] org.apache.catalina.loader.WebappClassLoaderBase.clearReferencesThreads The web application [c2id] appears to have started a thread named [RxCachedWorkerPoolEvictor-1] but has failed to stop it. This is very likely to create a memory leak. Stack trace of thread:
 java.base@17.0.15/jdk.internal.misc.Unsafe.park(Native Method)
 java.base@17.0.15/java.util.concurrent.locks.LockSupport.parkNanos(LockSupport.java:252)
 java.base@17.0.15/java.util.concurrent.locks.AbstractQueuedSynchronizer$ConditionObject.awaitNanos(AbstractQueuedSynchronizer.java:1679)
 java.base@17.0.15/java.util.concurrent.ScheduledThreadPoolExecutor$DelayedWorkQueue.take(ScheduledThreadPoolExecutor.java:1182)
 java.base@17.0.15/java.util.concurrent.ScheduledThreadPoolExecutor$DelayedWorkQueue.take(ScheduledThreadPoolExecutor.java:899)
 java.base@17.0.15/java.util.concurrent.ThreadPoolExecutor.getTask(ThreadPoolExecutor.java:1062)
 java.base@17.0.15/java.util.concurrent.ThreadPoolExecutor.runWorker(ThreadPoolExecutor.java:1122)
 java.base@17.0.15/java.util.concurrent.ThreadPoolExecutor$Worker.run(ThreadPoolExecutor.java:635)
 java.base@17.0.15/java.lang.Thread.run(Thread.java:840)
14-May-2025 12:42:30.911 WARNING [main] org.apache.catalina.loader.WebappClassLoaderBase.clearReferencesThreads The web application [c2id] appears to have started a thread named [HttpClient-1-SelectorManager] but has failed to stop it. This is very likely to create a memory leak. Stack trace of thread:
 java.base@17.0.15/sun.nio.ch.EPoll.wait(Native Method)
 java.base@17.0.15/sun.nio.ch.EPollSelectorImpl.doSelect(EPollSelectorImpl.java:118)
 java.base@17.0.15/sun.nio.ch.SelectorImpl.lockAndDoSelect(SelectorImpl.java:129)
 java.base@17.0.15/sun.nio.ch.SelectorImpl.select(SelectorImpl.java:141)
 platform/java.net.http@17.0.15/jdk.internal.net.http.HttpClientImpl$SelectorManager.run(HttpClientImpl.java:894)
14-May-2025 12:42:30.932 INFO [main] org.apache.coyote.AbstractProtocol.stop Stopping ProtocolHandler ["http-nio-8080"]
14-May-2025 12:42:30.940 INFO [main] org.apache.coyote.AbstractProtocol.destroy Destroying ProtocolHandler ["http-nio-8080"]
14-May-2025 12:44:50.310 INFO [main] org.apache.catalina.core.StandardServer.await A valid shutdown command was received via the shutdown port. Stopping the Server instance.
14-May-2025 12:44:50.310 INFO [main] org.apache.coyote.AbstractProtocol.pause Pausing ProtocolHandler ["http-nio-8080"]
14-May-2025 12:44:50.310 INFO [main] org.apache.catalina.core.StandardService.stopInternal Stopping service [Catalina]
14-May-2025 12:44:50.339 INFO [main] org.apache.coyote.AbstractProtocol.stop Stopping ProtocolHandler ["http-nio-8080"]
14-May-2025 12:44:50.340 INFO [main] org.apache.coyote.AbstractProtocol.destroy Destroying ProtocolHandler ["http-nio-8080"]
14-May-2025 12:45:01.057 INFO [main] org.apache.catalina.startup.VersionLoggerListener.log Server version name:   Apache Tomcat/10.1.39
14-May-2025 12:45:01.061 INFO [main] org.apache.catalina.startup.VersionLoggerListener.log Server built:          Mar 4 2025 19:02:32 UTC
14-May-2025 12:45:01.061 INFO [main] org.apache.catalina.startup.VersionLoggerListener.log Server version number: 10.1.39.0
14-May-2025 12:45:01.062 INFO [main] org.apache.catalina.startup.VersionLoggerListener.log OS Name:               Linux
14-May-2025 12:45:01.062 INFO [main] org.apache.catalina.startup.VersionLoggerListener.log OS Version:            6.8.0-59-generic
14-May-2025 12:45:01.062 INFO [main] org.apache.catalina.startup.VersionLoggerListener.log Architecture:          amd64
14-May-2025 12:45:01.062 INFO [main] org.apache.catalina.startup.VersionLoggerListener.log Java Home:             /usr/lib/jvm/java-17-openjdk-amd64
14-May-2025 12:45:01.062 INFO [main] org.apache.catalina.startup.VersionLoggerListener.log JVM Version:           17.0.15+6-Ubuntu-0ubuntu122.04
14-May-2025 12:45:01.062 INFO [main] org.apache.catalina.startup.VersionLoggerListener.log JVM Vendor:            Ubuntu
14-May-2025 12:45:01.062 INFO [main] org.apache.catalina.startup.VersionLoggerListener.log CATALINA_BASE:         /home/radu/TAK-Server/src/oidf-server/tomcat
14-May-2025 12:45:01.062 INFO [main] org.apache.catalina.startup.VersionLoggerListener.log CATALINA_HOME:         /home/radu/TAK-Server/src/oidf-server/tomcat
14-May-2025 12:45:01.064 INFO [main] org.apache.catalina.core.AprLifecycleListener.lifecycleEvent The Apache Tomcat Native library which allows using OpenSSL was not found on the java.library.path: [/home/radu/opt/lib::/usr/java/packages/lib:/usr/lib/x86_64-linux-gnu/jni:/lib/x86_64-linux-gnu:/usr/lib/x86_64-linux-gnu:/usr/lib/jni:/lib:/usr/lib]
14-May-2025 12:45:01.353 INFO [main] org.apache.coyote.AbstractProtocol.init Initializing ProtocolHandler ["http-nio-8080"]
14-May-2025 12:45:01.376 INFO [main] org.apache.catalina.startup.Catalina.load Server initialization in [481] milliseconds
14-May-2025 12:45:01.420 INFO [main] org.apache.catalina.core.StandardService.startInternal Starting service [Catalina]
14-May-2025 12:45:01.420 INFO [main] org.apache.catalina.core.StandardEngine.startInternal Starting Servlet engine: [Apache Tomcat/10.1.39]
14-May-2025 12:45:01.435 INFO [main] org.apache.catalina.startup.HostConfig.deployWAR Deploying web application archive [/home/radu/TAK-Server/src/oidf-server/tomcat/webapps/ldapauth.war]
14-May-2025 12:45:01.828 INFO [main] org.apache.jasper.servlet.TldScanner.scanJars At least one JAR was scanned for TLDs yet contained no TLDs. Enable debug logging for this logger for a complete list of JARs that were scanned but no TLDs were found in them. Skipping unneeded JARs during scanning can improve startup time and JSP compilation time.
14-May-2025 12:45:02.613 INFO [main] org.apache.catalina.startup.HostConfig.deployWAR Deployment of web application archive [/home/radu/TAK-Server/src/oidf-server/tomcat/webapps/ldapauth.war] has finished in [1,177] ms
14-May-2025 12:45:02.616 INFO [main] org.apache.catalina.startup.HostConfig.deployWAR Deploying web application archive [/home/radu/TAK-Server/src/oidf-server/tomcat/webapps/password-grant-handler.war]
14-May-2025 12:45:02.818 INFO [main] org.apache.jasper.servlet.TldScanner.scanJars At least one JAR was scanned for TLDs yet contained no TLDs. Enable debug logging for this logger for a complete list of JARs that were scanned but no TLDs were found in them. Skipping unneeded JARs during scanning can improve startup time and JSP compilation time.
14-May-2025 12:45:03.093 INFO [main] org.apache.catalina.startup.HostConfig.deployWAR Deployment of web application archive [/home/radu/TAK-Server/src/oidf-server/tomcat/webapps/password-grant-handler.war] has finished in [476] ms
14-May-2025 12:45:03.094 INFO [main] org.apache.catalina.startup.HostConfig.deployWAR Deploying web application archive [/home/radu/TAK-Server/src/oidf-server/tomcat/webapps/c2id-login.war]
14-May-2025 12:45:04.119 INFO [main] org.apache.jasper.servlet.TldScanner.scanJars At least one JAR was scanned for TLDs yet contained no TLDs. Enable debug logging for this logger for a complete list of JARs that were scanned but no TLDs were found in them. Skipping unneeded JARs during scanning can improve startup time and JSP compilation time.
14-May-2025 12:45:06.782 INFO [main] org.apache.catalina.startup.HostConfig.deployWAR Deployment of web application archive [/home/radu/TAK-Server/src/oidf-server/tomcat/webapps/c2id-login.war] has finished in [3,688] ms
14-May-2025 12:45:06.783 INFO [main] org.apache.catalina.startup.HostConfig.deployWAR Deploying web application archive [/home/radu/TAK-Server/src/oidf-server/tomcat/webapps/oidc-client.war]
14-May-2025 12:45:07.692 INFO [main] org.apache.catalina.startup.HostConfig.deployWAR Deployment of web application archive [/home/radu/TAK-Server/src/oidf-server/tomcat/webapps/oidc-client.war] has finished in [909] ms
14-May-2025 12:45:07.693 INFO [main] org.apache.catalina.startup.HostConfig.deployWAR Deploying web application archive [/home/radu/TAK-Server/src/oidf-server/tomcat/webapps/c2id-logout.war]
14-May-2025 12:45:07.846 INFO [main] org.apache.jasper.servlet.TldScanner.scanJars At least one JAR was scanned for TLDs yet contained no TLDs. Enable debug logging for this logger for a complete list of JARs that were scanned but no TLDs were found in them. Skipping unneeded JARs during scanning can improve startup time and JSP compilation time.
14-May-2025 12:45:07.855 INFO [main] org.apache.catalina.startup.HostConfig.deployWAR Deployment of web application archive [/home/radu/TAK-Server/src/oidf-server/tomcat/webapps/c2id-logout.war] has finished in [162] ms
14-May-2025 12:45:07.856 INFO [main] org.apache.catalina.startup.HostConfig.deployWAR Deploying web application archive [/home/radu/TAK-Server/src/oidf-server/tomcat/webapps/c2id.war]
14-May-2025 12:45:12.525 INFO [main] org.apache.jasper.servlet.TldScanner.scanJars At least one JAR was scanned for TLDs yet contained no TLDs. Enable debug logging for this logger for a complete list of JARs that were scanned but no TLDs were found in them. Skipping unneeded JARs during scanning can improve startup time and JSP compilation time.
14-May-2025 12:45:17.680 WARNING [main] org.glassfish.jersey.message.internal.MessagingBinders$EnabledProvidersBinder.bindToBinder A class jakarta.activation.DataSource for a default provider MessageBodyWriter<jakarta.activation.DataSource> was not found. The provider is not available.
14-May-2025 12:45:17.715 WARNING [main] org.glassfish.jersey.server.wadl.WadlFeature.configure JAX-B API not found . WADL feature is disabled.
14-May-2025 12:45:17.831 WARNING [main] org.glassfish.jersey.internal.inject.Providers.checkProviderRuntime A provider com.nimbusds.openid.connect.provider.sts.STSEndpoint registered in SERVER runtime does not implement any provider interfaces applicable in the SERVER runtime. Due to constraint configuration problems the provider com.nimbusds.openid.connect.provider.sts.STSEndpoint will be ignored. 
14-May-2025 12:45:18.018 WARNING [main] org.glassfish.jersey.server.wadl.WadlFeature.configure JAX-B API not found . WADL feature is disabled.
14-May-2025 12:45:18.036 WARNING [main] org.glassfish.jersey.internal.inject.Providers.checkProviderRuntime A provider com.nimbusds.authzstore.rest.WebAPI registered in SERVER runtime does not implement any provider interfaces applicable in the SERVER runtime. Due to constraint configuration problems the provider com.nimbusds.authzstore.rest.WebAPI will be ignored. 
14-May-2025 12:45:18.122 WARNING [main] org.glassfish.jersey.server.wadl.WadlFeature.configure JAX-B API not found . WADL feature is disabled.
14-May-2025 12:45:18.125 WARNING [main] org.glassfish.jersey.internal.inject.Providers.checkProviderRuntime A provider com.nimbusds.openid.connect.provider.ciba.sessions.CIBASessionsEndpoint registered in SERVER runtime does not implement any provider interfaces applicable in the SERVER runtime. Due to constraint configuration problems the provider com.nimbusds.openid.connect.provider.ciba.sessions.CIBASessionsEndpoint will be ignored. 
14-May-2025 12:45:18.154 WARNING [main] org.glassfish.jersey.server.wadl.WadlFeature.configure JAX-B API not found . WADL feature is disabled.
14-May-2025 12:45:18.157 WARNING [main] org.glassfish.jersey.internal.inject.Providers.checkProviderRuntime A provider com.nimbusds.openid.connect.provider.checksession.CheckSessionBackendEndpoint registered in SERVER runtime does not implement any provider interfaces applicable in the SERVER runtime. Due to constraint configuration problems the provider com.nimbusds.openid.connect.provider.checksession.CheckSessionBackendEndpoint will be ignored. 
14-May-2025 12:45:18.190 WARNING [main] org.glassfish.jersey.server.wadl.WadlFeature.configure JAX-B API not found . WADL feature is disabled.
14-May-2025 12:45:18.268 WARNING [main] org.glassfish.jersey.server.wadl.WadlFeature.configure JAX-B API not found . WADL feature is disabled.
14-May-2025 12:45:18.277 WARNING [main] org.glassfish.jersey.internal.inject.Providers.checkProviderRuntime A provider com.nimbusds.sessionstore.rest.WebAPI registered in SERVER runtime does not implement any provider interfaces applicable in the SERVER runtime. Due to constraint configuration problems the provider com.nimbusds.sessionstore.rest.WebAPI will be ignored. 
14-May-2025 12:45:18.346 WARNING [main] org.glassfish.jersey.server.wadl.WadlFeature.configure JAX-B API not found . WADL feature is disabled.
14-May-2025 12:45:18.353 WARNING [main] org.glassfish.jersey.internal.inject.Providers.checkProviderRuntime A provider com.nimbusds.openid.connect.provider.authz.AuthorizationSessionEndpoint registered in SERVER runtime does not implement any provider interfaces applicable in the SERVER runtime. Due to constraint configuration problems the provider com.nimbusds.openid.connect.provider.authz.AuthorizationSessionEndpoint will be ignored. 
14-May-2025 12:45:18.398 WARNING [main] org.glassfish.jersey.server.wadl.WadlFeature.configure JAX-B API not found . WADL feature is disabled.
14-May-2025 12:45:18.403 WARNING [main] org.glassfish.jersey.internal.inject.Providers.checkProviderRuntime A provider com.nimbusds.openid.connect.provider.config.ConfigurationEndpoint registered in SERVER runtime does not implement any provider interfaces applicable in the SERVER runtime. Due to constraint configuration problems the provider com.nimbusds.openid.connect.provider.config.ConfigurationEndpoint will be ignored. 
14-May-2025 12:45:18.433 WARNING [main] org.glassfish.jersey.server.wadl.WadlFeature.configure JAX-B API not found . WADL feature is disabled.
14-May-2025 12:45:18.435 WARNING [main] org.glassfish.jersey.internal.inject.Providers.checkProviderRuntime A provider com.nimbusds.openid.connect.provider.authz.DirectAuthorizationEndpoint registered in SERVER runtime does not implement any provider interfaces applicable in the SERVER runtime. Due to constraint configuration problems the provider com.nimbusds.openid.connect.provider.authz.DirectAuthorizationEndpoint will be ignored. 
14-May-2025 12:45:18.465 WARNING [main] org.glassfish.jersey.server.wadl.WadlFeature.configure JAX-B API not found . WADL feature is disabled.
14-May-2025 12:45:18.468 WARNING [main] org.glassfish.jersey.internal.inject.Providers.checkProviderRuntime A provider com.nimbusds.openid.connect.provider.logout.endpoint.LogoutSessionEndpoint registered in SERVER runtime does not implement any provider interfaces applicable in the SERVER runtime. Due to constraint configuration problems the provider com.nimbusds.openid.connect.provider.logout.endpoint.LogoutSessionEndpoint will be ignored. 
14-May-2025 12:45:18.646 INFO [main] org.apache.catalina.startup.HostConfig.deployWAR Deployment of web application archive [/home/radu/TAK-Server/src/oidf-server/tomcat/webapps/c2id.war] has finished in [10,790] ms
14-May-2025 12:45:18.647 INFO [main] org.apache.catalina.startup.HostConfig.deployDirectory Deploying web application directory [/home/radu/TAK-Server/src/oidf-server/tomcat/webapps/manager]
14-May-2025 12:45:18.679 INFO [main] org.apache.catalina.startup.HostConfig.deployDirectory Deployment of web application directory [/home/radu/TAK-Server/src/oidf-server/tomcat/webapps/manager] has finished in [32] ms
14-May-2025 12:45:18.680 INFO [main] org.apache.catalina.startup.HostConfig.deployDirectory Deploying web application directory [/home/radu/TAK-Server/src/oidf-server/tomcat/webapps/ROOT]
14-May-2025 12:45:18.694 INFO [main] org.apache.catalina.startup.HostConfig.deployDirectory Deployment of web application directory [/home/radu/TAK-Server/src/oidf-server/tomcat/webapps/ROOT] has finished in [14] ms
14-May-2025 12:45:18.695 INFO [main] org.apache.catalina.startup.HostConfig.deployDirectory Deploying web application directory [/home/radu/TAK-Server/src/oidf-server/tomcat/webapps/host-manager]
14-May-2025 12:45:18.713 INFO [main] org.apache.catalina.startup.HostConfig.deployDirectory Deployment of web application directory [/home/radu/TAK-Server/src/oidf-server/tomcat/webapps/host-manager] has finished in [19] ms
14-May-2025 12:45:18.718 INFO [main] org.apache.coyote.AbstractProtocol.start Starting ProtocolHandler ["http-nio-8080"]
14-May-2025 12:45:18.733 INFO [main] org.apache.catalina.startup.Catalina.start Server startup in [17356] milliseconds
14-May-2025 12:45:36.326 INFO [main] org.apache.catalina.core.StandardServer.await A valid shutdown command was received via the shutdown port. Stopping the Server instance.
14-May-2025 12:45:36.327 INFO [main] org.apache.coyote.AbstractProtocol.pause Pausing ProtocolHandler ["http-nio-8080"]
14-May-2025 12:45:36.329 INFO [main] org.apache.catalina.core.StandardService.stopInternal Stopping service [Catalina]
14-May-2025 12:45:36.775 WARNING [main] org.apache.catalina.loader.WebappClassLoaderBase.clearReferencesThreads The web application [c2id] appears to have started a thread named [RxCachedWorkerPoolEvictor-1] but has failed to stop it. This is very likely to create a memory leak. Stack trace of thread:
 java.base@17.0.15/jdk.internal.misc.Unsafe.park(Native Method)
 java.base@17.0.15/java.util.concurrent.locks.LockSupport.parkNanos(LockSupport.java:252)
 java.base@17.0.15/java.util.concurrent.locks.AbstractQueuedSynchronizer$ConditionObject.awaitNanos(AbstractQueuedSynchronizer.java:1679)
 java.base@17.0.15/java.util.concurrent.ScheduledThreadPoolExecutor$DelayedWorkQueue.take(ScheduledThreadPoolExecutor.java:1182)
 java.base@17.0.15/java.util.concurrent.ScheduledThreadPoolExecutor$DelayedWorkQueue.take(ScheduledThreadPoolExecutor.java:899)
 java.base@17.0.15/java.util.concurrent.ThreadPoolExecutor.getTask(ThreadPoolExecutor.java:1062)
 java.base@17.0.15/java.util.concurrent.ThreadPoolExecutor.runWorker(ThreadPoolExecutor.java:1122)
 java.base@17.0.15/java.util.concurrent.ThreadPoolExecutor$Worker.run(ThreadPoolExecutor.java:635)
 java.base@17.0.15/java.lang.Thread.run(Thread.java:840)
14-May-2025 12:45:36.776 WARNING [main] org.apache.catalina.loader.WebappClassLoaderBase.clearReferencesThreads The web application [c2id] appears to have started a thread named [HttpClient-1-SelectorManager] but has failed to stop it. This is very likely to create a memory leak. Stack trace of thread:
 java.base@17.0.15/sun.nio.ch.EPoll.wait(Native Method)
 java.base@17.0.15/sun.nio.ch.EPollSelectorImpl.doSelect(EPollSelectorImpl.java:118)
 java.base@17.0.15/sun.nio.ch.SelectorImpl.lockAndDoSelect(SelectorImpl.java:129)
 java.base@17.0.15/sun.nio.ch.SelectorImpl.select(SelectorImpl.java:141)
 platform/java.net.http@17.0.15/jdk.internal.net.http.HttpClientImpl$SelectorManager.run(HttpClientImpl.java:894)
14-May-2025 12:45:36.794 INFO [main] org.apache.coyote.AbstractProtocol.stop Stopping ProtocolHandler ["http-nio-8080"]
14-May-2025 12:45:36.798 INFO [main] org.apache.coyote.AbstractProtocol.destroy Destroying ProtocolHandler ["http-nio-8080"]
14-May-2025 12:45:38.904 INFO [main] org.apache.catalina.startup.VersionLoggerListener.log Server version name:   Apache Tomcat/10.1.39
14-May-2025 12:45:38.909 INFO [main] org.apache.catalina.startup.VersionLoggerListener.log Server built:          Mar 4 2025 19:02:32 UTC
14-May-2025 12:45:38.909 INFO [main] org.apache.catalina.startup.VersionLoggerListener.log Server version number: 10.1.39.0
14-May-2025 12:45:38.909 INFO [main] org.apache.catalina.startup.VersionLoggerListener.log OS Name:               Linux
14-May-2025 12:45:38.909 INFO [main] org.apache.catalina.startup.VersionLoggerListener.log OS Version:            6.8.0-59-generic
14-May-2025 12:45:38.909 INFO [main] org.apache.catalina.startup.VersionLoggerListener.log Architecture:          amd64
14-May-2025 12:45:38.909 INFO [main] org.apache.catalina.startup.VersionLoggerListener.log Java Home:             /usr/lib/jvm/java-17-openjdk-amd64
14-May-2025 12:45:38.909 INFO [main] org.apache.catalina.startup.VersionLoggerListener.log JVM Version:           17.0.15+6-Ubuntu-0ubuntu122.04
14-May-2025 12:45:38.910 INFO [main] org.apache.catalina.startup.VersionLoggerListener.log JVM Vendor:            Ubuntu
14-May-2025 12:45:38.910 INFO [main] org.apache.catalina.startup.VersionLoggerListener.log CATALINA_BASE:         /home/radu/TAK-Server/src/oidf-server/tomcat
14-May-2025 12:45:38.910 INFO [main] org.apache.catalina.startup.VersionLoggerListener.log CATALINA_HOME:         /home/radu/TAK-Server/src/oidf-server/tomcat
14-May-2025 12:45:38.912 INFO [main] org.apache.catalina.core.AprLifecycleListener.lifecycleEvent The Apache Tomcat Native library which allows using OpenSSL was not found on the java.library.path: [/home/radu/opt/lib::/usr/java/packages/lib:/usr/lib/x86_64-linux-gnu/jni:/lib/x86_64-linux-gnu:/usr/lib/x86_64-linux-gnu:/usr/lib/jni:/lib:/usr/lib]
14-May-2025 12:45:39.195 INFO [main] org.apache.coyote.AbstractProtocol.init Initializing ProtocolHandler ["http-nio-8080"]
14-May-2025 12:45:39.219 INFO [main] org.apache.catalina.startup.Catalina.load Server initialization in [481] milliseconds
14-May-2025 12:45:39.261 INFO [main] org.apache.catalina.core.StandardService.startInternal Starting service [Catalina]
14-May-2025 12:45:39.261 INFO [main] org.apache.catalina.core.StandardEngine.startInternal Starting Servlet engine: [Apache Tomcat/10.1.39]
14-May-2025 12:45:39.275 INFO [main] org.apache.catalina.startup.HostConfig.deployWAR Deploying web application archive [/home/radu/TAK-Server/src/oidf-server/tomcat/webapps/ldapauth.war]
14-May-2025 12:45:39.637 INFO [main] org.apache.jasper.servlet.TldScanner.scanJars At least one JAR was scanned for TLDs yet contained no TLDs. Enable debug logging for this logger for a complete list of JARs that were scanned but no TLDs were found in them. Skipping unneeded JARs during scanning can improve startup time and JSP compilation time.
14-May-2025 12:45:40.307 INFO [main] org.apache.catalina.startup.HostConfig.deployWAR Deployment of web application archive [/home/radu/TAK-Server/src/oidf-server/tomcat/webapps/ldapauth.war] has finished in [1,032] ms
14-May-2025 12:45:40.308 INFO [main] org.apache.catalina.startup.HostConfig.deployWAR Deploying web application archive [/home/radu/TAK-Server/src/oidf-server/tomcat/webapps/password-grant-handler.war]
14-May-2025 12:45:40.533 INFO [main] org.apache.jasper.servlet.TldScanner.scanJars At least one JAR was scanned for TLDs yet contained no TLDs. Enable debug logging for this logger for a complete list of JARs that were scanned but no TLDs were found in them. Skipping unneeded JARs during scanning can improve startup time and JSP compilation time.
14-May-2025 12:45:40.794 INFO [main] org.apache.catalina.startup.HostConfig.deployWAR Deployment of web application archive [/home/radu/TAK-Server/src/oidf-server/tomcat/webapps/password-grant-handler.war] has finished in [486] ms
14-May-2025 12:45:40.794 INFO [main] org.apache.catalina.startup.HostConfig.deployWAR Deploying web application archive [/home/radu/TAK-Server/src/oidf-server/tomcat/webapps/c2id-login.war]
14-May-2025 12:45:42.385 INFO [main] org.apache.jasper.servlet.TldScanner.scanJars At least one JAR was scanned for TLDs yet contained no TLDs. Enable debug logging for this logger for a complete list of JARs that were scanned but no TLDs were found in them. Skipping unneeded JARs during scanning can improve startup time and JSP compilation time.
14-May-2025 12:45:45.260 INFO [main] org.apache.catalina.startup.HostConfig.deployWAR Deployment of web application archive [/home/radu/TAK-Server/src/oidf-server/tomcat/webapps/c2id-login.war] has finished in [4,466] ms
14-May-2025 12:45:45.261 INFO [main] org.apache.catalina.startup.HostConfig.deployWAR Deploying web application archive [/home/radu/TAK-Server/src/oidf-server/tomcat/webapps/oidc-client.war]
14-May-2025 12:45:46.173 INFO [main] org.apache.catalina.startup.HostConfig.deployWAR Deployment of web application archive [/home/radu/TAK-Server/src/oidf-server/tomcat/webapps/oidc-client.war] has finished in [912] ms
14-May-2025 12:45:46.174 INFO [main] org.apache.catalina.startup.HostConfig.deployWAR Deploying web application archive [/home/radu/TAK-Server/src/oidf-server/tomcat/webapps/c2id-logout.war]
14-May-2025 12:45:46.322 INFO [main] org.apache.jasper.servlet.TldScanner.scanJars At least one JAR was scanned for TLDs yet contained no TLDs. Enable debug logging for this logger for a complete list of JARs that were scanned but no TLDs were found in them. Skipping unneeded JARs during scanning can improve startup time and JSP compilation time.
14-May-2025 12:45:46.331 INFO [main] org.apache.catalina.startup.HostConfig.deployWAR Deployment of web application archive [/home/radu/TAK-Server/src/oidf-server/tomcat/webapps/c2id-logout.war] has finished in [156] ms
14-May-2025 12:45:46.331 INFO [main] org.apache.catalina.startup.HostConfig.deployWAR Deploying web application archive [/home/radu/TAK-Server/src/oidf-server/tomcat/webapps/c2id.war]
14-May-2025 12:45:50.922 INFO [main] org.apache.jasper.servlet.TldScanner.scanJars At least one JAR was scanned for TLDs yet contained no TLDs. Enable debug logging for this logger for a complete list of JARs that were scanned but no TLDs were found in them. Skipping unneeded JARs during scanning can improve startup time and JSP compilation time.
14-May-2025 12:45:56.650 WARNING [main] org.glassfish.jersey.message.internal.MessagingBinders$EnabledProvidersBinder.bindToBinder A class jakarta.activation.DataSource for a default provider MessageBodyWriter<jakarta.activation.DataSource> was not found. The provider is not available.
14-May-2025 12:45:56.683 WARNING [main] org.glassfish.jersey.server.wadl.WadlFeature.configure JAX-B API not found . WADL feature is disabled.
14-May-2025 12:45:56.811 WARNING [main] org.glassfish.jersey.internal.inject.Providers.checkProviderRuntime A provider com.nimbusds.openid.connect.provider.sts.STSEndpoint registered in SERVER runtime does not implement any provider interfaces applicable in the SERVER runtime. Due to constraint configuration problems the provider com.nimbusds.openid.connect.provider.sts.STSEndpoint will be ignored. 
14-May-2025 12:45:57.059 WARNING [main] org.glassfish.jersey.server.wadl.WadlFeature.configure JAX-B API not found . WADL feature is disabled.
14-May-2025 12:45:57.079 WARNING [main] org.glassfish.jersey.internal.inject.Providers.checkProviderRuntime A provider com.nimbusds.authzstore.rest.WebAPI registered in SERVER runtime does not implement any provider interfaces applicable in the SERVER runtime. Due to constraint configuration problems the provider com.nimbusds.authzstore.rest.WebAPI will be ignored. 
14-May-2025 12:45:57.271 WARNING [main] org.glassfish.jersey.server.wadl.WadlFeature.configure JAX-B API not found . WADL feature is disabled.
14-May-2025 12:45:57.292 WARNING [main] org.glassfish.jersey.internal.inject.Providers.checkProviderRuntime A provider com.nimbusds.openid.connect.provider.ciba.sessions.CIBASessionsEndpoint registered in SERVER runtime does not implement any provider interfaces applicable in the SERVER runtime. Due to constraint configuration problems the provider com.nimbusds.openid.connect.provider.ciba.sessions.CIBASessionsEndpoint will be ignored. 
14-May-2025 12:45:57.386 WARNING [main] org.glassfish.jersey.server.wadl.WadlFeature.configure JAX-B API not found . WADL feature is disabled.
14-May-2025 12:45:57.398 WARNING [main] org.glassfish.jersey.internal.inject.Providers.checkProviderRuntime A provider com.nimbusds.openid.connect.provider.checksession.CheckSessionBackendEndpoint registered in SERVER runtime does not implement any provider interfaces applicable in the SERVER runtime. Due to constraint configuration problems the provider com.nimbusds.openid.connect.provider.checksession.CheckSessionBackendEndpoint will be ignored. 
14-May-2025 12:45:57.483 WARNING [main] org.glassfish.jersey.server.wadl.WadlFeature.configure JAX-B API not found . WADL feature is disabled.
14-May-2025 12:45:57.643 WARNING [main] org.glassfish.jersey.server.wadl.WadlFeature.configure JAX-B API not found . WADL feature is disabled.
14-May-2025 12:45:57.662 WARNING [main] org.glassfish.jersey.internal.inject.Providers.checkProviderRuntime A provider com.nimbusds.sessionstore.rest.WebAPI registered in SERVER runtime does not implement any provider interfaces applicable in the SERVER runtime. Due to constraint configuration problems the provider com.nimbusds.sessionstore.rest.WebAPI will be ignored. 
14-May-2025 12:45:57.762 WARNING [main] org.glassfish.jersey.server.wadl.WadlFeature.configure JAX-B API not found . WADL feature is disabled.
14-May-2025 12:45:57.767 WARNING [main] org.glassfish.jersey.internal.inject.Providers.checkProviderRuntime A provider com.nimbusds.openid.connect.provider.authz.AuthorizationSessionEndpoint registered in SERVER runtime does not implement any provider interfaces applicable in the SERVER runtime. Due to constraint configuration problems the provider com.nimbusds.openid.connect.provider.authz.AuthorizationSessionEndpoint will be ignored. 
14-May-2025 12:45:57.807 WARNING [main] org.glassfish.jersey.server.wadl.WadlFeature.configure JAX-B API not found . WADL feature is disabled.
14-May-2025 12:45:57.810 WARNING [main] org.glassfish.jersey.internal.inject.Providers.checkProviderRuntime A provider com.nimbusds.openid.connect.provider.config.ConfigurationEndpoint registered in SERVER runtime does not implement any provider interfaces applicable in the SERVER runtime. Due to constraint configuration problems the provider com.nimbusds.openid.connect.provider.config.ConfigurationEndpoint will be ignored. 
14-May-2025 12:45:57.857 WARNING [main] org.glassfish.jersey.server.wadl.WadlFeature.configure JAX-B API not found . WADL feature is disabled.
14-May-2025 12:45:57.860 WARNING [main] org.glassfish.jersey.internal.inject.Providers.checkProviderRuntime A provider com.nimbusds.openid.connect.provider.authz.DirectAuthorizationEndpoint registered in SERVER runtime does not implement any provider interfaces applicable in the SERVER runtime. Due to constraint configuration problems the provider com.nimbusds.openid.connect.provider.authz.DirectAuthorizationEndpoint will be ignored. 
14-May-2025 12:45:57.885 WARNING [main] org.glassfish.jersey.server.wadl.WadlFeature.configure JAX-B API not found . WADL feature is disabled.
14-May-2025 12:45:57.892 WARNING [main] org.glassfish.jersey.internal.inject.Providers.checkProviderRuntime A provider com.nimbusds.openid.connect.provider.logout.endpoint.LogoutSessionEndpoint registered in SERVER runtime does not implement any provider interfaces applicable in the SERVER runtime. Due to constraint configuration problems the provider com.nimbusds.openid.connect.provider.logout.endpoint.LogoutSessionEndpoint will be ignored. 
14-May-2025 12:45:58.030 INFO [main] org.apache.catalina.startup.HostConfig.deployWAR Deployment of web application archive [/home/radu/TAK-Server/src/oidf-server/tomcat/webapps/c2id.war] has finished in [11,698] ms
14-May-2025 12:45:58.030 INFO [main] org.apache.catalina.startup.HostConfig.deployDirectory Deploying web application directory [/home/radu/TAK-Server/src/oidf-server/tomcat/webapps/manager]
14-May-2025 12:45:58.093 INFO [main] org.apache.catalina.startup.HostConfig.deployDirectory Deployment of web application directory [/home/radu/TAK-Server/src/oidf-server/tomcat/webapps/manager] has finished in [62] ms
14-May-2025 12:45:58.093 INFO [main] org.apache.catalina.startup.HostConfig.deployDirectory Deploying web application directory [/home/radu/TAK-Server/src/oidf-server/tomcat/webapps/ROOT]
14-May-2025 12:45:58.122 INFO [main] org.apache.catalina.startup.HostConfig.deployDirectory Deployment of web application directory [/home/radu/TAK-Server/src/oidf-server/tomcat/webapps/ROOT] has finished in [29] ms
14-May-2025 12:45:58.123 INFO [main] org.apache.catalina.startup.HostConfig.deployDirectory Deploying web application directory [/home/radu/TAK-Server/src/oidf-server/tomcat/webapps/host-manager]
14-May-2025 12:45:58.153 INFO [main] org.apache.catalina.startup.HostConfig.deployDirectory Deployment of web application directory [/home/radu/TAK-Server/src/oidf-server/tomcat/webapps/host-manager] has finished in [30] ms
14-May-2025 12:45:58.161 INFO [main] org.apache.coyote.AbstractProtocol.start Starting ProtocolHandler ["http-nio-8080"]
14-May-2025 12:45:58.191 INFO [main] org.apache.catalina.startup.Catalina.start Server startup in [18971] milliseconds
14-May-2025 12:46:06.936 INFO [main] org.apache.catalina.core.StandardServer.await A valid shutdown command was received via the shutdown port. Stopping the Server instance.
14-May-2025 12:46:06.936 INFO [main] org.apache.coyote.AbstractProtocol.pause Pausing ProtocolHandler ["http-nio-8080"]
14-May-2025 12:46:06.938 INFO [main] org.apache.catalina.core.StandardService.stopInternal Stopping service [Catalina]
14-May-2025 12:46:07.427 WARNING [main] org.apache.catalina.loader.WebappClassLoaderBase.clearReferencesThreads The web application [c2id] appears to have started a thread named [RxCachedWorkerPoolEvictor-1] but has failed to stop it. This is very likely to create a memory leak. Stack trace of thread:
 java.base@17.0.15/jdk.internal.misc.Unsafe.park(Native Method)
 java.base@17.0.15/java.util.concurrent.locks.LockSupport.parkNanos(LockSupport.java:252)
 java.base@17.0.15/java.util.concurrent.locks.AbstractQueuedSynchronizer$ConditionObject.awaitNanos(AbstractQueuedSynchronizer.java:1679)
 java.base@17.0.15/java.util.concurrent.ScheduledThreadPoolExecutor$DelayedWorkQueue.take(ScheduledThreadPoolExecutor.java:1182)
 java.base@17.0.15/java.util.concurrent.ScheduledThreadPoolExecutor$DelayedWorkQueue.take(ScheduledThreadPoolExecutor.java:899)
 java.base@17.0.15/java.util.concurrent.ThreadPoolExecutor.getTask(ThreadPoolExecutor.java:1062)
 java.base@17.0.15/java.util.concurrent.ThreadPoolExecutor.runWorker(ThreadPoolExecutor.java:1122)
 java.base@17.0.15/java.util.concurrent.ThreadPoolExecutor$Worker.run(ThreadPoolExecutor.java:635)
 java.base@17.0.15/java.lang.Thread.run(Thread.java:840)
14-May-2025 12:46:07.427 WARNING [main] org.apache.catalina.loader.WebappClassLoaderBase.clearReferencesThreads The web application [c2id] appears to have started a thread named [HttpClient-1-SelectorManager] but has failed to stop it. This is very likely to create a memory leak. Stack trace of thread:
 java.base@17.0.15/sun.nio.ch.EPoll.wait(Native Method)
 java.base@17.0.15/sun.nio.ch.EPollSelectorImpl.doSelect(EPollSelectorImpl.java:118)
 java.base@17.0.15/sun.nio.ch.SelectorImpl.lockAndDoSelect(SelectorImpl.java:129)
 java.base@17.0.15/sun.nio.ch.SelectorImpl.select(SelectorImpl.java:141)
 platform/java.net.http@17.0.15/jdk.internal.net.http.HttpClientImpl$SelectorManager.run(HttpClientImpl.java:894)
14-May-2025 12:46:07.447 INFO [main] org.apache.coyote.AbstractProtocol.stop Stopping ProtocolHandler ["http-nio-8080"]
14-May-2025 12:46:07.457 INFO [main] org.apache.coyote.AbstractProtocol.destroy Destroying ProtocolHandler ["http-nio-8080"]
14-May-2025 12:46:12.283 INFO [main] org.apache.catalina.startup.VersionLoggerListener.log Server version name:   Apache Tomcat/10.1.39
14-May-2025 12:46:12.291 INFO [main] org.apache.catalina.startup.VersionLoggerListener.log Server built:          Mar 4 2025 19:02:32 UTC
14-May-2025 12:46:12.291 INFO [main] org.apache.catalina.startup.VersionLoggerListener.log Server version number: 10.1.39.0
14-May-2025 12:46:12.291 INFO [main] org.apache.catalina.startup.VersionLoggerListener.log OS Name:               Linux
14-May-2025 12:46:12.296 INFO [main] org.apache.catalina.startup.VersionLoggerListener.log OS Version:            6.8.0-59-generic
14-May-2025 12:46:12.296 INFO [main] org.apache.catalina.startup.VersionLoggerListener.log Architecture:          amd64
14-May-2025 12:46:12.296 INFO [main] org.apache.catalina.startup.VersionLoggerListener.log Java Home:             /usr/lib/jvm/java-17-openjdk-amd64
14-May-2025 12:46:12.296 INFO [main] org.apache.catalina.startup.VersionLoggerListener.log JVM Version:           17.0.15+6-Ubuntu-0ubuntu122.04
14-May-2025 12:46:12.296 INFO [main] org.apache.catalina.startup.VersionLoggerListener.log JVM Vendor:            Ubuntu
14-May-2025 12:46:12.297 INFO [main] org.apache.catalina.startup.VersionLoggerListener.log CATALINA_BASE:         /home/radu/TAK-Server/src/oidf-server/tomcat
14-May-2025 12:46:12.297 INFO [main] org.apache.catalina.startup.VersionLoggerListener.log CATALINA_HOME:         /home/radu/TAK-Server/src/oidf-server/tomcat
14-May-2025 12:46:12.298 INFO [main] org.apache.catalina.core.AprLifecycleListener.lifecycleEvent The Apache Tomcat Native library which allows using OpenSSL was not found on the java.library.path: [/home/radu/opt/lib::/usr/java/packages/lib:/usr/lib/x86_64-linux-gnu/jni:/lib/x86_64-linux-gnu:/usr/lib/x86_64-linux-gnu:/usr/lib/jni:/lib:/usr/lib]
14-May-2025 12:46:12.638 INFO [main] org.apache.coyote.AbstractProtocol.init Initializing ProtocolHandler ["http-nio-8080"]
14-May-2025 12:46:12.668 INFO [main] org.apache.catalina.startup.Catalina.load Server initialization in [547] milliseconds
14-May-2025 12:46:12.730 INFO [main] org.apache.catalina.core.StandardService.startInternal Starting service [Catalina]
14-May-2025 12:46:12.731 INFO [main] org.apache.catalina.core.StandardEngine.startInternal Starting Servlet engine: [Apache Tomcat/10.1.39]
14-May-2025 12:46:12.751 INFO [main] org.apache.catalina.startup.HostConfig.deployWAR Deploying web application archive [/home/radu/TAK-Server/src/oidf-server/tomcat/webapps/ldapauth.war]
14-May-2025 12:46:13.268 INFO [main] org.apache.jasper.servlet.TldScanner.scanJars At least one JAR was scanned for TLDs yet contained no TLDs. Enable debug logging for this logger for a complete list of JARs that were scanned but no TLDs were found in them. Skipping unneeded JARs during scanning can improve startup time and JSP compilation time.
14-May-2025 12:46:14.043 INFO [main] org.apache.catalina.startup.HostConfig.deployWAR Deployment of web application archive [/home/radu/TAK-Server/src/oidf-server/tomcat/webapps/ldapauth.war] has finished in [1,292] ms
14-May-2025 12:46:14.044 INFO [main] org.apache.catalina.startup.HostConfig.deployWAR Deploying web application archive [/home/radu/TAK-Server/src/oidf-server/tomcat/webapps/password-grant-handler.war]
14-May-2025 12:46:14.249 INFO [main] org.apache.jasper.servlet.TldScanner.scanJars At least one JAR was scanned for TLDs yet contained no TLDs. Enable debug logging for this logger for a complete list of JARs that were scanned but no TLDs were found in them. Skipping unneeded JARs during scanning can improve startup time and JSP compilation time.
14-May-2025 12:46:14.531 INFO [main] org.apache.catalina.startup.HostConfig.deployWAR Deployment of web application archive [/home/radu/TAK-Server/src/oidf-server/tomcat/webapps/password-grant-handler.war] has finished in [486] ms
14-May-2025 12:46:14.531 INFO [main] org.apache.catalina.startup.HostConfig.deployWAR Deploying web application archive [/home/radu/TAK-Server/src/oidf-server/tomcat/webapps/c2id-login.war]
14-May-2025 12:46:15.609 INFO [main] org.apache.jasper.servlet.TldScanner.scanJars At least one JAR was scanned for TLDs yet contained no TLDs. Enable debug logging for this logger for a complete list of JARs that were scanned but no TLDs were found in them. Skipping unneeded JARs during scanning can improve startup time and JSP compilation time.
14-May-2025 12:46:18.479 INFO [main] org.apache.catalina.startup.HostConfig.deployWAR Deployment of web application archive [/home/radu/TAK-Server/src/oidf-server/tomcat/webapps/c2id-login.war] has finished in [3,948] ms
14-May-2025 12:46:18.481 INFO [main] org.apache.catalina.startup.HostConfig.deployWAR Deploying web application archive [/home/radu/TAK-Server/src/oidf-server/tomcat/webapps/oidc-client.war]
14-May-2025 12:46:19.364 INFO [main] org.apache.catalina.startup.HostConfig.deployWAR Deployment of web application archive [/home/radu/TAK-Server/src/oidf-server/tomcat/webapps/oidc-client.war] has finished in [884] ms
14-May-2025 12:46:19.364 INFO [main] org.apache.catalina.startup.HostConfig.deployWAR Deploying web application archive [/home/radu/TAK-Server/src/oidf-server/tomcat/webapps/c2id-logout.war]
14-May-2025 12:46:19.516 INFO [main] org.apache.jasper.servlet.TldScanner.scanJars At least one JAR was scanned for TLDs yet contained no TLDs. Enable debug logging for this logger for a complete list of JARs that were scanned but no TLDs were found in them. Skipping unneeded JARs during scanning can improve startup time and JSP compilation time.
14-May-2025 12:46:19.527 INFO [main] org.apache.catalina.startup.HostConfig.deployWAR Deployment of web application archive [/home/radu/TAK-Server/src/oidf-server/tomcat/webapps/c2id-logout.war] has finished in [163] ms
14-May-2025 12:46:19.528 INFO [main] org.apache.catalina.startup.HostConfig.deployWAR Deploying web application archive [/home/radu/TAK-Server/src/oidf-server/tomcat/webapps/c2id.war]
14-May-2025 12:46:24.567 INFO [main] org.apache.jasper.servlet.TldScanner.scanJars At least one JAR was scanned for TLDs yet contained no TLDs. Enable debug logging for this logger for a complete list of JARs that were scanned but no TLDs were found in them. Skipping unneeded JARs during scanning can improve startup time and JSP compilation time.
14-May-2025 12:46:30.536 WARNING [main] org.glassfish.jersey.message.internal.MessagingBinders$EnabledProvidersBinder.bindToBinder A class jakarta.activation.DataSource for a default provider MessageBodyWriter<jakarta.activation.DataSource> was not found. The provider is not available.
14-May-2025 12:46:30.573 WARNING [main] org.glassfish.jersey.server.wadl.WadlFeature.configure JAX-B API not found . WADL feature is disabled.
14-May-2025 12:46:30.715 WARNING [main] org.glassfish.jersey.internal.inject.Providers.checkProviderRuntime A provider com.nimbusds.openid.connect.provider.sts.STSEndpoint registered in SERVER runtime does not implement any provider interfaces applicable in the SERVER runtime. Due to constraint configuration problems the provider com.nimbusds.openid.connect.provider.sts.STSEndpoint will be ignored. 
14-May-2025 12:46:30.891 WARNING [main] org.glassfish.jersey.server.wadl.WadlFeature.configure JAX-B API not found . WADL feature is disabled.
14-May-2025 12:46:30.903 WARNING [main] org.glassfish.jersey.internal.inject.Providers.checkProviderRuntime A provider com.nimbusds.authzstore.rest.WebAPI registered in SERVER runtime does not implement any provider interfaces applicable in the SERVER runtime. Due to constraint configuration problems the provider com.nimbusds.authzstore.rest.WebAPI will be ignored. 
14-May-2025 12:46:30.980 WARNING [main] org.glassfish.jersey.server.wadl.WadlFeature.configure JAX-B API not found . WADL feature is disabled.
14-May-2025 12:46:30.983 WARNING [main] org.glassfish.jersey.internal.inject.Providers.checkProviderRuntime A provider com.nimbusds.openid.connect.provider.ciba.sessions.CIBASessionsEndpoint registered in SERVER runtime does not implement any provider interfaces applicable in the SERVER runtime. Due to constraint configuration problems the provider com.nimbusds.openid.connect.provider.ciba.sessions.CIBASessionsEndpoint will be ignored. 
14-May-2025 12:46:31.015 WARNING [main] org.glassfish.jersey.server.wadl.WadlFeature.configure JAX-B API not found . WADL feature is disabled.
14-May-2025 12:46:31.019 WARNING [main] org.glassfish.jersey.internal.inject.Providers.checkProviderRuntime A provider com.nimbusds.openid.connect.provider.checksession.CheckSessionBackendEndpoint registered in SERVER runtime does not implement any provider interfaces applicable in the SERVER runtime. Due to constraint configuration problems the provider com.nimbusds.openid.connect.provider.checksession.CheckSessionBackendEndpoint will be ignored. 
14-May-2025 12:46:31.054 WARNING [main] org.glassfish.jersey.server.wadl.WadlFeature.configure JAX-B API not found . WADL feature is disabled.
14-May-2025 12:46:31.113 WARNING [main] org.glassfish.jersey.server.wadl.WadlFeature.configure JAX-B API not found . WADL feature is disabled.
14-May-2025 12:46:31.120 WARNING [main] org.glassfish.jersey.internal.inject.Providers.checkProviderRuntime A provider com.nimbusds.sessionstore.rest.WebAPI registered in SERVER runtime does not implement any provider interfaces applicable in the SERVER runtime. Due to constraint configuration problems the provider com.nimbusds.sessionstore.rest.WebAPI will be ignored. 
14-May-2025 12:46:31.171 WARNING [main] org.glassfish.jersey.server.wadl.WadlFeature.configure JAX-B API not found . WADL feature is disabled.
14-May-2025 12:46:31.176 WARNING [main] org.glassfish.jersey.internal.inject.Providers.checkProviderRuntime A provider com.nimbusds.openid.connect.provider.authz.AuthorizationSessionEndpoint registered in SERVER runtime does not implement any provider interfaces applicable in the SERVER runtime. Due to constraint configuration problems the provider com.nimbusds.openid.connect.provider.authz.AuthorizationSessionEndpoint will be ignored. 
14-May-2025 12:46:31.210 WARNING [main] org.glassfish.jersey.server.wadl.WadlFeature.configure JAX-B API not found . WADL feature is disabled.
14-May-2025 12:46:31.213 WARNING [main] org.glassfish.jersey.internal.inject.Providers.checkProviderRuntime A provider com.nimbusds.openid.connect.provider.config.ConfigurationEndpoint registered in SERVER runtime does not implement any provider interfaces applicable in the SERVER runtime. Due to constraint configuration problems the provider com.nimbusds.openid.connect.provider.config.ConfigurationEndpoint will be ignored. 
14-May-2025 12:46:31.236 WARNING [main] org.glassfish.jersey.server.wadl.WadlFeature.configure JAX-B API not found . WADL feature is disabled.
14-May-2025 12:46:31.238 WARNING [main] org.glassfish.jersey.internal.inject.Providers.checkProviderRuntime A provider com.nimbusds.openid.connect.provider.authz.DirectAuthorizationEndpoint registered in SERVER runtime does not implement any provider interfaces applicable in the SERVER runtime. Due to constraint configuration problems the provider com.nimbusds.openid.connect.provider.authz.DirectAuthorizationEndpoint will be ignored. 
14-May-2025 12:46:31.261 WARNING [main] org.glassfish.jersey.server.wadl.WadlFeature.configure JAX-B API not found . WADL feature is disabled.
14-May-2025 12:46:31.265 WARNING [main] org.glassfish.jersey.internal.inject.Providers.checkProviderRuntime A provider com.nimbusds.openid.connect.provider.logout.endpoint.LogoutSessionEndpoint registered in SERVER runtime does not implement any provider interfaces applicable in the SERVER runtime. Due to constraint configuration problems the provider com.nimbusds.openid.connect.provider.logout.endpoint.LogoutSessionEndpoint will be ignored. 
14-May-2025 12:46:31.388 INFO [main] org.apache.catalina.startup.HostConfig.deployWAR Deployment of web application archive [/home/radu/TAK-Server/src/oidf-server/tomcat/webapps/c2id.war] has finished in [11,860] ms
14-May-2025 12:46:31.388 INFO [main] org.apache.catalina.startup.HostConfig.deployDirectory Deploying web application directory [/home/radu/TAK-Server/src/oidf-server/tomcat/webapps/manager]
14-May-2025 12:46:31.414 INFO [main] org.apache.catalina.startup.HostConfig.deployDirectory Deployment of web application directory [/home/radu/TAK-Server/src/oidf-server/tomcat/webapps/manager] has finished in [26] ms
14-May-2025 12:46:31.414 INFO [main] org.apache.catalina.startup.HostConfig.deployDirectory Deploying web application directory [/home/radu/TAK-Server/src/oidf-server/tomcat/webapps/ROOT]
14-May-2025 12:46:31.426 INFO [main] org.apache.catalina.startup.HostConfig.deployDirectory Deployment of web application directory [/home/radu/TAK-Server/src/oidf-server/tomcat/webapps/ROOT] has finished in [12] ms
14-May-2025 12:46:31.427 INFO [main] org.apache.catalina.startup.HostConfig.deployDirectory Deploying web application directory [/home/radu/TAK-Server/src/oidf-server/tomcat/webapps/host-manager]
14-May-2025 12:46:31.442 INFO [main] org.apache.catalina.startup.HostConfig.deployDirectory Deployment of web application directory [/home/radu/TAK-Server/src/oidf-server/tomcat/webapps/host-manager] has finished in [14] ms
14-May-2025 12:46:31.445 INFO [main] org.apache.coyote.AbstractProtocol.start Starting ProtocolHandler ["http-nio-8080"]
14-May-2025 12:46:31.458 INFO [main] org.apache.catalina.startup.Catalina.start Server startup in [18789] milliseconds
14-May-2025 12:46:39.661 INFO [main] org.apache.catalina.core.StandardServer.await A valid shutdown command was received via the shutdown port. Stopping the Server instance.
14-May-2025 12:46:39.662 INFO [main] org.apache.coyote.AbstractProtocol.pause Pausing ProtocolHandler ["http-nio-8080"]
14-May-2025 12:46:39.663 INFO [main] org.apache.catalina.core.StandardService.stopInternal Stopping service [Catalina]
14-May-2025 12:46:40.101 WARNING [main] org.apache.catalina.loader.WebappClassLoaderBase.clearReferencesThreads The web application [c2id] appears to have started a thread named [RxCachedWorkerPoolEvictor-1] but has failed to stop it. This is very likely to create a memory leak. Stack trace of thread:
 java.base@17.0.15/jdk.internal.misc.Unsafe.park(Native Method)
 java.base@17.0.15/java.util.concurrent.locks.LockSupport.parkNanos(LockSupport.java:252)
 java.base@17.0.15/java.util.concurrent.locks.AbstractQueuedSynchronizer$ConditionObject.awaitNanos(AbstractQueuedSynchronizer.java:1679)
 java.base@17.0.15/java.util.concurrent.ScheduledThreadPoolExecutor$DelayedWorkQueue.take(ScheduledThreadPoolExecutor.java:1182)
 java.base@17.0.15/java.util.concurrent.ScheduledThreadPoolExecutor$DelayedWorkQueue.take(ScheduledThreadPoolExecutor.java:899)
 java.base@17.0.15/java.util.concurrent.ThreadPoolExecutor.getTask(ThreadPoolExecutor.java:1062)
 java.base@17.0.15/java.util.concurrent.ThreadPoolExecutor.runWorker(ThreadPoolExecutor.java:1122)
 java.base@17.0.15/java.util.concurrent.ThreadPoolExecutor$Worker.run(ThreadPoolExecutor.java:635)
 java.base@17.0.15/java.lang.Thread.run(Thread.java:840)
14-May-2025 12:46:40.102 WARNING [main] org.apache.catalina.loader.WebappClassLoaderBase.clearReferencesThreads The web application [c2id] appears to have started a thread named [HttpClient-1-SelectorManager] but has failed to stop it. This is very likely to create a memory leak. Stack trace of thread:
 java.base@17.0.15/sun.nio.ch.EPoll.wait(Native Method)
 java.base@17.0.15/sun.nio.ch.EPollSelectorImpl.doSelect(EPollSelectorImpl.java:118)
 java.base@17.0.15/sun.nio.ch.SelectorImpl.lockAndDoSelect(SelectorImpl.java:129)
 java.base@17.0.15/sun.nio.ch.SelectorImpl.select(SelectorImpl.java:141)
 platform/java.net.http@17.0.15/jdk.internal.net.http.HttpClientImpl$SelectorManager.run(HttpClientImpl.java:894)
14-May-2025 12:46:40.120 INFO [main] org.apache.coyote.AbstractProtocol.stop Stopping ProtocolHandler ["http-nio-8080"]
14-May-2025 12:46:40.126 INFO [main] org.apache.coyote.AbstractProtocol.destroy Destroying ProtocolHandler ["http-nio-8080"]
14-May-2025 12:47:00.438 INFO [main] org.apache.catalina.startup.VersionLoggerListener.log Server version name:   Apache Tomcat/10.1.39
14-May-2025 12:47:00.443 INFO [main] org.apache.catalina.startup.VersionLoggerListener.log Server built:          Mar 4 2025 19:02:32 UTC
14-May-2025 12:47:00.443 INFO [main] org.apache.catalina.startup.VersionLoggerListener.log Server version number: 10.1.39.0
14-May-2025 12:47:00.443 INFO [main] org.apache.catalina.startup.VersionLoggerListener.log OS Name:               Linux
14-May-2025 12:47:00.444 INFO [main] org.apache.catalina.startup.VersionLoggerListener.log OS Version:            6.8.0-59-generic
14-May-2025 12:47:00.444 INFO [main] org.apache.catalina.startup.VersionLoggerListener.log Architecture:          amd64
14-May-2025 12:47:00.444 INFO [main] org.apache.catalina.startup.VersionLoggerListener.log Java Home:             /usr/lib/jvm/java-17-openjdk-amd64
14-May-2025 12:47:00.444 INFO [main] org.apache.catalina.startup.VersionLoggerListener.log JVM Version:           17.0.15+6-Ubuntu-0ubuntu122.04
14-May-2025 12:47:00.444 INFO [main] org.apache.catalina.startup.VersionLoggerListener.log JVM Vendor:            Ubuntu
14-May-2025 12:47:00.444 INFO [main] org.apache.catalina.startup.VersionLoggerListener.log CATALINA_BASE:         /home/radu/TAK-Server/src/oidf-server/tomcat
14-May-2025 12:47:00.444 INFO [main] org.apache.catalina.startup.VersionLoggerListener.log CATALINA_HOME:         /home/radu/TAK-Server/src/oidf-server/tomcat
14-May-2025 12:47:00.446 INFO [main] org.apache.catalina.core.AprLifecycleListener.lifecycleEvent The Apache Tomcat Native library which allows using OpenSSL was not found on the java.library.path: [/home/radu/opt/lib::/usr/java/packages/lib:/usr/lib/x86_64-linux-gnu/jni:/lib/x86_64-linux-gnu:/usr/lib/x86_64-linux-gnu:/usr/lib/jni:/lib:/usr/lib]
14-May-2025 12:47:00.734 INFO [main] org.apache.coyote.AbstractProtocol.init Initializing ProtocolHandler ["http-nio-8080"]
14-May-2025 12:47:00.758 INFO [main] org.apache.catalina.startup.Catalina.load Server initialization in [481] milliseconds
14-May-2025 12:47:00.807 INFO [main] org.apache.catalina.core.StandardService.startInternal Starting service [Catalina]
14-May-2025 12:47:00.807 INFO [main] org.apache.catalina.core.StandardEngine.startInternal Starting Servlet engine: [Apache Tomcat/10.1.39]
14-May-2025 12:47:00.823 INFO [main] org.apache.catalina.startup.HostConfig.deployWAR Deploying web application archive [/home/radu/TAK-Server/src/oidf-server/tomcat/webapps/ldapauth.war]
14-May-2025 12:47:01.185 INFO [main] org.apache.jasper.servlet.TldScanner.scanJars At least one JAR was scanned for TLDs yet contained no TLDs. Enable debug logging for this logger for a complete list of JARs that were scanned but no TLDs were found in them. Skipping unneeded JARs during scanning can improve startup time and JSP compilation time.
14-May-2025 12:47:01.929 INFO [main] org.apache.catalina.startup.HostConfig.deployWAR Deployment of web application archive [/home/radu/TAK-Server/src/oidf-server/tomcat/webapps/ldapauth.war] has finished in [1,106] ms
14-May-2025 12:47:01.930 INFO [main] org.apache.catalina.startup.HostConfig.deployWAR Deploying web application archive [/home/radu/TAK-Server/src/oidf-server/tomcat/webapps/password-grant-handler.war]
14-May-2025 12:47:02.120 INFO [main] org.apache.jasper.servlet.TldScanner.scanJars At least one JAR was scanned for TLDs yet contained no TLDs. Enable debug logging for this logger for a complete list of JARs that were scanned but no TLDs were found in them. Skipping unneeded JARs during scanning can improve startup time and JSP compilation time.
14-May-2025 12:47:02.385 INFO [main] org.apache.catalina.startup.HostConfig.deployWAR Deployment of web application archive [/home/radu/TAK-Server/src/oidf-server/tomcat/webapps/password-grant-handler.war] has finished in [454] ms
14-May-2025 12:47:02.385 INFO [main] org.apache.catalina.startup.HostConfig.deployWAR Deploying web application archive [/home/radu/TAK-Server/src/oidf-server/tomcat/webapps/c2id-login.war]
14-May-2025 12:47:03.415 INFO [main] org.apache.jasper.servlet.TldScanner.scanJars At least one JAR was scanned for TLDs yet contained no TLDs. Enable debug logging for this logger for a complete list of JARs that were scanned but no TLDs were found in them. Skipping unneeded JARs during scanning can improve startup time and JSP compilation time.
14-May-2025 12:47:06.031 INFO [main] org.apache.catalina.startup.HostConfig.deployWAR Deployment of web application archive [/home/radu/TAK-Server/src/oidf-server/tomcat/webapps/c2id-login.war] has finished in [3,645] ms
14-May-2025 12:47:06.032 INFO [main] org.apache.catalina.startup.HostConfig.deployWAR Deploying web application archive [/home/radu/TAK-Server/src/oidf-server/tomcat/webapps/oidc-client.war]
14-May-2025 12:47:06.957 INFO [main] org.apache.catalina.startup.HostConfig.deployWAR Deployment of web application archive [/home/radu/TAK-Server/src/oidf-server/tomcat/webapps/oidc-client.war] has finished in [925] ms
14-May-2025 12:47:06.958 INFO [main] org.apache.catalina.startup.HostConfig.deployWAR Deploying web application archive [/home/radu/TAK-Server/src/oidf-server/tomcat/webapps/c2id-logout.war]
14-May-2025 12:47:07.105 INFO [main] org.apache.jasper.servlet.TldScanner.scanJars At least one JAR was scanned for TLDs yet contained no TLDs. Enable debug logging for this logger for a complete list of JARs that were scanned but no TLDs were found in them. Skipping unneeded JARs during scanning can improve startup time and JSP compilation time.
14-May-2025 12:47:07.115 INFO [main] org.apache.catalina.startup.HostConfig.deployWAR Deployment of web application archive [/home/radu/TAK-Server/src/oidf-server/tomcat/webapps/c2id-logout.war] has finished in [156] ms
14-May-2025 12:47:07.115 INFO [main] org.apache.catalina.startup.HostConfig.deployWAR Deploying web application archive [/home/radu/TAK-Server/src/oidf-server/tomcat/webapps/c2id.war]
14-May-2025 12:47:11.776 INFO [main] org.apache.jasper.servlet.TldScanner.scanJars At least one JAR was scanned for TLDs yet contained no TLDs. Enable debug logging for this logger for a complete list of JARs that were scanned but no TLDs were found in them. Skipping unneeded JARs during scanning can improve startup time and JSP compilation time.
14-May-2025 12:47:17.463 WARNING [main] org.glassfish.jersey.message.internal.MessagingBinders$EnabledProvidersBinder.bindToBinder A class jakarta.activation.DataSource for a default provider MessageBodyWriter<jakarta.activation.DataSource> was not found. The provider is not available.
14-May-2025 12:47:17.488 WARNING [main] org.glassfish.jersey.server.wadl.WadlFeature.configure JAX-B API not found . WADL feature is disabled.
14-May-2025 12:47:17.576 WARNING [main] org.glassfish.jersey.internal.inject.Providers.checkProviderRuntime A provider com.nimbusds.openid.connect.provider.sts.STSEndpoint registered in SERVER runtime does not implement any provider interfaces applicable in the SERVER runtime. Due to constraint configuration problems the provider com.nimbusds.openid.connect.provider.sts.STSEndpoint will be ignored. 
14-May-2025 12:47:17.705 WARNING [main] org.glassfish.jersey.server.wadl.WadlFeature.configure JAX-B API not found . WADL feature is disabled.
14-May-2025 12:47:17.715 WARNING [main] org.glassfish.jersey.internal.inject.Providers.checkProviderRuntime A provider com.nimbusds.authzstore.rest.WebAPI registered in SERVER runtime does not implement any provider interfaces applicable in the SERVER runtime. Due to constraint configuration problems the provider com.nimbusds.authzstore.rest.WebAPI will be ignored. 
14-May-2025 12:47:17.800 WARNING [main] org.glassfish.jersey.server.wadl.WadlFeature.configure JAX-B API not found . WADL feature is disabled.
14-May-2025 12:47:17.803 WARNING [main] org.glassfish.jersey.internal.inject.Providers.checkProviderRuntime A provider com.nimbusds.openid.connect.provider.ciba.sessions.CIBASessionsEndpoint registered in SERVER runtime does not implement any provider interfaces applicable in the SERVER runtime. Due to constraint configuration problems the provider com.nimbusds.openid.connect.provider.ciba.sessions.CIBASessionsEndpoint will be ignored. 
14-May-2025 12:47:17.836 WARNING [main] org.glassfish.jersey.server.wadl.WadlFeature.configure JAX-B API not found . WADL feature is disabled.
14-May-2025 12:47:17.839 WARNING [main] org.glassfish.jersey.internal.inject.Providers.checkProviderRuntime A provider com.nimbusds.openid.connect.provider.checksession.CheckSessionBackendEndpoint registered in SERVER runtime does not implement any provider interfaces applicable in the SERVER runtime. Due to constraint configuration problems the provider com.nimbusds.openid.connect.provider.checksession.CheckSessionBackendEndpoint will be ignored. 
14-May-2025 12:47:17.879 WARNING [main] org.glassfish.jersey.server.wadl.WadlFeature.configure JAX-B API not found . WADL feature is disabled.
14-May-2025 12:47:18.006 WARNING [main] org.glassfish.jersey.server.wadl.WadlFeature.configure JAX-B API not found . WADL feature is disabled.
14-May-2025 12:47:18.019 WARNING [main] org.glassfish.jersey.internal.inject.Providers.checkProviderRuntime A provider com.nimbusds.sessionstore.rest.WebAPI registered in SERVER runtime does not implement any provider interfaces applicable in the SERVER runtime. Due to constraint configuration problems the provider com.nimbusds.sessionstore.rest.WebAPI will be ignored. 
14-May-2025 12:47:18.072 WARNING [main] org.glassfish.jersey.server.wadl.WadlFeature.configure JAX-B API not found . WADL feature is disabled.
14-May-2025 12:47:18.076 WARNING [main] org.glassfish.jersey.internal.inject.Providers.checkProviderRuntime A provider com.nimbusds.openid.connect.provider.authz.AuthorizationSessionEndpoint registered in SERVER runtime does not implement any provider interfaces applicable in the SERVER runtime. Due to constraint configuration problems the provider com.nimbusds.openid.connect.provider.authz.AuthorizationSessionEndpoint will be ignored. 
14-May-2025 12:47:18.110 WARNING [main] org.glassfish.jersey.server.wadl.WadlFeature.configure JAX-B API not found . WADL feature is disabled.
14-May-2025 12:47:18.112 WARNING [main] org.glassfish.jersey.internal.inject.Providers.checkProviderRuntime A provider com.nimbusds.openid.connect.provider.config.ConfigurationEndpoint registered in SERVER runtime does not implement any provider interfaces applicable in the SERVER runtime. Due to constraint configuration problems the provider com.nimbusds.openid.connect.provider.config.ConfigurationEndpoint will be ignored. 
14-May-2025 12:47:18.134 WARNING [main] org.glassfish.jersey.server.wadl.WadlFeature.configure JAX-B API not found . WADL feature is disabled.
14-May-2025 12:47:18.137 WARNING [main] org.glassfish.jersey.internal.inject.Providers.checkProviderRuntime A provider com.nimbusds.openid.connect.provider.authz.DirectAuthorizationEndpoint registered in SERVER runtime does not implement any provider interfaces applicable in the SERVER runtime. Due to constraint configuration problems the provider com.nimbusds.openid.connect.provider.authz.DirectAuthorizationEndpoint will be ignored. 
14-May-2025 12:47:18.161 WARNING [main] org.glassfish.jersey.server.wadl.WadlFeature.configure JAX-B API not found . WADL feature is disabled.
14-May-2025 12:47:18.165 WARNING [main] org.glassfish.jersey.internal.inject.Providers.checkProviderRuntime A provider com.nimbusds.openid.connect.provider.logout.endpoint.LogoutSessionEndpoint registered in SERVER runtime does not implement any provider interfaces applicable in the SERVER runtime. Due to constraint configuration problems the provider com.nimbusds.openid.connect.provider.logout.endpoint.LogoutSessionEndpoint will be ignored. 
14-May-2025 12:47:18.320 INFO [main] org.apache.catalina.startup.HostConfig.deployWAR Deployment of web application archive [/home/radu/TAK-Server/src/oidf-server/tomcat/webapps/c2id.war] has finished in [11,205] ms
14-May-2025 12:47:18.321 INFO [main] org.apache.catalina.startup.HostConfig.deployDirectory Deploying web application directory [/home/radu/TAK-Server/src/oidf-server/tomcat/webapps/manager]
14-May-2025 12:47:18.352 INFO [main] org.apache.catalina.startup.HostConfig.deployDirectory Deployment of web application directory [/home/radu/TAK-Server/src/oidf-server/tomcat/webapps/manager] has finished in [31] ms
14-May-2025 12:47:18.352 INFO [main] org.apache.catalina.startup.HostConfig.deployDirectory Deploying web application directory [/home/radu/TAK-Server/src/oidf-server/tomcat/webapps/ROOT]
14-May-2025 12:47:18.366 INFO [main] org.apache.catalina.startup.HostConfig.deployDirectory Deployment of web application directory [/home/radu/TAK-Server/src/oidf-server/tomcat/webapps/ROOT] has finished in [14] ms
14-May-2025 12:47:18.366 INFO [main] org.apache.catalina.startup.HostConfig.deployDirectory Deploying web application directory [/home/radu/TAK-Server/src/oidf-server/tomcat/webapps/host-manager]
14-May-2025 12:47:18.383 INFO [main] org.apache.catalina.startup.HostConfig.deployDirectory Deployment of web application directory [/home/radu/TAK-Server/src/oidf-server/tomcat/webapps/host-manager] has finished in [17] ms
14-May-2025 12:47:18.387 INFO [main] org.apache.coyote.AbstractProtocol.start Starting ProtocolHandler ["http-nio-8080"]
14-May-2025 12:47:18.400 INFO [main] org.apache.catalina.startup.Catalina.start Server startup in [17642] milliseconds
14-May-2025 12:47:24.140 INFO [main] org.apache.catalina.core.StandardServer.await A valid shutdown command was received via the shutdown port. Stopping the Server instance.
14-May-2025 12:47:24.141 INFO [main] org.apache.coyote.AbstractProtocol.pause Pausing ProtocolHandler ["http-nio-8080"]
14-May-2025 12:47:24.142 INFO [main] org.apache.catalina.core.StandardService.stopInternal Stopping service [Catalina]
14-May-2025 12:47:24.595 WARNING [main] org.apache.catalina.loader.WebappClassLoaderBase.clearReferencesThreads The web application [c2id] appears to have started a thread named [RxCachedWorkerPoolEvictor-1] but has failed to stop it. This is very likely to create a memory leak. Stack trace of thread:
 java.base@17.0.15/jdk.internal.misc.Unsafe.park(Native Method)
 java.base@17.0.15/java.util.concurrent.locks.LockSupport.parkNanos(LockSupport.java:252)
 java.base@17.0.15/java.util.concurrent.locks.AbstractQueuedSynchronizer$ConditionObject.awaitNanos(AbstractQueuedSynchronizer.java:1679)
 java.base@17.0.15/java.util.concurrent.ScheduledThreadPoolExecutor$DelayedWorkQueue.take(ScheduledThreadPoolExecutor.java:1182)
 java.base@17.0.15/java.util.concurrent.ScheduledThreadPoolExecutor$DelayedWorkQueue.take(ScheduledThreadPoolExecutor.java:899)
 java.base@17.0.15/java.util.concurrent.ThreadPoolExecutor.getTask(ThreadPoolExecutor.java:1062)
 java.base@17.0.15/java.util.concurrent.ThreadPoolExecutor.runWorker(ThreadPoolExecutor.java:1122)
 java.base@17.0.15/java.util.concurrent.ThreadPoolExecutor$Worker.run(ThreadPoolExecutor.java:635)
 java.base@17.0.15/java.lang.Thread.run(Thread.java:840)
14-May-2025 12:47:24.595 WARNING [main] org.apache.catalina.loader.WebappClassLoaderBase.clearReferencesThreads The web application [c2id] appears to have started a thread named [HttpClient-1-SelectorManager] but has failed to stop it. This is very likely to create a memory leak. Stack trace of thread:
 java.base@17.0.15/sun.nio.ch.EPoll.wait(Native Method)
 java.base@17.0.15/sun.nio.ch.EPollSelectorImpl.doSelect(EPollSelectorImpl.java:118)
 java.base@17.0.15/sun.nio.ch.SelectorImpl.lockAndDoSelect(SelectorImpl.java:129)
 java.base@17.0.15/sun.nio.ch.SelectorImpl.select(SelectorImpl.java:141)
 platform/java.net.http@17.0.15/jdk.internal.net.http.HttpClientImpl$SelectorManager.run(HttpClientImpl.java:894)
14-May-2025 12:47:24.614 INFO [main] org.apache.coyote.AbstractProtocol.stop Stopping ProtocolHandler ["http-nio-8080"]
14-May-2025 12:47:24.623 INFO [main] org.apache.coyote.AbstractProtocol.destroy Destroying ProtocolHandler ["http-nio-8080"]
14-May-2025 12:47:37.154 INFO [main] org.apache.catalina.startup.VersionLoggerListener.log Server version name:   Apache Tomcat/10.1.39
14-May-2025 12:47:37.160 INFO [main] org.apache.catalina.startup.VersionLoggerListener.log Server built:          Mar 4 2025 19:02:32 UTC
14-May-2025 12:47:37.160 INFO [main] org.apache.catalina.startup.VersionLoggerListener.log Server version number: 10.1.39.0
14-May-2025 12:47:37.161 INFO [main] org.apache.catalina.startup.VersionLoggerListener.log OS Name:               Linux
14-May-2025 12:47:37.161 INFO [main] org.apache.catalina.startup.VersionLoggerListener.log OS Version:            6.8.0-59-generic
14-May-2025 12:47:37.161 INFO [main] org.apache.catalina.startup.VersionLoggerListener.log Architecture:          amd64
14-May-2025 12:47:37.161 INFO [main] org.apache.catalina.startup.VersionLoggerListener.log Java Home:             /usr/lib/jvm/java-17-openjdk-amd64
14-May-2025 12:47:37.161 INFO [main] org.apache.catalina.startup.VersionLoggerListener.log JVM Version:           17.0.15+6-Ubuntu-0ubuntu122.04
14-May-2025 12:47:37.161 INFO [main] org.apache.catalina.startup.VersionLoggerListener.log JVM Vendor:            Ubuntu
14-May-2025 12:47:37.161 INFO [main] org.apache.catalina.startup.VersionLoggerListener.log CATALINA_BASE:         /home/radu/TAK-Server/src/oidf-server/tomcat
14-May-2025 12:47:37.162 INFO [main] org.apache.catalina.startup.VersionLoggerListener.log CATALINA_HOME:         /home/radu/TAK-Server/src/oidf-server/tomcat
14-May-2025 12:47:37.163 INFO [main] org.apache.catalina.core.AprLifecycleListener.lifecycleEvent The Apache Tomcat Native library which allows using OpenSSL was not found on the java.library.path: [/home/radu/opt/lib::/usr/java/packages/lib:/usr/lib/x86_64-linux-gnu/jni:/lib/x86_64-linux-gnu:/usr/lib/x86_64-linux-gnu:/usr/lib/jni:/lib:/usr/lib]
14-May-2025 12:47:37.436 INFO [main] org.apache.coyote.AbstractProtocol.init Initializing ProtocolHandler ["http-nio-8080"]
14-May-2025 12:47:37.462 INFO [main] org.apache.catalina.startup.Catalina.load Server initialization in [471] milliseconds
14-May-2025 12:47:37.509 INFO [main] org.apache.catalina.core.StandardService.startInternal Starting service [Catalina]
14-May-2025 12:47:37.509 INFO [main] org.apache.catalina.core.StandardEngine.startInternal Starting Servlet engine: [Apache Tomcat/10.1.39]
14-May-2025 12:47:37.525 INFO [main] org.apache.catalina.startup.HostConfig.deployWAR Deploying web application archive [/home/radu/TAK-Server/src/oidf-server/tomcat/webapps/ldapauth.war]
14-May-2025 12:47:37.886 INFO [main] org.apache.jasper.servlet.TldScanner.scanJars At least one JAR was scanned for TLDs yet contained no TLDs. Enable debug logging for this logger for a complete list of JARs that were scanned but no TLDs were found in them. Skipping unneeded JARs during scanning can improve startup time and JSP compilation time.
14-May-2025 12:47:38.560 INFO [main] org.apache.catalina.startup.HostConfig.deployWAR Deployment of web application archive [/home/radu/TAK-Server/src/oidf-server/tomcat/webapps/ldapauth.war] has finished in [1,034] ms
14-May-2025 12:47:38.561 INFO [main] org.apache.catalina.startup.HostConfig.deployWAR Deploying web application archive [/home/radu/TAK-Server/src/oidf-server/tomcat/webapps/password-grant-handler.war]
14-May-2025 12:47:38.787 INFO [main] org.apache.jasper.servlet.TldScanner.scanJars At least one JAR was scanned for TLDs yet contained no TLDs. Enable debug logging for this logger for a complete list of JARs that were scanned but no TLDs were found in them. Skipping unneeded JARs during scanning can improve startup time and JSP compilation time.
14-May-2025 12:47:39.099 INFO [main] org.apache.catalina.startup.HostConfig.deployWAR Deployment of web application archive [/home/radu/TAK-Server/src/oidf-server/tomcat/webapps/password-grant-handler.war] has finished in [538] ms
14-May-2025 12:47:39.099 INFO [main] org.apache.catalina.startup.HostConfig.deployWAR Deploying web application archive [/home/radu/TAK-Server/src/oidf-server/tomcat/webapps/c2id-login.war]
14-May-2025 12:47:40.143 INFO [main] org.apache.jasper.servlet.TldScanner.scanJars At least one JAR was scanned for TLDs yet contained no TLDs. Enable debug logging for this logger for a complete list of JARs that were scanned but no TLDs were found in them. Skipping unneeded JARs during scanning can improve startup time and JSP compilation time.
14-May-2025 12:47:43.873 INFO [main] org.apache.catalina.startup.HostConfig.deployWAR Deployment of web application archive [/home/radu/TAK-Server/src/oidf-server/tomcat/webapps/c2id-login.war] has finished in [4,774] ms
14-May-2025 12:47:43.874 INFO [main] org.apache.catalina.startup.HostConfig.deployWAR Deploying web application archive [/home/radu/TAK-Server/src/oidf-server/tomcat/webapps/oidc-client.war]
14-May-2025 12:47:44.761 INFO [main] org.apache.catalina.startup.HostConfig.deployWAR Deployment of web application archive [/home/radu/TAK-Server/src/oidf-server/tomcat/webapps/oidc-client.war] has finished in [886] ms
14-May-2025 12:47:44.761 INFO [main] org.apache.catalina.startup.HostConfig.deployWAR Deploying web application archive [/home/radu/TAK-Server/src/oidf-server/tomcat/webapps/c2id-logout.war]
14-May-2025 12:47:44.913 INFO [main] org.apache.jasper.servlet.TldScanner.scanJars At least one JAR was scanned for TLDs yet contained no TLDs. Enable debug logging for this logger for a complete list of JARs that were scanned but no TLDs were found in them. Skipping unneeded JARs during scanning can improve startup time and JSP compilation time.
14-May-2025 12:47:44.922 INFO [main] org.apache.catalina.startup.HostConfig.deployWAR Deployment of web application archive [/home/radu/TAK-Server/src/oidf-server/tomcat/webapps/c2id-logout.war] has finished in [160] ms
14-May-2025 12:47:44.922 INFO [main] org.apache.catalina.startup.HostConfig.deployWAR Deploying web application archive [/home/radu/TAK-Server/src/oidf-server/tomcat/webapps/c2id.war]
14-May-2025 12:47:49.555 INFO [main] org.apache.jasper.servlet.TldScanner.scanJars At least one JAR was scanned for TLDs yet contained no TLDs. Enable debug logging for this logger for a complete list of JARs that were scanned but no TLDs were found in them. Skipping unneeded JARs during scanning can improve startup time and JSP compilation time.
14-May-2025 12:47:54.702 WARNING [main] org.glassfish.jersey.message.internal.MessagingBinders$EnabledProvidersBinder.bindToBinder A class jakarta.activation.DataSource for a default provider MessageBodyWriter<jakarta.activation.DataSource> was not found. The provider is not available.
14-May-2025 12:47:54.725 WARNING [main] org.glassfish.jersey.server.wadl.WadlFeature.configure JAX-B API not found . WADL feature is disabled.
14-May-2025 12:47:54.806 WARNING [main] org.glassfish.jersey.internal.inject.Providers.checkProviderRuntime A provider com.nimbusds.openid.connect.provider.sts.STSEndpoint registered in SERVER runtime does not implement any provider interfaces applicable in the SERVER runtime. Due to constraint configuration problems the provider com.nimbusds.openid.connect.provider.sts.STSEndpoint will be ignored. 
14-May-2025 12:47:54.933 WARNING [main] org.glassfish.jersey.server.wadl.WadlFeature.configure JAX-B API not found . WADL feature is disabled.
14-May-2025 12:47:54.941 WARNING [main] org.glassfish.jersey.internal.inject.Providers.checkProviderRuntime A provider com.nimbusds.authzstore.rest.WebAPI registered in SERVER runtime does not implement any provider interfaces applicable in the SERVER runtime. Due to constraint configuration problems the provider com.nimbusds.authzstore.rest.WebAPI will be ignored. 
14-May-2025 12:47:55.018 WARNING [main] org.glassfish.jersey.server.wadl.WadlFeature.configure JAX-B API not found . WADL feature is disabled.
14-May-2025 12:47:55.022 WARNING [main] org.glassfish.jersey.internal.inject.Providers.checkProviderRuntime A provider com.nimbusds.openid.connect.provider.ciba.sessions.CIBASessionsEndpoint registered in SERVER runtime does not implement any provider interfaces applicable in the SERVER runtime. Due to constraint configuration problems the provider com.nimbusds.openid.connect.provider.ciba.sessions.CIBASessionsEndpoint will be ignored. 
14-May-2025 12:47:55.056 WARNING [main] org.glassfish.jersey.server.wadl.WadlFeature.configure JAX-B API not found . WADL feature is disabled.
14-May-2025 12:47:55.060 WARNING [main] org.glassfish.jersey.internal.inject.Providers.checkProviderRuntime A provider com.nimbusds.openid.connect.provider.checksession.CheckSessionBackendEndpoint registered in SERVER runtime does not implement any provider interfaces applicable in the SERVER runtime. Due to constraint configuration problems the provider com.nimbusds.openid.connect.provider.checksession.CheckSessionBackendEndpoint will be ignored. 
14-May-2025 12:47:55.097 WARNING [main] org.glassfish.jersey.server.wadl.WadlFeature.configure JAX-B API not found . WADL feature is disabled.
14-May-2025 12:47:55.171 WARNING [main] org.glassfish.jersey.server.wadl.WadlFeature.configure JAX-B API not found . WADL feature is disabled.
14-May-2025 12:47:55.180 WARNING [main] org.glassfish.jersey.internal.inject.Providers.checkProviderRuntime A provider com.nimbusds.sessionstore.rest.WebAPI registered in SERVER runtime does not implement any provider interfaces applicable in the SERVER runtime. Due to constraint configuration problems the provider com.nimbusds.sessionstore.rest.WebAPI will be ignored. 
14-May-2025 12:47:55.239 WARNING [main] org.glassfish.jersey.server.wadl.WadlFeature.configure JAX-B API not found . WADL feature is disabled.
14-May-2025 12:47:55.247 WARNING [main] org.glassfish.jersey.internal.inject.Providers.checkProviderRuntime A provider com.nimbusds.openid.connect.provider.authz.AuthorizationSessionEndpoint registered in SERVER runtime does not implement any provider interfaces applicable in the SERVER runtime. Due to constraint configuration problems the provider com.nimbusds.openid.connect.provider.authz.AuthorizationSessionEndpoint will be ignored. 
14-May-2025 12:47:55.282 WARNING [main] org.glassfish.jersey.server.wadl.WadlFeature.configure JAX-B API not found . WADL feature is disabled.
14-May-2025 12:47:55.285 WARNING [main] org.glassfish.jersey.internal.inject.Providers.checkProviderRuntime A provider com.nimbusds.openid.connect.provider.config.ConfigurationEndpoint registered in SERVER runtime does not implement any provider interfaces applicable in the SERVER runtime. Due to constraint configuration problems the provider com.nimbusds.openid.connect.provider.config.ConfigurationEndpoint will be ignored. 
14-May-2025 12:47:55.313 WARNING [main] org.glassfish.jersey.server.wadl.WadlFeature.configure JAX-B API not found . WADL feature is disabled.
14-May-2025 12:47:55.316 WARNING [main] org.glassfish.jersey.internal.inject.Providers.checkProviderRuntime A provider com.nimbusds.openid.connect.provider.authz.DirectAuthorizationEndpoint registered in SERVER runtime does not implement any provider interfaces applicable in the SERVER runtime. Due to constraint configuration problems the provider com.nimbusds.openid.connect.provider.authz.DirectAuthorizationEndpoint will be ignored. 
14-May-2025 12:47:55.342 WARNING [main] org.glassfish.jersey.server.wadl.WadlFeature.configure JAX-B API not found . WADL feature is disabled.
14-May-2025 12:47:55.348 WARNING [main] org.glassfish.jersey.internal.inject.Providers.checkProviderRuntime A provider com.nimbusds.openid.connect.provider.logout.endpoint.LogoutSessionEndpoint registered in SERVER runtime does not implement any provider interfaces applicable in the SERVER runtime. Due to constraint configuration problems the provider com.nimbusds.openid.connect.provider.logout.endpoint.LogoutSessionEndpoint will be ignored. 
14-May-2025 12:47:55.525 INFO [main] org.apache.catalina.startup.HostConfig.deployWAR Deployment of web application archive [/home/radu/TAK-Server/src/oidf-server/tomcat/webapps/c2id.war] has finished in [10,602] ms
14-May-2025 12:47:55.526 INFO [main] org.apache.catalina.startup.HostConfig.deployDirectory Deploying web application directory [/home/radu/TAK-Server/src/oidf-server/tomcat/webapps/manager]
14-May-2025 12:47:55.561 INFO [main] org.apache.catalina.startup.HostConfig.deployDirectory Deployment of web application directory [/home/radu/TAK-Server/src/oidf-server/tomcat/webapps/manager] has finished in [35] ms
14-May-2025 12:47:55.561 INFO [main] org.apache.catalina.startup.HostConfig.deployDirectory Deploying web application directory [/home/radu/TAK-Server/src/oidf-server/tomcat/webapps/ROOT]
14-May-2025 12:47:55.573 INFO [main] org.apache.catalina.startup.HostConfig.deployDirectory Deployment of web application directory [/home/radu/TAK-Server/src/oidf-server/tomcat/webapps/ROOT] has finished in [12] ms
14-May-2025 12:47:55.573 INFO [main] org.apache.catalina.startup.HostConfig.deployDirectory Deploying web application directory [/home/radu/TAK-Server/src/oidf-server/tomcat/webapps/host-manager]
14-May-2025 12:47:55.589 INFO [main] org.apache.catalina.startup.HostConfig.deployDirectory Deployment of web application directory [/home/radu/TAK-Server/src/oidf-server/tomcat/webapps/host-manager] has finished in [16] ms
14-May-2025 12:47:55.594 INFO [main] org.apache.coyote.AbstractProtocol.start Starting ProtocolHandler ["http-nio-8080"]
14-May-2025 12:47:55.605 INFO [main] org.apache.catalina.startup.Catalina.start Server startup in [18142] milliseconds
14-May-2025 12:48:01.370 INFO [main] org.apache.catalina.core.StandardServer.await A valid shutdown command was received via the shutdown port. Stopping the Server instance.
14-May-2025 12:48:01.371 INFO [main] org.apache.coyote.AbstractProtocol.pause Pausing ProtocolHandler ["http-nio-8080"]
14-May-2025 12:48:01.373 INFO [main] org.apache.catalina.core.StandardService.stopInternal Stopping service [Catalina]
14-May-2025 12:48:01.781 WARNING [main] org.apache.catalina.loader.WebappClassLoaderBase.clearReferencesThreads The web application [c2id] appears to have started a thread named [RxCachedWorkerPoolEvictor-1] but has failed to stop it. This is very likely to create a memory leak. Stack trace of thread:
 java.base@17.0.15/jdk.internal.misc.Unsafe.park(Native Method)
 java.base@17.0.15/java.util.concurrent.locks.LockSupport.parkNanos(LockSupport.java:252)
 java.base@17.0.15/java.util.concurrent.locks.AbstractQueuedSynchronizer$ConditionObject.awaitNanos(AbstractQueuedSynchronizer.java:1679)
 java.base@17.0.15/java.util.concurrent.ScheduledThreadPoolExecutor$DelayedWorkQueue.take(ScheduledThreadPoolExecutor.java:1182)
 java.base@17.0.15/java.util.concurrent.ScheduledThreadPoolExecutor$DelayedWorkQueue.take(ScheduledThreadPoolExecutor.java:899)
 java.base@17.0.15/java.util.concurrent.ThreadPoolExecutor.getTask(ThreadPoolExecutor.java:1062)
 java.base@17.0.15/java.util.concurrent.ThreadPoolExecutor.runWorker(ThreadPoolExecutor.java:1122)
 java.base@17.0.15/java.util.concurrent.ThreadPoolExecutor$Worker.run(ThreadPoolExecutor.java:635)
 java.base@17.0.15/java.lang.Thread.run(Thread.java:840)
14-May-2025 12:48:01.781 WARNING [main] org.apache.catalina.loader.WebappClassLoaderBase.clearReferencesThreads The web application [c2id] appears to have started a thread named [HttpClient-1-SelectorManager] but has failed to stop it. This is very likely to create a memory leak. Stack trace of thread:
 java.base@17.0.15/sun.nio.ch.EPoll.wait(Native Method)
 java.base@17.0.15/sun.nio.ch.EPollSelectorImpl.doSelect(EPollSelectorImpl.java:118)
 java.base@17.0.15/sun.nio.ch.SelectorImpl.lockAndDoSelect(SelectorImpl.java:129)
 java.base@17.0.15/sun.nio.ch.SelectorImpl.select(SelectorImpl.java:141)
 platform/java.net.http@17.0.15/jdk.internal.net.http.HttpClientImpl$SelectorManager.run(HttpClientImpl.java:894)
14-May-2025 12:48:01.801 INFO [main] org.apache.coyote.AbstractProtocol.stop Stopping ProtocolHandler ["http-nio-8080"]
14-May-2025 12:48:01.809 INFO [main] org.apache.coyote.AbstractProtocol.destroy Destroying ProtocolHandler ["http-nio-8080"]
14-May-2025 12:48:08.450 INFO [main] org.apache.catalina.startup.VersionLoggerListener.log Server version name:   Apache Tomcat/10.1.39
14-May-2025 12:48:08.454 INFO [main] org.apache.catalina.startup.VersionLoggerListener.log Server built:          Mar 4 2025 19:02:32 UTC
14-May-2025 12:48:08.454 INFO [main] org.apache.catalina.startup.VersionLoggerListener.log Server version number: 10.1.39.0
14-May-2025 12:48:08.454 INFO [main] org.apache.catalina.startup.VersionLoggerListener.log OS Name:               Linux
14-May-2025 12:48:08.454 INFO [main] org.apache.catalina.startup.VersionLoggerListener.log OS Version:            6.8.0-59-generic
14-May-2025 12:48:08.455 INFO [main] org.apache.catalina.startup.VersionLoggerListener.log Architecture:          amd64
14-May-2025 12:48:08.455 INFO [main] org.apache.catalina.startup.VersionLoggerListener.log Java Home:             /usr/lib/jvm/java-17-openjdk-amd64
14-May-2025 12:48:08.455 INFO [main] org.apache.catalina.startup.VersionLoggerListener.log JVM Version:           17.0.15+6-Ubuntu-0ubuntu122.04
14-May-2025 12:48:08.455 INFO [main] org.apache.catalina.startup.VersionLoggerListener.log JVM Vendor:            Ubuntu
14-May-2025 12:48:08.455 INFO [main] org.apache.catalina.startup.VersionLoggerListener.log CATALINA_BASE:         /home/radu/TAK-Server/src/oidf-server/tomcat
14-May-2025 12:48:08.455 INFO [main] org.apache.catalina.startup.VersionLoggerListener.log CATALINA_HOME:         /home/radu/TAK-Server/src/oidf-server/tomcat
14-May-2025 12:48:08.457 INFO [main] org.apache.catalina.core.AprLifecycleListener.lifecycleEvent The Apache Tomcat Native library which allows using OpenSSL was not found on the java.library.path: [/home/radu/opt/lib::/usr/java/packages/lib:/usr/lib/x86_64-linux-gnu/jni:/lib/x86_64-linux-gnu:/usr/lib/x86_64-linux-gnu:/usr/lib/jni:/lib:/usr/lib]
14-May-2025 12:48:08.727 INFO [main] org.apache.coyote.AbstractProtocol.init Initializing ProtocolHandler ["http-nio-8080"]
14-May-2025 12:48:08.752 INFO [main] org.apache.catalina.startup.Catalina.load Server initialization in [464] milliseconds
14-May-2025 12:48:08.795 INFO [main] org.apache.catalina.core.StandardService.startInternal Starting service [Catalina]
14-May-2025 12:48:08.796 INFO [main] org.apache.catalina.core.StandardEngine.startInternal Starting Servlet engine: [Apache Tomcat/10.1.39]
14-May-2025 12:48:08.816 INFO [main] org.apache.catalina.startup.HostConfig.deployWAR Deploying web application archive [/home/radu/TAK-Server/src/oidf-server/tomcat/webapps/ldapauth.war]
14-May-2025 12:48:09.182 INFO [main] org.apache.jasper.servlet.TldScanner.scanJars At least one JAR was scanned for TLDs yet contained no TLDs. Enable debug logging for this logger for a complete list of JARs that were scanned but no TLDs were found in them. Skipping unneeded JARs during scanning can improve startup time and JSP compilation time.
14-May-2025 12:48:09.861 INFO [main] org.apache.catalina.startup.HostConfig.deployWAR Deployment of web application archive [/home/radu/TAK-Server/src/oidf-server/tomcat/webapps/ldapauth.war] has finished in [1,044] ms
14-May-2025 12:48:09.862 INFO [main] org.apache.catalina.startup.HostConfig.deployWAR Deploying web application archive [/home/radu/TAK-Server/src/oidf-server/tomcat/webapps/password-grant-handler.war]
14-May-2025 12:48:10.059 INFO [main] org.apache.jasper.servlet.TldScanner.scanJars At least one JAR was scanned for TLDs yet contained no TLDs. Enable debug logging for this logger for a complete list of JARs that were scanned but no TLDs were found in them. Skipping unneeded JARs during scanning can improve startup time and JSP compilation time.
14-May-2025 12:48:10.314 INFO [main] org.apache.catalina.startup.HostConfig.deployWAR Deployment of web application archive [/home/radu/TAK-Server/src/oidf-server/tomcat/webapps/password-grant-handler.war] has finished in [452] ms
14-May-2025 12:48:10.315 INFO [main] org.apache.catalina.startup.HostConfig.deployWAR Deploying web application archive [/home/radu/TAK-Server/src/oidf-server/tomcat/webapps/c2id-login.war]
14-May-2025 12:48:11.640 INFO [main] org.apache.jasper.servlet.TldScanner.scanJars At least one JAR was scanned for TLDs yet contained no TLDs. Enable debug logging for this logger for a complete list of JARs that were scanned but no TLDs were found in them. Skipping unneeded JARs during scanning can improve startup time and JSP compilation time.
14-May-2025 12:48:14.559 INFO [main] org.apache.catalina.startup.HostConfig.deployWAR Deployment of web application archive [/home/radu/TAK-Server/src/oidf-server/tomcat/webapps/c2id-login.war] has finished in [4,244] ms
14-May-2025 12:48:14.560 INFO [main] org.apache.catalina.startup.HostConfig.deployWAR Deploying web application archive [/home/radu/TAK-Server/src/oidf-server/tomcat/webapps/oidc-client.war]
14-May-2025 12:48:15.391 INFO [main] org.apache.catalina.startup.HostConfig.deployWAR Deployment of web application archive [/home/radu/TAK-Server/src/oidf-server/tomcat/webapps/oidc-client.war] has finished in [831] ms
14-May-2025 12:48:15.391 INFO [main] org.apache.catalina.startup.HostConfig.deployWAR Deploying web application archive [/home/radu/TAK-Server/src/oidf-server/tomcat/webapps/c2id-logout.war]
14-May-2025 12:48:15.534 INFO [main] org.apache.jasper.servlet.TldScanner.scanJars At least one JAR was scanned for TLDs yet contained no TLDs. Enable debug logging for this logger for a complete list of JARs that were scanned but no TLDs were found in them. Skipping unneeded JARs during scanning can improve startup time and JSP compilation time.
14-May-2025 12:48:15.542 INFO [main] org.apache.catalina.startup.HostConfig.deployWAR Deployment of web application archive [/home/radu/TAK-Server/src/oidf-server/tomcat/webapps/c2id-logout.war] has finished in [151] ms
14-May-2025 12:48:15.543 INFO [main] org.apache.catalina.startup.HostConfig.deployWAR Deploying web application archive [/home/radu/TAK-Server/src/oidf-server/tomcat/webapps/c2id.war]
14-May-2025 12:48:20.287 INFO [main] org.apache.jasper.servlet.TldScanner.scanJars At least one JAR was scanned for TLDs yet contained no TLDs. Enable debug logging for this logger for a complete list of JARs that were scanned but no TLDs were found in them. Skipping unneeded JARs during scanning can improve startup time and JSP compilation time.
14-May-2025 12:48:25.265 WARNING [main] org.glassfish.jersey.message.internal.MessagingBinders$EnabledProvidersBinder.bindToBinder A class jakarta.activation.DataSource for a default provider MessageBodyWriter<jakarta.activation.DataSource> was not found. The provider is not available.
14-May-2025 12:48:25.290 WARNING [main] org.glassfish.jersey.server.wadl.WadlFeature.configure JAX-B API not found . WADL feature is disabled.
14-May-2025 12:48:25.377 WARNING [main] org.glassfish.jersey.internal.inject.Providers.checkProviderRuntime A provider com.nimbusds.openid.connect.provider.sts.STSEndpoint registered in SERVER runtime does not implement any provider interfaces applicable in the SERVER runtime. Due to constraint configuration problems the provider com.nimbusds.openid.connect.provider.sts.STSEndpoint will be ignored. 
14-May-2025 12:48:25.499 WARNING [main] org.glassfish.jersey.server.wadl.WadlFeature.configure JAX-B API not found . WADL feature is disabled.
14-May-2025 12:48:25.508 WARNING [main] org.glassfish.jersey.internal.inject.Providers.checkProviderRuntime A provider com.nimbusds.authzstore.rest.WebAPI registered in SERVER runtime does not implement any provider interfaces applicable in the SERVER runtime. Due to constraint configuration problems the provider com.nimbusds.authzstore.rest.WebAPI will be ignored. 
14-May-2025 12:48:25.574 WARNING [main] org.glassfish.jersey.server.wadl.WadlFeature.configure JAX-B API not found . WADL feature is disabled.
14-May-2025 12:48:25.577 WARNING [main] org.glassfish.jersey.internal.inject.Providers.checkProviderRuntime A provider com.nimbusds.openid.connect.provider.ciba.sessions.CIBASessionsEndpoint registered in SERVER runtime does not implement any provider interfaces applicable in the SERVER runtime. Due to constraint configuration problems the provider com.nimbusds.openid.connect.provider.ciba.sessions.CIBASessionsEndpoint will be ignored. 
14-May-2025 12:48:25.606 WARNING [main] org.glassfish.jersey.server.wadl.WadlFeature.configure JAX-B API not found . WADL feature is disabled.
14-May-2025 12:48:25.609 WARNING [main] org.glassfish.jersey.internal.inject.Providers.checkProviderRuntime A provider com.nimbusds.openid.connect.provider.checksession.CheckSessionBackendEndpoint registered in SERVER runtime does not implement any provider interfaces applicable in the SERVER runtime. Due to constraint configuration problems the provider com.nimbusds.openid.connect.provider.checksession.CheckSessionBackendEndpoint will be ignored. 
14-May-2025 12:48:25.641 WARNING [main] org.glassfish.jersey.server.wadl.WadlFeature.configure JAX-B API not found . WADL feature is disabled.
14-May-2025 12:48:25.705 WARNING [main] org.glassfish.jersey.server.wadl.WadlFeature.configure JAX-B API not found . WADL feature is disabled.
14-May-2025 12:48:25.714 WARNING [main] org.glassfish.jersey.internal.inject.Providers.checkProviderRuntime A provider com.nimbusds.sessionstore.rest.WebAPI registered in SERVER runtime does not implement any provider interfaces applicable in the SERVER runtime. Due to constraint configuration problems the provider com.nimbusds.sessionstore.rest.WebAPI will be ignored. 
14-May-2025 12:48:25.761 WARNING [main] org.glassfish.jersey.server.wadl.WadlFeature.configure JAX-B API not found . WADL feature is disabled.
14-May-2025 12:48:25.766 WARNING [main] org.glassfish.jersey.internal.inject.Providers.checkProviderRuntime A provider com.nimbusds.openid.connect.provider.authz.AuthorizationSessionEndpoint registered in SERVER runtime does not implement any provider interfaces applicable in the SERVER runtime. Due to constraint configuration problems the provider com.nimbusds.openid.connect.provider.authz.AuthorizationSessionEndpoint will be ignored. 
14-May-2025 12:48:25.794 WARNING [main] org.glassfish.jersey.server.wadl.WadlFeature.configure JAX-B API not found . WADL feature is disabled.
14-May-2025 12:48:25.797 WARNING [main] org.glassfish.jersey.internal.inject.Providers.checkProviderRuntime A provider com.nimbusds.openid.connect.provider.config.ConfigurationEndpoint registered in SERVER runtime does not implement any provider interfaces applicable in the SERVER runtime. Due to constraint configuration problems the provider com.nimbusds.openid.connect.provider.config.ConfigurationEndpoint will be ignored. 
14-May-2025 12:48:25.819 WARNING [main] org.glassfish.jersey.server.wadl.WadlFeature.configure JAX-B API not found . WADL feature is disabled.
14-May-2025 12:48:25.821 WARNING [main] org.glassfish.jersey.internal.inject.Providers.checkProviderRuntime A provider com.nimbusds.openid.connect.provider.authz.DirectAuthorizationEndpoint registered in SERVER runtime does not implement any provider interfaces applicable in the SERVER runtime. Due to constraint configuration problems the provider com.nimbusds.openid.connect.provider.authz.DirectAuthorizationEndpoint will be ignored. 
14-May-2025 12:48:25.845 WARNING [main] org.glassfish.jersey.server.wadl.WadlFeature.configure JAX-B API not found . WADL feature is disabled.
14-May-2025 12:48:25.848 WARNING [main] org.glassfish.jersey.internal.inject.Providers.checkProviderRuntime A provider com.nimbusds.openid.connect.provider.logout.endpoint.LogoutSessionEndpoint registered in SERVER runtime does not implement any provider interfaces applicable in the SERVER runtime. Due to constraint configuration problems the provider com.nimbusds.openid.connect.provider.logout.endpoint.LogoutSessionEndpoint will be ignored. 
14-May-2025 12:48:26.002 INFO [main] org.apache.catalina.startup.HostConfig.deployWAR Deployment of web application archive [/home/radu/TAK-Server/src/oidf-server/tomcat/webapps/c2id.war] has finished in [10,459] ms
14-May-2025 12:48:26.003 INFO [main] org.apache.catalina.startup.HostConfig.deployDirectory Deploying web application directory [/home/radu/TAK-Server/src/oidf-server/tomcat/webapps/manager]
14-May-2025 12:48:26.053 INFO [main] org.apache.catalina.startup.HostConfig.deployDirectory Deployment of web application directory [/home/radu/TAK-Server/src/oidf-server/tomcat/webapps/manager] has finished in [50] ms
14-May-2025 12:48:26.053 INFO [main] org.apache.catalina.startup.HostConfig.deployDirectory Deploying web application directory [/home/radu/TAK-Server/src/oidf-server/tomcat/webapps/ROOT]
14-May-2025 12:48:26.074 INFO [main] org.apache.catalina.startup.HostConfig.deployDirectory Deployment of web application directory [/home/radu/TAK-Server/src/oidf-server/tomcat/webapps/ROOT] has finished in [21] ms
14-May-2025 12:48:26.074 INFO [main] org.apache.catalina.startup.HostConfig.deployDirectory Deploying web application directory [/home/radu/TAK-Server/src/oidf-server/tomcat/webapps/host-manager]
14-May-2025 12:48:26.108 INFO [main] org.apache.catalina.startup.HostConfig.deployDirectory Deployment of web application directory [/home/radu/TAK-Server/src/oidf-server/tomcat/webapps/host-manager] has finished in [34] ms
14-May-2025 12:48:26.116 INFO [main] org.apache.coyote.AbstractProtocol.start Starting ProtocolHandler ["http-nio-8080"]
14-May-2025 12:48:26.140 INFO [main] org.apache.catalina.startup.Catalina.start Server startup in [17388] milliseconds
14-May-2025 12:48:34.400 INFO [main] org.apache.catalina.core.StandardServer.await A valid shutdown command was received via the shutdown port. Stopping the Server instance.
14-May-2025 12:48:34.400 INFO [main] org.apache.coyote.AbstractProtocol.pause Pausing ProtocolHandler ["http-nio-8080"]
14-May-2025 12:48:34.403 INFO [main] org.apache.catalina.core.StandardService.stopInternal Stopping service [Catalina]
14-May-2025 12:48:34.776 WARNING [main] org.apache.catalina.loader.WebappClassLoaderBase.clearReferencesThreads The web application [c2id] appears to have started a thread named [RxCachedWorkerPoolEvictor-1] but has failed to stop it. This is very likely to create a memory leak. Stack trace of thread:
 java.base@17.0.15/jdk.internal.misc.Unsafe.park(Native Method)
 java.base@17.0.15/java.util.concurrent.locks.LockSupport.parkNanos(LockSupport.java:252)
 java.base@17.0.15/java.util.concurrent.locks.AbstractQueuedSynchronizer$ConditionObject.awaitNanos(AbstractQueuedSynchronizer.java:1679)
 java.base@17.0.15/java.util.concurrent.ScheduledThreadPoolExecutor$DelayedWorkQueue.take(ScheduledThreadPoolExecutor.java:1182)
 java.base@17.0.15/java.util.concurrent.ScheduledThreadPoolExecutor$DelayedWorkQueue.take(ScheduledThreadPoolExecutor.java:899)
 java.base@17.0.15/java.util.concurrent.ThreadPoolExecutor.getTask(ThreadPoolExecutor.java:1062)
 java.base@17.0.15/java.util.concurrent.ThreadPoolExecutor.runWorker(ThreadPoolExecutor.java:1122)
 java.base@17.0.15/java.util.concurrent.ThreadPoolExecutor$Worker.run(ThreadPoolExecutor.java:635)
 java.base@17.0.15/java.lang.Thread.run(Thread.java:840)
14-May-2025 12:48:34.776 WARNING [main] org.apache.catalina.loader.WebappClassLoaderBase.clearReferencesThreads The web application [c2id] appears to have started a thread named [HttpClient-1-SelectorManager] but has failed to stop it. This is very likely to create a memory leak. Stack trace of thread:
 java.base@17.0.15/sun.nio.ch.EPoll.wait(Native Method)
 java.base@17.0.15/sun.nio.ch.EPollSelectorImpl.doSelect(EPollSelectorImpl.java:118)
 java.base@17.0.15/sun.nio.ch.SelectorImpl.lockAndDoSelect(SelectorImpl.java:129)
 java.base@17.0.15/sun.nio.ch.SelectorImpl.select(SelectorImpl.java:141)
 platform/java.net.http@17.0.15/jdk.internal.net.http.HttpClientImpl$SelectorManager.run(HttpClientImpl.java:894)
14-May-2025 12:48:34.796 INFO [main] org.apache.coyote.AbstractProtocol.stop Stopping ProtocolHandler ["http-nio-8080"]
14-May-2025 12:48:34.802 INFO [main] org.apache.coyote.AbstractProtocol.destroy Destroying ProtocolHandler ["http-nio-8080"]
14-May-2025 12:48:38.260 INFO [main] org.apache.catalina.startup.VersionLoggerListener.log Server version name:   Apache Tomcat/10.1.39
14-May-2025 12:48:38.266 INFO [main] org.apache.catalina.startup.VersionLoggerListener.log Server built:          Mar 4 2025 19:02:32 UTC
14-May-2025 12:48:38.266 INFO [main] org.apache.catalina.startup.VersionLoggerListener.log Server version number: 10.1.39.0
14-May-2025 12:48:38.266 INFO [main] org.apache.catalina.startup.VersionLoggerListener.log OS Name:               Linux
14-May-2025 12:48:38.266 INFO [main] org.apache.catalina.startup.VersionLoggerListener.log OS Version:            6.8.0-59-generic
14-May-2025 12:48:38.266 INFO [main] org.apache.catalina.startup.VersionLoggerListener.log Architecture:          amd64
14-May-2025 12:48:38.266 INFO [main] org.apache.catalina.startup.VersionLoggerListener.log Java Home:             /usr/lib/jvm/java-17-openjdk-amd64
14-May-2025 12:48:38.267 INFO [main] org.apache.catalina.startup.VersionLoggerListener.log JVM Version:           17.0.15+6-Ubuntu-0ubuntu122.04
14-May-2025 12:48:38.267 INFO [main] org.apache.catalina.startup.VersionLoggerListener.log JVM Vendor:            Ubuntu
14-May-2025 12:48:38.267 INFO [main] org.apache.catalina.startup.VersionLoggerListener.log CATALINA_BASE:         /home/radu/TAK-Server/src/oidf-server/tomcat
14-May-2025 12:48:38.267 INFO [main] org.apache.catalina.startup.VersionLoggerListener.log CATALINA_HOME:         /home/radu/TAK-Server/src/oidf-server/tomcat
14-May-2025 12:48:38.269 INFO [main] org.apache.catalina.core.AprLifecycleListener.lifecycleEvent The Apache Tomcat Native library which allows using OpenSSL was not found on the java.library.path: [/home/radu/opt/lib::/usr/java/packages/lib:/usr/lib/x86_64-linux-gnu/jni:/lib/x86_64-linux-gnu:/usr/lib/x86_64-linux-gnu:/usr/lib/jni:/lib:/usr/lib]
14-May-2025 12:48:38.555 INFO [main] org.apache.coyote.AbstractProtocol.init Initializing ProtocolHandler ["http-nio-8080"]
14-May-2025 12:48:38.578 INFO [main] org.apache.catalina.startup.Catalina.load Server initialization in [484] milliseconds
14-May-2025 12:48:38.622 INFO [main] org.apache.catalina.core.StandardService.startInternal Starting service [Catalina]
14-May-2025 12:48:38.622 INFO [main] org.apache.catalina.core.StandardEngine.startInternal Starting Servlet engine: [Apache Tomcat/10.1.39]
14-May-2025 12:48:38.637 INFO [main] org.apache.catalina.startup.HostConfig.deployWAR Deploying web application archive [/home/radu/TAK-Server/src/oidf-server/tomcat/webapps/ldapauth.war]
14-May-2025 12:48:39.022 INFO [main] org.apache.jasper.servlet.TldScanner.scanJars At least one JAR was scanned for TLDs yet contained no TLDs. Enable debug logging for this logger for a complete list of JARs that were scanned but no TLDs were found in them. Skipping unneeded JARs during scanning can improve startup time and JSP compilation time.
14-May-2025 12:48:39.747 INFO [main] org.apache.catalina.startup.HostConfig.deployWAR Deployment of web application archive [/home/radu/TAK-Server/src/oidf-server/tomcat/webapps/ldapauth.war] has finished in [1,104] ms
14-May-2025 12:48:39.749 INFO [main] org.apache.catalina.startup.HostConfig.deployWAR Deploying web application archive [/home/radu/TAK-Server/src/oidf-server/tomcat/webapps/password-grant-handler.war]
14-May-2025 12:48:39.982 INFO [main] org.apache.jasper.servlet.TldScanner.scanJars At least one JAR was scanned for TLDs yet contained no TLDs. Enable debug logging for this logger for a complete list of JARs that were scanned but no TLDs were found in them. Skipping unneeded JARs during scanning can improve startup time and JSP compilation time.
14-May-2025 12:48:40.245 INFO [main] org.apache.catalina.startup.HostConfig.deployWAR Deployment of web application archive [/home/radu/TAK-Server/src/oidf-server/tomcat/webapps/password-grant-handler.war] has finished in [496] ms
14-May-2025 12:48:40.246 INFO [main] org.apache.catalina.startup.HostConfig.deployWAR Deploying web application archive [/home/radu/TAK-Server/src/oidf-server/tomcat/webapps/c2id-login.war]
14-May-2025 12:48:41.283 INFO [main] org.apache.jasper.servlet.TldScanner.scanJars At least one JAR was scanned for TLDs yet contained no TLDs. Enable debug logging for this logger for a complete list of JARs that were scanned but no TLDs were found in them. Skipping unneeded JARs during scanning can improve startup time and JSP compilation time.
14-May-2025 12:48:44.546 INFO [main] org.apache.catalina.startup.HostConfig.deployWAR Deployment of web application archive [/home/radu/TAK-Server/src/oidf-server/tomcat/webapps/c2id-login.war] has finished in [4,300] ms
14-May-2025 12:48:44.547 INFO [main] org.apache.catalina.startup.HostConfig.deployWAR Deploying web application archive [/home/radu/TAK-Server/src/oidf-server/tomcat/webapps/oidc-client.war]
14-May-2025 12:48:45.483 INFO [main] org.apache.catalina.startup.HostConfig.deployWAR Deployment of web application archive [/home/radu/TAK-Server/src/oidf-server/tomcat/webapps/oidc-client.war] has finished in [936] ms
14-May-2025 12:48:45.484 INFO [main] org.apache.catalina.startup.HostConfig.deployWAR Deploying web application archive [/home/radu/TAK-Server/src/oidf-server/tomcat/webapps/c2id-logout.war]
14-May-2025 12:48:45.627 INFO [main] org.apache.jasper.servlet.TldScanner.scanJars At least one JAR was scanned for TLDs yet contained no TLDs. Enable debug logging for this logger for a complete list of JARs that were scanned but no TLDs were found in them. Skipping unneeded JARs during scanning can improve startup time and JSP compilation time.
14-May-2025 12:48:45.636 INFO [main] org.apache.catalina.startup.HostConfig.deployWAR Deployment of web application archive [/home/radu/TAK-Server/src/oidf-server/tomcat/webapps/c2id-logout.war] has finished in [152] ms
14-May-2025 12:48:45.637 INFO [main] org.apache.catalina.startup.HostConfig.deployWAR Deploying web application archive [/home/radu/TAK-Server/src/oidf-server/tomcat/webapps/c2id.war]
14-May-2025 12:48:50.259 INFO [main] org.apache.jasper.servlet.TldScanner.scanJars At least one JAR was scanned for TLDs yet contained no TLDs. Enable debug logging for this logger for a complete list of JARs that were scanned but no TLDs were found in them. Skipping unneeded JARs during scanning can improve startup time and JSP compilation time.
14-May-2025 12:48:55.418 WARNING [main] org.glassfish.jersey.message.internal.MessagingBinders$EnabledProvidersBinder.bindToBinder A class jakarta.activation.DataSource for a default provider MessageBodyWriter<jakarta.activation.DataSource> was not found. The provider is not available.
14-May-2025 12:48:55.441 WARNING [main] org.glassfish.jersey.server.wadl.WadlFeature.configure JAX-B API not found . WADL feature is disabled.
14-May-2025 12:48:55.521 WARNING [main] org.glassfish.jersey.internal.inject.Providers.checkProviderRuntime A provider com.nimbusds.openid.connect.provider.sts.STSEndpoint registered in SERVER runtime does not implement any provider interfaces applicable in the SERVER runtime. Due to constraint configuration problems the provider com.nimbusds.openid.connect.provider.sts.STSEndpoint will be ignored. 
14-May-2025 12:48:55.644 WARNING [main] org.glassfish.jersey.server.wadl.WadlFeature.configure JAX-B API not found . WADL feature is disabled.
14-May-2025 12:48:55.652 WARNING [main] org.glassfish.jersey.internal.inject.Providers.checkProviderRuntime A provider com.nimbusds.authzstore.rest.WebAPI registered in SERVER runtime does not implement any provider interfaces applicable in the SERVER runtime. Due to constraint configuration problems the provider com.nimbusds.authzstore.rest.WebAPI will be ignored. 
14-May-2025 12:48:55.737 WARNING [main] org.glassfish.jersey.server.wadl.WadlFeature.configure JAX-B API not found . WADL feature is disabled.
14-May-2025 12:48:55.740 WARNING [main] org.glassfish.jersey.internal.inject.Providers.checkProviderRuntime A provider com.nimbusds.openid.connect.provider.ciba.sessions.CIBASessionsEndpoint registered in SERVER runtime does not implement any provider interfaces applicable in the SERVER runtime. Due to constraint configuration problems the provider com.nimbusds.openid.connect.provider.ciba.sessions.CIBASessionsEndpoint will be ignored. 
14-May-2025 12:48:55.773 WARNING [main] org.glassfish.jersey.server.wadl.WadlFeature.configure JAX-B API not found . WADL feature is disabled.
14-May-2025 12:48:55.776 WARNING [main] org.glassfish.jersey.internal.inject.Providers.checkProviderRuntime A provider com.nimbusds.openid.connect.provider.checksession.CheckSessionBackendEndpoint registered in SERVER runtime does not implement any provider interfaces applicable in the SERVER runtime. Due to constraint configuration problems the provider com.nimbusds.openid.connect.provider.checksession.CheckSessionBackendEndpoint will be ignored. 
14-May-2025 12:48:55.808 WARNING [main] org.glassfish.jersey.server.wadl.WadlFeature.configure JAX-B API not found . WADL feature is disabled.
14-May-2025 12:48:55.866 WARNING [main] org.glassfish.jersey.server.wadl.WadlFeature.configure JAX-B API not found . WADL feature is disabled.
14-May-2025 12:48:55.874 WARNING [main] org.glassfish.jersey.internal.inject.Providers.checkProviderRuntime A provider com.nimbusds.sessionstore.rest.WebAPI registered in SERVER runtime does not implement any provider interfaces applicable in the SERVER runtime. Due to constraint configuration problems the provider com.nimbusds.sessionstore.rest.WebAPI will be ignored. 
14-May-2025 12:48:55.920 WARNING [main] org.glassfish.jersey.server.wadl.WadlFeature.configure JAX-B API not found . WADL feature is disabled.
14-May-2025 12:48:55.925 WARNING [main] org.glassfish.jersey.internal.inject.Providers.checkProviderRuntime A provider com.nimbusds.openid.connect.provider.authz.AuthorizationSessionEndpoint registered in SERVER runtime does not implement any provider interfaces applicable in the SERVER runtime. Due to constraint configuration problems the provider com.nimbusds.openid.connect.provider.authz.AuthorizationSessionEndpoint will be ignored. 
14-May-2025 12:48:55.964 WARNING [main] org.glassfish.jersey.server.wadl.WadlFeature.configure JAX-B API not found . WADL feature is disabled.
14-May-2025 12:48:55.968 WARNING [main] org.glassfish.jersey.internal.inject.Providers.checkProviderRuntime A provider com.nimbusds.openid.connect.provider.config.ConfigurationEndpoint registered in SERVER runtime does not implement any provider interfaces applicable in the SERVER runtime. Due to constraint configuration problems the provider com.nimbusds.openid.connect.provider.config.ConfigurationEndpoint will be ignored. 
14-May-2025 12:48:56.020 WARNING [main] org.glassfish.jersey.server.wadl.WadlFeature.configure JAX-B API not found . WADL feature is disabled.
14-May-2025 12:48:56.025 WARNING [main] org.glassfish.jersey.internal.inject.Providers.checkProviderRuntime A provider com.nimbusds.openid.connect.provider.authz.DirectAuthorizationEndpoint registered in SERVER runtime does not implement any provider interfaces applicable in the SERVER runtime. Due to constraint configuration problems the provider com.nimbusds.openid.connect.provider.authz.DirectAuthorizationEndpoint will be ignored. 
14-May-2025 12:48:56.074 WARNING [main] org.glassfish.jersey.server.wadl.WadlFeature.configure JAX-B API not found . WADL feature is disabled.
14-May-2025 12:48:56.078 WARNING [main] org.glassfish.jersey.internal.inject.Providers.checkProviderRuntime A provider com.nimbusds.openid.connect.provider.logout.endpoint.LogoutSessionEndpoint registered in SERVER runtime does not implement any provider interfaces applicable in the SERVER runtime. Due to constraint configuration problems the provider com.nimbusds.openid.connect.provider.logout.endpoint.LogoutSessionEndpoint will be ignored. 
14-May-2025 12:48:56.308 INFO [main] org.apache.catalina.startup.HostConfig.deployWAR Deployment of web application archive [/home/radu/TAK-Server/src/oidf-server/tomcat/webapps/c2id.war] has finished in [10,670] ms
14-May-2025 12:48:56.308 INFO [main] org.apache.catalina.startup.HostConfig.deployDirectory Deploying web application directory [/home/radu/TAK-Server/src/oidf-server/tomcat/webapps/manager]
14-May-2025 12:48:56.385 INFO [main] org.apache.catalina.startup.HostConfig.deployDirectory Deployment of web application directory [/home/radu/TAK-Server/src/oidf-server/tomcat/webapps/manager] has finished in [76] ms
14-May-2025 12:48:56.385 INFO [main] org.apache.catalina.startup.HostConfig.deployDirectory Deploying web application directory [/home/radu/TAK-Server/src/oidf-server/tomcat/webapps/ROOT]
14-May-2025 12:48:56.418 INFO [main] org.apache.catalina.startup.HostConfig.deployDirectory Deployment of web application directory [/home/radu/TAK-Server/src/oidf-server/tomcat/webapps/ROOT] has finished in [32] ms
14-May-2025 12:48:56.419 INFO [main] org.apache.catalina.startup.HostConfig.deployDirectory Deploying web application directory [/home/radu/TAK-Server/src/oidf-server/tomcat/webapps/host-manager]
14-May-2025 12:48:56.458 INFO [main] org.apache.catalina.startup.HostConfig.deployDirectory Deployment of web application directory [/home/radu/TAK-Server/src/oidf-server/tomcat/webapps/host-manager] has finished in [39] ms
14-May-2025 12:48:56.470 INFO [main] org.apache.coyote.AbstractProtocol.start Starting ProtocolHandler ["http-nio-8080"]
14-May-2025 12:48:56.516 INFO [main] org.apache.catalina.startup.Catalina.start Server startup in [17937] milliseconds
14-May-2025 12:49:02.320 INFO [main] org.apache.catalina.core.StandardServer.await A valid shutdown command was received via the shutdown port. Stopping the Server instance.
14-May-2025 12:49:02.320 INFO [main] org.apache.coyote.AbstractProtocol.pause Pausing ProtocolHandler ["http-nio-8080"]
14-May-2025 12:49:02.322 INFO [main] org.apache.catalina.core.StandardService.stopInternal Stopping service [Catalina]
14-May-2025 12:49:02.727 WARNING [main] org.apache.catalina.loader.WebappClassLoaderBase.clearReferencesThreads The web application [c2id] appears to have started a thread named [RxCachedWorkerPoolEvictor-1] but has failed to stop it. This is very likely to create a memory leak. Stack trace of thread:
 java.base@17.0.15/jdk.internal.misc.Unsafe.park(Native Method)
 java.base@17.0.15/java.util.concurrent.locks.LockSupport.parkNanos(LockSupport.java:252)
 java.base@17.0.15/java.util.concurrent.locks.AbstractQueuedSynchronizer$ConditionObject.awaitNanos(AbstractQueuedSynchronizer.java:1679)
 java.base@17.0.15/java.util.concurrent.ScheduledThreadPoolExecutor$DelayedWorkQueue.take(ScheduledThreadPoolExecutor.java:1182)
 java.base@17.0.15/java.util.concurrent.ScheduledThreadPoolExecutor$DelayedWorkQueue.take(ScheduledThreadPoolExecutor.java:899)
 java.base@17.0.15/java.util.concurrent.ThreadPoolExecutor.getTask(ThreadPoolExecutor.java:1062)
 java.base@17.0.15/java.util.concurrent.ThreadPoolExecutor.runWorker(ThreadPoolExecutor.java:1122)
 java.base@17.0.15/java.util.concurrent.ThreadPoolExecutor$Worker.run(ThreadPoolExecutor.java:635)
 java.base@17.0.15/java.lang.Thread.run(Thread.java:840)
14-May-2025 12:49:02.728 WARNING [main] org.apache.catalina.loader.WebappClassLoaderBase.clearReferencesThreads The web application [c2id] appears to have started a thread named [HttpClient-1-SelectorManager] but has failed to stop it. This is very likely to create a memory leak. Stack trace of thread:
 java.base@17.0.15/sun.nio.ch.EPoll.wait(Native Method)
 java.base@17.0.15/sun.nio.ch.EPollSelectorImpl.doSelect(EPollSelectorImpl.java:118)
 java.base@17.0.15/sun.nio.ch.SelectorImpl.lockAndDoSelect(SelectorImpl.java:129)
 java.base@17.0.15/sun.nio.ch.SelectorImpl.select(SelectorImpl.java:141)
 platform/java.net.http@17.0.15/jdk.internal.net.http.HttpClientImpl$SelectorManager.run(HttpClientImpl.java:894)
14-May-2025 12:49:02.745 INFO [main] org.apache.coyote.AbstractProtocol.stop Stopping ProtocolHandler ["http-nio-8080"]
14-May-2025 12:49:02.755 INFO [main] org.apache.coyote.AbstractProtocol.destroy Destroying ProtocolHandler ["http-nio-8080"]
