21-Apr-2025 10:57:09.707 INFO [main] org.apache.catalina.startup.VersionLoggerListener.log Server version name:   Apache Tomcat/10.1.39
21-Apr-2025 10:57:09.739 INFO [main] org.apache.catalina.startup.VersionLoggerListener.log Server built:          Mar 4 2025 19:02:32 UTC
21-Apr-2025 10:57:09.739 INFO [main] org.apache.catalina.startup.VersionLoggerListener.log Server version number: 10.1.39.0
21-Apr-2025 10:57:09.739 INFO [main] org.apache.catalina.startup.VersionLoggerListener.log OS Name:               Linux
21-Apr-2025 10:57:09.739 INFO [main] org.apache.catalina.startup.VersionLoggerListener.log OS Version:            6.8.0-57-generic
21-Apr-2025 10:57:09.740 INFO [main] org.apache.catalina.startup.VersionLoggerListener.log Architecture:          amd64
21-Apr-2025 10:57:09.740 INFO [main] org.apache.catalina.startup.VersionLoggerListener.log Java Home:             /usr/lib/jvm/java-17-openjdk-amd64
21-Apr-2025 10:57:09.740 INFO [main] org.apache.catalina.startup.VersionLoggerListener.log JVM Version:           17.0.14+7-Ubuntu-122.04.1
21-Apr-2025 10:57:09.740 INFO [main] org.apache.catalina.startup.VersionLoggerListener.log JVM Vendor:            Ubuntu
21-Apr-2025 10:57:09.740 INFO [main] org.apache.catalina.startup.VersionLoggerListener.log CATALINA_BASE:         /home/radu/connect2id-server-18.0/tomcat
21-Apr-2025 10:57:09.740 INFO [main] org.apache.catalina.startup.VersionLoggerListener.log CATALINA_HOME:         /home/radu/connect2id-server-18.0/tomcat
21-Apr-2025 10:57:09.742 INFO [main] org.apache.catalina.core.AprLifecycleListener.lifecycleEvent The Apache Tomcat Native library which allows using OpenSSL was not found on the java.library.path: [/home/radu/opt/lib::/usr/java/packages/lib:/usr/lib/x86_64-linux-gnu/jni:/lib/x86_64-linux-gnu:/usr/lib/x86_64-linux-gnu:/usr/lib/jni:/lib:/usr/lib]
21-Apr-2025 10:57:10.651 INFO [main] org.apache.coyote.AbstractProtocol.init Initializing ProtocolHandler ["http-nio-8080"]
21-Apr-2025 10:57:10.779 INFO [main] org.apache.catalina.startup.Catalina.load Server initialization in [1634] milliseconds
21-Apr-2025 10:57:10.989 INFO [main] org.apache.catalina.core.StandardService.startInternal Starting service [Catalina]
21-Apr-2025 10:57:10.989 INFO [main] org.apache.catalina.core.StandardEngine.startInternal Starting Servlet engine: [Apache Tomcat/10.1.39]
21-Apr-2025 10:57:12.097 INFO [main] org.apache.tomcat.jakartaee.Migration.execute Performing migration from source [/home/radu/connect2id-server-18.0/tomcat/webapps-javaee/c2id-login.war] to destination [/home/radu/connect2id-server-18.0/tomcat/webapps-javaee/new6961707821625992992.tmp] with Jakarta EE specification profile [TOMCAT]
21-Apr-2025 10:57:12.121 INFO [main] org.apache.tomcat.jakartaee.Migration.migrateStream Migration starting for archive [/home/radu/connect2id-server-18.0/tomcat/webapps-javaee/c2id-login.war] using streaming
21-Apr-2025 10:57:12.247 INFO [main] org.apache.tomcat.jakartaee.Migration.migrateStream Migration skipped for archive [WEB-INF/lib/httpclient-4.5.13.jar] because it is excluded (the archive was copied unchanged)
21-Apr-2025 10:57:12.248 INFO [main] org.apache.tomcat.jakartaee.Migration.migrateStream Migration starting for archive [WEB-INF/lib/jetty-servlet-9.4.42.v20210604.jar] using streaming
21-Apr-2025 10:57:12.384 INFO [main] org.apache.tomcat.jakartaee.Migration.migrateStream Migration finished for archive [WEB-INF/lib/jetty-servlet-9.4.42.v20210604.jar]
21-Apr-2025 10:57:12.385 INFO [main] org.apache.tomcat.jakartaee.Migration.migrateStream Migration starting for archive [WEB-INF/lib/spring-boot-2.5.2.jar] using streaming
21-Apr-2025 10:57:12.940 INFO [main] org.apache.tomcat.jakartaee.Migration.migrateStream Migration finished for archive [WEB-INF/lib/spring-boot-2.5.2.jar]
21-Apr-2025 10:57:12.941 INFO [main] org.apache.tomcat.jakartaee.Migration.migrateStream Migration starting for archive [WEB-INF/lib/jakarta.annotation-api-1.3.5.jar] using streaming
21-Apr-2025 10:57:12.953 INFO [main] org.apache.tomcat.jakartaee.Migration.migrateStream Migration finished for archive [WEB-INF/lib/jakarta.annotation-api-1.3.5.jar]
21-Apr-2025 10:57:12.953 INFO [main] org.apache.tomcat.jakartaee.Migration.migrateStream Migration starting for archive [WEB-INF/lib/jackson-datatype-jsr310-2.12.3.jar] using streaming
21-Apr-2025 10:57:12.996 INFO [main] org.apache.tomcat.jakartaee.Migration.migrateStream Migration finished for archive [WEB-INF/lib/jackson-datatype-jsr310-2.12.3.jar]
21-Apr-2025 10:57:12.997 INFO [main] org.apache.tomcat.jakartaee.Migration.migrateStream Migration starting for archive [WEB-INF/lib/spring-context-5.3.8.jar] using streaming
21-Apr-2025 10:57:13.386 INFO [main] org.apache.tomcat.jakartaee.Migration.migrateStream Migration finished for archive [WEB-INF/lib/spring-context-5.3.8.jar]
21-Apr-2025 10:57:13.387 INFO [main] org.apache.tomcat.jakartaee.Migration.migrateStream Migration starting for archive [WEB-INF/lib/spring-webmvc-5.3.8.jar] using streaming
21-Apr-2025 10:57:13.769 INFO [main] org.apache.tomcat.jakartaee.Migration.migrateStream Migration finished for archive [WEB-INF/lib/spring-webmvc-5.3.8.jar]
21-Apr-2025 10:57:13.770 INFO [main] org.apache.tomcat.jakartaee.Migration.migrateStream Migration starting for archive [WEB-INF/lib/javax.servlet-api-4.0.1.jar] using streaming
21-Apr-2025 10:57:13.812 INFO [main] org.apache.tomcat.jakartaee.Migration.migrateStream Migration finished for archive [WEB-INF/lib/javax.servlet-api-4.0.1.jar]
21-Apr-2025 10:57:13.828 INFO [main] org.apache.tomcat.jakartaee.Migration.migrateStream Migration skipped for archive [WEB-INF/lib/jackson-core-2.12.3.jar] because it is excluded (the archive was copied unchanged)
21-Apr-2025 10:57:13.829 INFO [main] org.apache.tomcat.jakartaee.Migration.migrateStream Migration starting for archive [WEB-INF/lib/spring-boot-autoconfigure-2.5.2.jar] using streaming
21-Apr-2025 10:57:14.271 INFO [main] org.apache.tomcat.jakartaee.Migration.migrateStream Migration finished for archive [WEB-INF/lib/spring-boot-autoconfigure-2.5.2.jar]
21-Apr-2025 10:57:14.272 INFO [main] org.apache.tomcat.jakartaee.Migration.migrateStream Migration starting for archive [WEB-INF/lib/tomcat-embed-el-9.0.48.jar] using streaming
21-Apr-2025 10:57:14.369 INFO [main] org.apache.tomcat.jakartaee.Migration.migrateStream Migration finished for archive [WEB-INF/lib/tomcat-embed-el-9.0.48.jar]
21-Apr-2025 10:57:14.371 INFO [main] org.apache.tomcat.jakartaee.Migration.migrateStream Migration skipped for archive [WEB-INF/lib/slf4j-api-1.7.31.jar] because it is excluded (the archive was copied unchanged)
21-Apr-2025 10:57:14.372 INFO [main] org.apache.tomcat.jakartaee.Migration.migrateStream Migration starting for archive [WEB-INF/lib/spring-web-5.3.8.jar] using streaming
21-Apr-2025 10:57:14.781 INFO [main] org.apache.tomcat.jakartaee.Migration.migrateStream Migration finished for archive [WEB-INF/lib/spring-web-5.3.8.jar]
21-Apr-2025 10:57:14.782 INFO [main] org.apache.tomcat.jakartaee.Migration.migrateStream Migration starting for archive [WEB-INF/lib/commons-logging-1.2.jar] using streaming
21-Apr-2025 10:57:14.796 INFO [main] org.apache.tomcat.jakartaee.Migration.migrateStream Migration finished for archive [WEB-INF/lib/commons-logging-1.2.jar]
21-Apr-2025 10:57:14.797 INFO [main] org.apache.tomcat.jakartaee.Migration.migrateStream Migration starting for archive [WEB-INF/lib/jetty-io-9.4.42.v20210604.jar] using streaming
21-Apr-2025 10:57:14.835 INFO [main] org.apache.tomcat.jakartaee.Migration.migrateStream Migration finished for archive [WEB-INF/lib/jetty-io-9.4.42.v20210604.jar]
21-Apr-2025 10:57:14.836 INFO [main] org.apache.tomcat.jakartaee.Migration.migrateStream Migration starting for archive [WEB-INF/lib/log4j-core-2.17.1.jar] using streaming
21-Apr-2025 10:57:15.224 INFO [main] org.apache.tomcat.jakartaee.Migration.migrateStream Migration finished for archive [WEB-INF/lib/log4j-core-2.17.1.jar]
21-Apr-2025 10:57:15.224 INFO [main] org.apache.tomcat.jakartaee.Migration.migrateStream Migration starting for archive [WEB-INF/lib/spring-boot-starter-web-2.5.2.jar] using streaming
21-Apr-2025 10:57:15.226 INFO [main] org.apache.tomcat.jakartaee.Migration.migrateStream Migration finished for archive [WEB-INF/lib/spring-boot-starter-web-2.5.2.jar]
21-Apr-2025 10:57:15.226 INFO [main] org.apache.tomcat.jakartaee.Migration.migrateStream Migration starting for archive [WEB-INF/lib/spring-beans-5.3.8.jar] using streaming
21-Apr-2025 10:57:15.368 INFO [main] org.apache.tomcat.jakartaee.Migration.migrateStream Migration finished for archive [WEB-INF/lib/spring-beans-5.3.8.jar]
21-Apr-2025 10:57:15.371 INFO [main] org.apache.tomcat.jakartaee.Migration.migrateStream Migration skipped for archive [WEB-INF/lib/jackson-annotations-2.12.3.jar] because it is excluded (the archive was copied unchanged)
21-Apr-2025 10:57:15.371 INFO [main] org.apache.tomcat.jakartaee.Migration.migrateStream Migration starting for archive [WEB-INF/lib/jetty-webapp-9.4.42.v20210604.jar] using streaming
21-Apr-2025 10:57:15.406 INFO [main] org.apache.tomcat.jakartaee.Migration.migrateStream Migration finished for archive [WEB-INF/lib/jetty-webapp-9.4.42.v20210604.jar]
21-Apr-2025 10:57:15.423 INFO [main] org.apache.tomcat.jakartaee.Migration.migrateStream Migration skipped for archive [WEB-INF/lib/spring-aop-5.3.8.jar] because it is excluded (the archive was copied unchanged)
21-Apr-2025 10:57:15.437 INFO [main] org.apache.tomcat.jakartaee.Migration.migrateStream Migration skipped for archive [WEB-INF/lib/httpcore-4.4.14.jar] because it is excluded (the archive was copied unchanged)
21-Apr-2025 10:57:15.438 INFO [main] org.apache.tomcat.jakartaee.Migration.migrateStream Migration starting for archive [WEB-INF/lib/spring-core-5.3.8.jar] using streaming
21-Apr-2025 10:57:15.734 INFO [main] org.apache.tomcat.jakartaee.Migration.migrateStream Migration finished for archive [WEB-INF/lib/spring-core-5.3.8.jar]
21-Apr-2025 10:57:15.735 INFO [main] org.apache.tomcat.jakartaee.Migration.migrateStream Migration starting for archive [WEB-INF/lib/logback-core-1.2.3.jar] using streaming
21-Apr-2025 10:57:15.838 INFO [main] org.apache.tomcat.jakartaee.Migration.migrateStream Migration finished for archive [WEB-INF/lib/logback-core-1.2.3.jar]
21-Apr-2025 10:57:15.839 INFO [main] org.apache.tomcat.jakartaee.Migration.migrateStream Migration starting for archive [WEB-INF/lib/fluent-hc-4.5.13.jar] using streaming
21-Apr-2025 10:57:15.845 INFO [main] org.apache.tomcat.jakartaee.Migration.migrateStream Migration finished for archive [WEB-INF/lib/fluent-hc-4.5.13.jar]
21-Apr-2025 10:57:15.845 INFO [main] org.apache.tomcat.jakartaee.Migration.migrateStream Migration starting for archive [WEB-INF/lib/snakeyaml-1.28.jar] using streaming
21-Apr-2025 10:57:15.913 INFO [main] org.apache.tomcat.jakartaee.Migration.migrateStream Migration finished for archive [WEB-INF/lib/snakeyaml-1.28.jar]
21-Apr-2025 10:57:15.913 INFO [main] org.apache.tomcat.jakartaee.Migration.migrateStream Migration starting for archive [WEB-INF/lib/spring-boot-starter-2.5.2.jar] using streaming
21-Apr-2025 10:57:15.915 INFO [main] org.apache.tomcat.jakartaee.Migration.migrateStream Migration finished for archive [WEB-INF/lib/spring-boot-starter-2.5.2.jar]
21-Apr-2025 10:57:15.915 INFO [main] org.apache.tomcat.jakartaee.Migration.migrateStream Migration starting for archive [WEB-INF/lib/jetty-security-9.4.42.v20210604.jar] using streaming
21-Apr-2025 10:57:15.947 INFO [main] org.apache.tomcat.jakartaee.Migration.migrateStream Migration finished for archive [WEB-INF/lib/jetty-security-9.4.42.v20210604.jar]
21-Apr-2025 10:57:15.947 INFO [main] org.apache.tomcat.jakartaee.Migration.migrateStream Migration starting for archive [WEB-INF/lib/jetty-server-9.4.42.v20210604.jar] using streaming
21-Apr-2025 10:57:16.129 INFO [main] org.apache.tomcat.jakartaee.Migration.migrateStream Migration finished for archive [WEB-INF/lib/jetty-server-9.4.42.v20210604.jar]
21-Apr-2025 10:57:16.130 INFO [main] org.apache.tomcat.jakartaee.Migration.migrateStream Migration skipped for archive [WEB-INF/lib/log4j-to-slf4j-2.17.1.jar] because it is excluded (the archive was copied unchanged)
21-Apr-2025 10:57:16.130 INFO [main] org.apache.tomcat.jakartaee.Migration.migrateStream Migration starting for archive [WEB-INF/lib/jackson-module-parameter-names-2.12.3.jar] using streaming
21-Apr-2025 10:57:16.133 INFO [main] org.apache.tomcat.jakartaee.Migration.migrateStream Migration finished for archive [WEB-INF/lib/jackson-module-parameter-names-2.12.3.jar]
21-Apr-2025 10:57:16.133 INFO [main] org.apache.tomcat.jakartaee.Migration.migrateStream Migration starting for archive [WEB-INF/lib/jakarta.servlet-api-4.0.4.jar] using streaming
21-Apr-2025 10:57:16.161 INFO [main] org.apache.tomcat.jakartaee.Migration.migrateStream Migration finished for archive [WEB-INF/lib/jakarta.servlet-api-4.0.4.jar]
21-Apr-2025 10:57:16.161 INFO [main] org.apache.tomcat.jakartaee.Migration.migrateStream Migration starting for archive [WEB-INF/lib/spring-boot-starter-jetty-2.5.2.jar] using streaming
21-Apr-2025 10:57:16.162 INFO [main] org.apache.tomcat.jakartaee.Migration.migrateStream Migration finished for archive [WEB-INF/lib/spring-boot-starter-jetty-2.5.2.jar]
21-Apr-2025 10:57:16.163 INFO [main] org.apache.tomcat.jakartaee.Migration.migrateStream Migration starting for archive [WEB-INF/lib/spring-jcl-5.3.8.jar] using streaming
21-Apr-2025 10:57:16.167 INFO [main] org.apache.tomcat.jakartaee.Migration.migrateStream Migration finished for archive [WEB-INF/lib/spring-jcl-5.3.8.jar]
21-Apr-2025 10:57:16.168 INFO [main] org.apache.tomcat.jakartaee.Migration.migrateStream Migration skipped for archive [WEB-INF/lib/jul-to-slf4j-1.7.31.jar] because it is excluded (the archive was copied unchanged)
21-Apr-2025 10:57:16.168 INFO [main] org.apache.tomcat.jakartaee.Migration.migrateStream Migration starting for archive [WEB-INF/lib/jetty-servlets-9.4.42.v20210604.jar] using streaming
21-Apr-2025 10:57:16.198 INFO [main] org.apache.tomcat.jakartaee.Migration.migrateStream Migration finished for archive [WEB-INF/lib/jetty-servlets-9.4.42.v20210604.jar]
21-Apr-2025 10:57:16.210 INFO [main] org.apache.tomcat.jakartaee.Migration.migrateStream Migration skipped for archive [WEB-INF/lib/spring-expression-5.3.8.jar] because it is excluded (the archive was copied unchanged)
21-Apr-2025 10:57:16.210 INFO [main] org.apache.tomcat.jakartaee.Migration.migrateStream Migration starting for archive [WEB-INF/lib/jetty-http-9.4.42.v20210604.jar] using streaming
21-Apr-2025 10:57:16.252 INFO [main] org.apache.tomcat.jakartaee.Migration.migrateStream Migration finished for archive [WEB-INF/lib/jetty-http-9.4.42.v20210604.jar]
21-Apr-2025 10:57:16.253 INFO [main] org.apache.tomcat.jakartaee.Migration.migrateStream Migration starting for archive [WEB-INF/lib/jetty-util-ajax-9.4.42.v20210604.jar] using streaming
21-Apr-2025 10:57:16.265 INFO [main] org.apache.tomcat.jakartaee.Migration.migrateStream Migration finished for archive [WEB-INF/lib/jetty-util-ajax-9.4.42.v20210604.jar]
21-Apr-2025 10:57:16.265 INFO [main] org.apache.tomcat.jakartaee.Migration.migrateStream Migration starting for archive [WEB-INF/lib/spring-boot-starter-logging-2.5.2.jar] using streaming
21-Apr-2025 10:57:16.266 INFO [main] org.apache.tomcat.jakartaee.Migration.migrateStream Migration finished for archive [WEB-INF/lib/spring-boot-starter-logging-2.5.2.jar]
21-Apr-2025 10:57:16.267 INFO [main] org.apache.tomcat.jakartaee.Migration.migrateStream Migration starting for archive [WEB-INF/lib/commons-lang3-3.12.0.jar] using streaming
21-Apr-2025 10:57:16.382 INFO [main] org.apache.tomcat.jakartaee.Migration.migrateStream Migration finished for archive [WEB-INF/lib/commons-lang3-3.12.0.jar]
21-Apr-2025 10:57:16.383 INFO [main] org.apache.tomcat.jakartaee.Migration.migrateStream Migration starting for archive [WEB-INF/lib/jakarta.websocket-api-1.1.2.jar] using streaming
21-Apr-2025 10:57:16.396 INFO [main] org.apache.tomcat.jakartaee.Migration.migrateStream Migration finished for archive [WEB-INF/lib/jakarta.websocket-api-1.1.2.jar]
21-Apr-2025 10:57:16.397 INFO [main] org.apache.tomcat.jakartaee.Migration.migrateStream Migration starting for archive [WEB-INF/lib/validation-api-2.0.1.Final.jar] using streaming
21-Apr-2025 10:57:16.419 INFO [main] org.apache.tomcat.jakartaee.Migration.migrateStream Migration finished for archive [WEB-INF/lib/validation-api-2.0.1.Final.jar]
21-Apr-2025 10:57:16.419 INFO [main] org.apache.tomcat.jakartaee.Migration.migrateStream Migration starting for archive [WEB-INF/lib/jetty-continuation-9.4.42.v20210604.jar] using streaming
21-Apr-2025 10:57:16.426 INFO [main] org.apache.tomcat.jakartaee.Migration.migrateStream Migration finished for archive [WEB-INF/lib/jetty-continuation-9.4.42.v20210604.jar]
21-Apr-2025 10:57:16.427 INFO [main] org.apache.tomcat.jakartaee.Migration.migrateStream Migration starting for archive [WEB-INF/lib/logback-classic-1.2.3.jar] using streaming
21-Apr-2025 10:57:16.484 INFO [main] org.apache.tomcat.jakartaee.Migration.migrateStream Migration finished for archive [WEB-INF/lib/logback-classic-1.2.3.jar]
21-Apr-2025 10:57:16.484 INFO [main] org.apache.tomcat.jakartaee.Migration.migrateStream Migration starting for archive [WEB-INF/lib/jackson-datatype-jdk8-2.12.3.jar] using streaming
21-Apr-2025 10:57:16.491 INFO [main] org.apache.tomcat.jakartaee.Migration.migrateStream Migration finished for archive [WEB-INF/lib/jackson-datatype-jdk8-2.12.3.jar]
21-Apr-2025 10:57:16.492 INFO [main] org.apache.tomcat.jakartaee.Migration.migrateStream Migration starting for archive [WEB-INF/lib/jackson-databind-2.12.3.jar] using streaming
21-Apr-2025 10:57:16.778 INFO [main] org.apache.tomcat.jakartaee.Migration.migrateStream Migration finished for archive [WEB-INF/lib/jackson-databind-2.12.3.jar]
21-Apr-2025 10:57:16.779 INFO [main] org.apache.tomcat.jakartaee.Migration.migrateStream Migration starting for archive [WEB-INF/lib/jetty-util-9.4.42.v20210604.jar] using streaming
21-Apr-2025 10:57:16.884 INFO [main] org.apache.tomcat.jakartaee.Migration.migrateStream Migration finished for archive [WEB-INF/lib/jetty-util-9.4.42.v20210604.jar]
21-Apr-2025 10:57:16.884 INFO [main] org.apache.tomcat.jakartaee.Migration.migrateStream Migration starting for archive [WEB-INF/lib/spring-boot-starter-json-2.5.2.jar] using streaming
21-Apr-2025 10:57:16.885 INFO [main] org.apache.tomcat.jakartaee.Migration.migrateStream Migration finished for archive [WEB-INF/lib/spring-boot-starter-json-2.5.2.jar]
21-Apr-2025 10:57:16.900 INFO [main] org.apache.tomcat.jakartaee.Migration.migrateStream Migration skipped for archive [WEB-INF/lib/commons-codec-1.15.jar] because it is excluded (the archive was copied unchanged)
21-Apr-2025 10:57:16.900 INFO [main] org.apache.tomcat.jakartaee.Migration.migrateStream Migration starting for archive [WEB-INF/lib/log4j-api-2.17.1.jar] using streaming
21-Apr-2025 10:57:16.959 INFO [main] org.apache.tomcat.jakartaee.Migration.migrateStream Migration finished for archive [WEB-INF/lib/log4j-api-2.17.1.jar]
21-Apr-2025 10:57:16.959 INFO [main] org.apache.tomcat.jakartaee.Migration.migrateStream Migration starting for archive [WEB-INF/lib/jetty-xml-9.4.42.v20210604.jar] using streaming
21-Apr-2025 10:57:16.971 INFO [main] org.apache.tomcat.jakartaee.Migration.migrateStream Migration finished for archive [WEB-INF/lib/jetty-xml-9.4.42.v20210604.jar]
21-Apr-2025 10:57:17.165 INFO [main] org.apache.tomcat.jakartaee.Migration.migrateStream Migration finished for archive [/home/radu/connect2id-server-18.0/tomcat/webapps-javaee/c2id-login.war]
21-Apr-2025 10:57:17.166 INFO [main] org.apache.tomcat.jakartaee.Migration.execute Migration completed successfully in [5,044] milliseconds
21-Apr-2025 10:57:17.191 INFO [main] org.apache.tomcat.jakartaee.Migration.execute Performing migration from source [/home/radu/connect2id-server-18.0/tomcat/webapps-javaee/oidc-client.war] to destination [/home/radu/connect2id-server-18.0/tomcat/webapps-javaee/new15146553158165580892.tmp] with Jakarta EE specification profile [TOMCAT]
21-Apr-2025 10:57:17.192 INFO [main] org.apache.tomcat.jakartaee.Migration.migrateStream Migration starting for archive [/home/radu/connect2id-server-18.0/tomcat/webapps-javaee/oidc-client.war] using streaming
21-Apr-2025 10:57:17.193 INFO [main] org.apache.tomcat.jakartaee.Migration.migrateStream Migration starting for archive [WEB-INF/lib/lang-tag-1.6.jar] using streaming
21-Apr-2025 10:57:17.195 INFO [main] org.apache.tomcat.jakartaee.Migration.migrateStream Migration finished for archive [WEB-INF/lib/lang-tag-1.6.jar]
21-Apr-2025 10:57:17.195 INFO [main] org.apache.tomcat.jakartaee.Migration.migrateStream Migration starting for archive [WEB-INF/lib/jsoup-1.8.3.jar] using streaming
21-Apr-2025 10:57:17.255 INFO [main] org.apache.tomcat.jakartaee.Migration.migrateStream Migration finished for archive [WEB-INF/lib/jsoup-1.8.3.jar]
21-Apr-2025 10:57:17.255 INFO [main] org.apache.tomcat.jakartaee.Migration.migrateStream Migration starting for archive [WEB-INF/lib/java-property-utils-1.17.jar] using streaming
21-Apr-2025 10:57:17.257 INFO [main] org.apache.tomcat.jakartaee.Migration.migrateStream Migration finished for archive [WEB-INF/lib/java-property-utils-1.17.jar]
21-Apr-2025 10:57:17.258 INFO [main] org.apache.tomcat.jakartaee.Migration.migrateStream Migration starting for archive [WEB-INF/lib/oauth2-oidc-sdk-9.35.jar] using streaming
21-Apr-2025 10:57:17.409 INFO [main] org.apache.tomcat.jakartaee.Migration.migrateStream Migration finished for archive [WEB-INF/lib/oauth2-oidc-sdk-9.35.jar]
21-Apr-2025 10:57:17.444 INFO [main] org.apache.tomcat.jakartaee.Migration.migrateStream Migration skipped for archive [WEB-INF/lib/httpclient-4.5.13.jar] because it is excluded (the archive was copied unchanged)
21-Apr-2025 10:57:17.456 INFO [main] org.apache.tomcat.jakartaee.Migration.migrateStream Migration starting for archive [WEB-INF/lib/nimbus-jose-jwt-9.22.jar] using streaming
21-Apr-2025 10:57:17.579 INFO [main] org.apache.tomcat.jakartaee.Migration.migrateStream Migration finished for archive [WEB-INF/lib/nimbus-jose-jwt-9.22.jar]
21-Apr-2025 10:57:17.579 INFO [main] org.apache.tomcat.jakartaee.Migration.migrateStream Migration starting for archive [WEB-INF/lib/json-smart-2.4.8.jar] using streaming
21-Apr-2025 10:57:17.602 INFO [main] org.apache.tomcat.jakartaee.Migration.migrateStream Migration finished for archive [WEB-INF/lib/json-smart-2.4.8.jar]
21-Apr-2025 10:57:17.602 INFO [main] org.apache.tomcat.jakartaee.Migration.migrateStream Migration starting for archive [WEB-INF/lib/commons-lang3-3.12.0.jar] using streaming
21-Apr-2025 10:57:17.712 INFO [main] org.apache.tomcat.jakartaee.Migration.migrateStream Migration finished for archive [WEB-INF/lib/commons-lang3-3.12.0.jar]
21-Apr-2025 10:57:17.712 INFO [main] org.apache.tomcat.jakartaee.Migration.migrateStream Migration starting for archive [WEB-INF/lib/accessors-smart-2.4.8.jar] using streaming
21-Apr-2025 10:57:17.717 INFO [main] org.apache.tomcat.jakartaee.Migration.migrateStream Migration finished for archive [WEB-INF/lib/accessors-smart-2.4.8.jar]
21-Apr-2025 10:57:17.718 INFO [main] org.apache.tomcat.jakartaee.Migration.migrateStream Migration starting for archive [WEB-INF/lib/metrics-jmx-4.1.29.jar] using streaming
21-Apr-2025 10:57:17.722 INFO [main] org.apache.tomcat.jakartaee.Migration.migrateStream Migration finished for archive [WEB-INF/lib/metrics-jmx-4.1.29.jar]
21-Apr-2025 10:57:17.722 INFO [main] org.apache.tomcat.jakartaee.Migration.migrateStream Migration starting for archive [WEB-INF/lib/vaadin-slf4j-jdk14-1.6.1.jar] using streaming
21-Apr-2025 10:57:17.729 INFO [main] org.apache.tomcat.jakartaee.Migration.migrateStream Migration finished for archive [WEB-INF/lib/vaadin-slf4j-jdk14-1.6.1.jar]
21-Apr-2025 10:57:17.730 INFO [main] org.apache.tomcat.jakartaee.Migration.migrateStream Migration starting for archive [WEB-INF/lib/commons-logging-1.2.jar] using streaming
21-Apr-2025 10:57:17.741 INFO [main] org.apache.tomcat.jakartaee.Migration.migrateStream Migration finished for archive [WEB-INF/lib/commons-logging-1.2.jar]
21-Apr-2025 10:57:17.741 INFO [main] org.apache.tomcat.jakartaee.Migration.migrateStream Migration starting for archive [WEB-INF/lib/atmosphere-runtime-2.2.13.vaadin1.jar] using streaming
21-Apr-2025 10:57:17.917 INFO [main] org.apache.tomcat.jakartaee.Migration.migrateStream Migration finished for archive [WEB-INF/lib/atmosphere-runtime-2.2.13.vaadin1.jar]
21-Apr-2025 10:57:17.917 INFO [main] org.apache.tomcat.jakartaee.Migration.migrateStream Migration starting for archive [WEB-INF/lib/vaadin-sass-compiler-0.9.13.jar] using streaming
21-Apr-2025 10:57:18.010 INFO [main] org.apache.tomcat.jakartaee.Migration.migrateStream Migration finished for archive [WEB-INF/lib/vaadin-sass-compiler-0.9.13.jar]
21-Apr-2025 10:57:18.012 INFO [main] org.apache.tomcat.jakartaee.Migration.migrateStream Migration skipped for archive [WEB-INF/lib/slf4j-api-1.7.32.jar] because it is excluded (the archive was copied unchanged)
21-Apr-2025 10:57:18.018 INFO [main] org.apache.tomcat.jakartaee.Migration.migrateStream Migration skipped for archive [WEB-INF/lib/asm-9.1.jar] because it is excluded (the archive was copied unchanged)
21-Apr-2025 10:57:18.018 INFO [main] org.apache.tomcat.jakartaee.Migration.migrateStream Migration starting for archive [WEB-INF/lib/fluent-hc-4.5.13.jar] using streaming
21-Apr-2025 10:57:18.024 INFO [main] org.apache.tomcat.jakartaee.Migration.migrateStream Migration finished for archive [WEB-INF/lib/fluent-hc-4.5.13.jar]
21-Apr-2025 10:57:18.024 INFO [main] org.apache.tomcat.jakartaee.Migration.migrateStream Migration starting for archive [WEB-INF/lib/metrics-core-4.1.29.jar] using streaming
21-Apr-2025 10:57:18.046 INFO [main] org.apache.tomcat.jakartaee.Migration.migrateStream Migration finished for archive [WEB-INF/lib/metrics-core-4.1.29.jar]
21-Apr-2025 10:57:18.046 INFO [main] org.apache.tomcat.jakartaee.Migration.migrateStream Migration starting for archive [WEB-INF/lib/pretty-json-1.4.3.jar] using streaming
21-Apr-2025 10:57:18.063 INFO [main] org.apache.tomcat.jakartaee.Migration.migrateStream Migration finished for archive [WEB-INF/lib/pretty-json-1.4.3.jar]
21-Apr-2025 10:57:18.078 INFO [main] org.apache.tomcat.jakartaee.Migration.migrateStream Migration skipped for archive [WEB-INF/lib/httpcore-4.4.13.jar] because it is excluded (the archive was copied unchanged)
21-Apr-2025 10:57:18.078 INFO [main] org.apache.tomcat.jakartaee.Migration.migrateStream Migration starting for archive [WEB-INF/lib/vaadin-push-7.7.17.jar] using streaming
21-Apr-2025 10:57:18.089 INFO [main] org.apache.tomcat.jakartaee.Migration.migrateStream Migration finished for archive [WEB-INF/lib/vaadin-push-7.7.17.jar]
21-Apr-2025 10:57:18.089 INFO [main] org.apache.tomcat.jakartaee.Migration.migrateStream Migration starting for archive [WEB-INF/lib/commons-text-1.9.jar] using streaming
21-Apr-2025 10:57:18.128 INFO [main] org.apache.tomcat.jakartaee.Migration.migrateStream Migration finished for archive [WEB-INF/lib/commons-text-1.9.jar]
21-Apr-2025 10:57:18.129 INFO [main] org.apache.tomcat.jakartaee.Migration.migrateStream Migration starting for archive [WEB-INF/lib/flute-1.3.0.gg2.jar] using streaming
21-Apr-2025 10:57:18.143 INFO [main] org.apache.tomcat.jakartaee.Migration.migrateStream Migration finished for archive [WEB-INF/lib/flute-1.3.0.gg2.jar]
21-Apr-2025 10:57:18.158 INFO [main] org.apache.tomcat.jakartaee.Migration.migrateStream Migration skipped for archive [WEB-INF/lib/commons-codec-1.15.jar] because it is excluded (the archive was copied unchanged)
21-Apr-2025 10:57:18.161 INFO [main] org.apache.tomcat.jakartaee.Migration.migrateStream Migration starting for archive [WEB-INF/lib/log4j-web-2.17.2.jar] using streaming
21-Apr-2025 10:57:18.170 INFO [main] org.apache.tomcat.jakartaee.Migration.migrateStream Migration finished for archive [WEB-INF/lib/log4j-web-2.17.2.jar]
21-Apr-2025 10:57:18.171 INFO [main] org.apache.tomcat.jakartaee.Migration.migrateStream Migration starting for archive [WEB-INF/lib/vaadin-shared-7.7.17.jar] using streaming
21-Apr-2025 10:57:18.246 INFO [main] org.apache.tomcat.jakartaee.Migration.migrateStream Migration finished for archive [WEB-INF/lib/vaadin-shared-7.7.17.jar]
21-Apr-2025 10:57:18.246 INFO [main] org.apache.tomcat.jakartaee.Migration.migrateStream Migration starting for archive [WEB-INF/lib/content-type-2.2.jar] using streaming
21-Apr-2025 10:57:18.248 INFO [main] org.apache.tomcat.jakartaee.Migration.migrateStream Migration finished for archive [WEB-INF/lib/content-type-2.2.jar]
21-Apr-2025 10:57:18.248 INFO [main] org.apache.tomcat.jakartaee.Migration.migrateStream Migration starting for archive [WEB-INF/lib/log4j-core-2.17.2.jar] using streaming
21-Apr-2025 10:57:18.579 INFO [main] org.apache.tomcat.jakartaee.Migration.migrateStream Migration finished for archive [WEB-INF/lib/log4j-core-2.17.2.jar]
21-Apr-2025 10:57:18.580 INFO [main] org.apache.tomcat.jakartaee.Migration.migrateStream Migration starting for archive [WEB-INF/lib/vaadin-server-7.7.17.jar] using streaming
21-Apr-2025 10:57:19.103 INFO [main] org.apache.tomcat.jakartaee.Migration.migrateStream Migration finished for archive [WEB-INF/lib/vaadin-server-7.7.17.jar]
21-Apr-2025 10:57:19.104 INFO [main] org.apache.tomcat.jakartaee.Migration.migrateStream Migration starting for archive [WEB-INF/lib/vaadin-client-compiled-7.7.17.jar] using streaming
21-Apr-2025 10:57:19.216 INFO [main] org.apache.tomcat.jakartaee.Migration.migrateStream Migration finished for archive [WEB-INF/lib/vaadin-client-compiled-7.7.17.jar]
21-Apr-2025 10:57:19.217 INFO [main] org.apache.tomcat.jakartaee.Migration.migrateStream Migration starting for archive [WEB-INF/lib/sac-1.3.jar] using streaming
21-Apr-2025 10:57:19.221 INFO [main] org.apache.tomcat.jakartaee.Migration.migrateStream Migration finished for archive [WEB-INF/lib/sac-1.3.jar]
21-Apr-2025 10:57:19.221 INFO [main] org.apache.tomcat.jakartaee.Migration.migrateStream Migration starting for archive [WEB-INF/lib/common-2.48.jar] using streaming
21-Apr-2025 10:57:19.253 INFO [main] org.apache.tomcat.jakartaee.Migration.migrateStream Migration finished for archive [WEB-INF/lib/common-2.48.jar]
21-Apr-2025 10:57:19.254 INFO [main] org.apache.tomcat.jakartaee.Migration.migrateStream Migration starting for archive [WEB-INF/lib/jcip-annotations-1.0-1.jar] using streaming
21-Apr-2025 10:57:19.255 INFO [main] org.apache.tomcat.jakartaee.Migration.migrateStream Migration finished for archive [WEB-INF/lib/jcip-annotations-1.0-1.jar]
21-Apr-2025 10:57:19.255 INFO [main] org.apache.tomcat.jakartaee.Migration.migrateStream Migration starting for archive [WEB-INF/lib/log4j-api-2.17.2.jar] using streaming
21-Apr-2025 10:57:19.313 INFO [main] org.apache.tomcat.jakartaee.Migration.migrateStream Migration finished for archive [WEB-INF/lib/log4j-api-2.17.2.jar]
21-Apr-2025 10:57:19.314 INFO [main] org.apache.tomcat.jakartaee.Migration.migrateStream Migration starting for archive [WEB-INF/lib/vaadin-themes-7.7.17.jar] using streaming
21-Apr-2025 10:57:20.070 INFO [main] org.apache.tomcat.jakartaee.Migration.migrateStream Migration finished for archive [WEB-INF/lib/vaadin-themes-7.7.17.jar]
21-Apr-2025 10:57:20.073 INFO [main] org.apache.tomcat.jakartaee.Migration.migrateStream Migration finished for archive [/home/radu/connect2id-server-18.0/tomcat/webapps-javaee/oidc-client.war]
21-Apr-2025 10:57:20.074 INFO [main] org.apache.tomcat.jakartaee.Migration.execute Migration completed successfully in [2,882] milliseconds
21-Apr-2025 10:57:20.080 INFO [main] org.apache.catalina.startup.HostConfig.deployWAR Deploying web application archive [/home/radu/connect2id-server-18.0/tomcat/webapps/ldapauth.war]
21-Apr-2025 10:57:20.798 INFO [main] org.apache.jasper.servlet.TldScanner.scanJars At least one JAR was scanned for TLDs yet contained no TLDs. Enable debug logging for this logger for a complete list of JARs that were scanned but no TLDs were found in them. Skipping unneeded JARs during scanning can improve startup time and JSP compilation time.
21-Apr-2025 10:57:21.483 INFO [main] org.apache.catalina.startup.HostConfig.deployWAR Deployment of web application archive [/home/radu/connect2id-server-18.0/tomcat/webapps/ldapauth.war] has finished in [1,402] ms
21-Apr-2025 10:57:21.483 INFO [main] org.apache.catalina.startup.HostConfig.deployWAR Deploying web application archive [/home/radu/connect2id-server-18.0/tomcat/webapps/password-grant-handler.war]
21-Apr-2025 10:57:21.747 INFO [main] org.apache.jasper.servlet.TldScanner.scanJars At least one JAR was scanned for TLDs yet contained no TLDs. Enable debug logging for this logger for a complete list of JARs that were scanned but no TLDs were found in them. Skipping unneeded JARs during scanning can improve startup time and JSP compilation time.
21-Apr-2025 10:57:21.984 INFO [main] org.apache.catalina.startup.HostConfig.deployWAR Deployment of web application archive [/home/radu/connect2id-server-18.0/tomcat/webapps/password-grant-handler.war] has finished in [501] ms
21-Apr-2025 10:57:21.985 INFO [main] org.apache.catalina.startup.HostConfig.deployWAR Deploying web application archive [/home/radu/connect2id-server-18.0/tomcat/webapps/c2id-login.war]
21-Apr-2025 10:57:23.166 INFO [main] org.apache.jasper.servlet.TldScanner.scanJars At least one JAR was scanned for TLDs yet contained no TLDs. Enable debug logging for this logger for a complete list of JARs that were scanned but no TLDs were found in them. Skipping unneeded JARs during scanning can improve startup time and JSP compilation time.

                                  _   ___  _     _
                                 | | |__ \(_)   | |
   ___ ___  _ __  _ __   ___  ___| |_   ) )_  __| |
  / __/ _ \| '_ \| '_ \ / _ \/ __| __| / /| |/ _` |
 | (_| (_) | | | | | | |  __/ (__| |_ / /_| | (_| |
  \___\___/|_| |_|_| |_|\___|\___|\__|____|_|\__,_|  Login  (v3.4.5-migrated-1.0.9)

2025-04-21 10:57:24.146  INFO 89119 --- [           main] com.nimbusds.login.C2idLogin             : Starting C2idLogin v3.4.5-migrated-1.0.9 using Java 17.0.14 on lenss-10 with PID 89119 (/home/radu/connect2id-server-18.0/tomcat/webapps/c2id-login/WEB-INF/classes started by radu in /home/radu/connect2id-server-18.0/tomcat/bin)
2025-04-21 10:57:24.148  INFO 89119 --- [           main] com.nimbusds.login.C2idLogin             : The following profiles are active: prod
2025-04-21 10:57:25.566  INFO 89119 --- [           main] com.nimbusds.login.C2idLogin             : Started C2idLogin in 2.06 seconds (JVM running for 17.811)
21-Apr-2025 10:57:25.581 INFO [main] org.apache.catalina.startup.HostConfig.deployWAR Deployment of web application archive [/home/radu/connect2id-server-18.0/tomcat/webapps/c2id-login.war] has finished in [3,596] ms
21-Apr-2025 10:57:25.582 INFO [main] org.apache.catalina.startup.HostConfig.deployWAR Deploying web application archive [/home/radu/connect2id-server-18.0/tomcat/webapps/oidc-client.war]
Apr 21, 2025 10:57:26 AM org.apache.jasper.servlet.TldScanner scanJars
INFO: At least one JAR was scanned for TLDs yet contained no TLDs. Enable debug logging for this logger for a complete list of JARs that were scanned but no TLDs were found in them. Skipping unneeded JARs during scanning can improve startup time and JSP compilation time.
Apr 21, 2025 10:57:26 AM org.apache.catalina.core.ApplicationContext log
INFO: Initializing AtmosphereFramework
Apr 21, 2025 10:57:26 AM org.atmosphere.cpr.AtmosphereFramework addAtmosphereHandler
INFO: Installed AtmosphereHandler com.vaadin.server.communication.PushAtmosphereHandler mapped to context-path: /*
Apr 21, 2025 10:57:26 AM org.atmosphere.cpr.AtmosphereFramework addAtmosphereHandler
INFO: Installed the following AtmosphereInterceptor mapped to AtmosphereHandler com.vaadin.server.communication.PushAtmosphereHandler
Apr 21, 2025 10:57:26 AM org.atmosphere.util.IOUtils readServiceFile
INFO: META-INF/services/org.atmosphere.cpr.AtmosphereFramework not found in class loader
Apr 21, 2025 10:57:26 AM org.atmosphere.cpr.AtmosphereFramework autoConfigureService
INFO: Atmosphere is using org.atmosphere.util.VoidAnnotationProcessor for processing annotation
Apr 21, 2025 10:57:26 AM org.atmosphere.cpr.AtmosphereFramework initWebSocket
INFO: Installed WebSocketProtocol org.atmosphere.websocket.protocol.SimpleHttpProtocol 
Apr 21, 2025 10:57:26 AM org.atmosphere.container.JSR356AsyncSupport <init>
INFO: JSR 356 Mapping path /cb
Apr 21, 2025 10:57:26 AM org.atmosphere.cpr.AtmosphereFramework configureAtmosphereInterceptor
INFO: Installing Default AtmosphereInterceptors
Apr 21, 2025 10:57:26 AM org.atmosphere.cpr.AtmosphereFramework newAInterceptor
INFO: 	org.atmosphere.interceptor.CorsInterceptor : CORS Interceptor Support
Apr 21, 2025 10:57:26 AM org.atmosphere.cpr.AtmosphereFramework newAInterceptor
INFO: 	org.atmosphere.interceptor.CacheHeadersInterceptor : Default Response's Headers Interceptor
Apr 21, 2025 10:57:26 AM org.atmosphere.cpr.AtmosphereFramework newAInterceptor
INFO: 	org.atmosphere.interceptor.PaddingAtmosphereInterceptor : Browser Padding Interceptor Support
Apr 21, 2025 10:57:26 AM org.atmosphere.cpr.AtmosphereFramework newAInterceptor
INFO: 	org.atmosphere.interceptor.AndroidAtmosphereInterceptor : Android Interceptor Support
Apr 21, 2025 10:57:26 AM org.atmosphere.cpr.AtmosphereFramework configureAtmosphereInterceptor
INFO: Dropping Interceptor org.atmosphere.interceptor.HeartbeatInterceptor
Apr 21, 2025 10:57:26 AM org.atmosphere.cpr.AtmosphereFramework newAInterceptor
INFO: 	org.atmosphere.interceptor.SSEAtmosphereInterceptor : SSE Interceptor Support
Apr 21, 2025 10:57:26 AM org.atmosphere.cpr.AtmosphereFramework newAInterceptor
INFO: 	org.atmosphere.interceptor.JSONPAtmosphereInterceptor : JSONP Interceptor Support
Apr 21, 2025 10:57:26 AM org.atmosphere.cpr.AtmosphereFramework newAInterceptor
INFO: 	org.atmosphere.interceptor.JavaScriptProtocol : Atmosphere JavaScript Protocol
Apr 21, 2025 10:57:26 AM org.atmosphere.cpr.AtmosphereFramework newAInterceptor
INFO: 	org.atmosphere.interceptor.WebSocketMessageSuspendInterceptor : org.atmosphere.interceptor.WebSocketMessageSuspendInterceptor
Apr 21, 2025 10:57:26 AM org.atmosphere.cpr.AtmosphereFramework newAInterceptor
INFO: 	org.atmosphere.interceptor.OnDisconnectInterceptor : Browser disconnection detection
Apr 21, 2025 10:57:26 AM org.atmosphere.cpr.AtmosphereFramework newAInterceptor
INFO: 	org.atmosphere.interceptor.IdleResourceInterceptor : org.atmosphere.interceptor.IdleResourceInterceptor
Apr 21, 2025 10:57:26 AM org.atmosphere.cpr.AtmosphereFramework configureAtmosphereInterceptor
INFO: Set org.atmosphere.cpr.AtmosphereInterceptor.disableDefaults to disable them.
Apr 21, 2025 10:57:26 AM org.atmosphere.cpr.AtmosphereFramework info
INFO: Using EndpointMapper class org.atmosphere.util.DefaultEndpointMapper
Apr 21, 2025 10:57:26 AM org.atmosphere.cpr.AtmosphereFramework info
INFO: Using BroadcasterCache: org.atmosphere.cache.UUIDBroadcasterCache
Apr 21, 2025 10:57:26 AM org.atmosphere.cpr.AtmosphereFramework info
INFO: Default Broadcaster Class: org.atmosphere.cpr.DefaultBroadcaster
Apr 21, 2025 10:57:26 AM org.atmosphere.cpr.AtmosphereFramework info
INFO: Broadcaster Polling Wait Time 100
Apr 21, 2025 10:57:26 AM org.atmosphere.cpr.AtmosphereFramework info
INFO: Shared ExecutorService supported: true
Apr 21, 2025 10:57:26 AM org.atmosphere.cpr.AtmosphereFramework info
INFO: Messaging Thread Pool Size: Unlimited
Apr 21, 2025 10:57:26 AM org.atmosphere.cpr.AtmosphereFramework info
INFO: Async I/O Thread Pool Size: 200
Apr 21, 2025 10:57:26 AM org.atmosphere.cpr.AtmosphereFramework info
INFO: Using BroadcasterFactory: org.atmosphere.cpr.DefaultBroadcasterFactory
Apr 21, 2025 10:57:26 AM org.atmosphere.cpr.AtmosphereFramework info
INFO: Using WebSocketProcessor: org.atmosphere.websocket.DefaultWebSocketProcessor
Apr 21, 2025 10:57:26 AM org.atmosphere.cpr.AtmosphereFramework info
INFO: Invoke AtmosphereInterceptor on WebSocket message true
Apr 21, 2025 10:57:26 AM org.atmosphere.cpr.AtmosphereFramework info
INFO: HttpSession supported: true
Apr 21, 2025 10:57:26 AM org.atmosphere.cpr.AtmosphereFramework info
INFO: Atmosphere is using DefaultAtmosphereObjectFactory for dependency injection and object creation
Apr 21, 2025 10:57:26 AM org.atmosphere.cpr.AtmosphereFramework info
INFO: Atmosphere is using async support: org.atmosphere.container.JSR356AsyncSupport running under container: Apache Tomcat/10.1.39 using jakarta.servlet/3.0 and jsr356/WebSocket API
Apr 21, 2025 10:57:26 AM org.atmosphere.cpr.AtmosphereFramework info
INFO: Atmosphere Framework 2.2.13.vaadin1 started.
Apr 21, 2025 10:57:26 AM org.atmosphere.cpr.AtmosphereFramework interceptor
INFO: Installed AtmosphereInterceptor  Track Message Size Interceptor using | with priority BEFORE_DEFAULT 
Apr 21, 2025 10:57:26 AM org.atmosphere.cpr.AtmosphereFramework addAtmosphereHandler
INFO: Installed AtmosphereHandler com.vaadin.server.communication.PushAtmosphereHandler mapped to context-path: /*
Apr 21, 2025 10:57:26 AM org.atmosphere.cpr.AtmosphereFramework addAtmosphereHandler
INFO: Installed the following AtmosphereInterceptor mapped to AtmosphereHandler com.vaadin.server.communication.PushAtmosphereHandler
Apr 21, 2025 10:57:26 AM org.atmosphere.util.IOUtils readServiceFile
INFO: META-INF/services/org.atmosphere.cpr.AtmosphereFramework not found in class loader
Apr 21, 2025 10:57:26 AM org.atmosphere.cpr.AtmosphereFramework autoConfigureService
INFO: Atmosphere is using org.atmosphere.util.VoidAnnotationProcessor for processing annotation
Apr 21, 2025 10:57:26 AM org.atmosphere.cpr.AtmosphereFramework initWebSocket
INFO: Installed WebSocketProtocol org.atmosphere.websocket.protocol.SimpleHttpProtocol 
Apr 21, 2025 10:57:26 AM org.atmosphere.container.JSR356AsyncSupport <init>
INFO: JSR 356 Mapping path /{path}
Apr 21, 2025 10:57:26 AM org.atmosphere.cpr.AtmosphereFramework configureAtmosphereInterceptor
INFO: Installing Default AtmosphereInterceptors
Apr 21, 2025 10:57:26 AM org.atmosphere.cpr.AtmosphereFramework newAInterceptor
INFO: 	org.atmosphere.interceptor.CorsInterceptor : CORS Interceptor Support
Apr 21, 2025 10:57:26 AM org.atmosphere.cpr.AtmosphereFramework newAInterceptor
INFO: 	org.atmosphere.interceptor.CacheHeadersInterceptor : Default Response's Headers Interceptor
Apr 21, 2025 10:57:26 AM org.atmosphere.cpr.AtmosphereFramework newAInterceptor
INFO: 	org.atmosphere.interceptor.PaddingAtmosphereInterceptor : Browser Padding Interceptor Support
Apr 21, 2025 10:57:26 AM org.atmosphere.cpr.AtmosphereFramework newAInterceptor
INFO: 	org.atmosphere.interceptor.AndroidAtmosphereInterceptor : Android Interceptor Support
Apr 21, 2025 10:57:26 AM org.atmosphere.cpr.AtmosphereFramework configureAtmosphereInterceptor
INFO: Dropping Interceptor org.atmosphere.interceptor.HeartbeatInterceptor
Apr 21, 2025 10:57:26 AM org.atmosphere.cpr.AtmosphereFramework newAInterceptor
INFO: 	org.atmosphere.interceptor.SSEAtmosphereInterceptor : SSE Interceptor Support
Apr 21, 2025 10:57:26 AM org.atmosphere.cpr.AtmosphereFramework newAInterceptor
INFO: 	org.atmosphere.interceptor.JSONPAtmosphereInterceptor : JSONP Interceptor Support
Apr 21, 2025 10:57:26 AM org.atmosphere.cpr.AtmosphereFramework newAInterceptor
INFO: 	org.atmosphere.interceptor.JavaScriptProtocol : Atmosphere JavaScript Protocol
Apr 21, 2025 10:57:26 AM org.atmosphere.cpr.AtmosphereFramework newAInterceptor
INFO: 	org.atmosphere.interceptor.WebSocketMessageSuspendInterceptor : org.atmosphere.interceptor.WebSocketMessageSuspendInterceptor
Apr 21, 2025 10:57:26 AM org.atmosphere.cpr.AtmosphereFramework newAInterceptor
INFO: 	org.atmosphere.interceptor.OnDisconnectInterceptor : Browser disconnection detection
Apr 21, 2025 10:57:26 AM org.atmosphere.cpr.AtmosphereFramework newAInterceptor
INFO: 	org.atmosphere.interceptor.IdleResourceInterceptor : org.atmosphere.interceptor.IdleResourceInterceptor
Apr 21, 2025 10:57:26 AM org.atmosphere.cpr.AtmosphereFramework configureAtmosphereInterceptor
INFO: Set org.atmosphere.cpr.AtmosphereInterceptor.disableDefaults to disable them.
Apr 21, 2025 10:57:26 AM org.atmosphere.cpr.AtmosphereFramework info
INFO: Using EndpointMapper class org.atmosphere.util.DefaultEndpointMapper
Apr 21, 2025 10:57:26 AM org.atmosphere.cpr.AtmosphereFramework info
INFO: Using BroadcasterCache: org.atmosphere.cache.UUIDBroadcasterCache
Apr 21, 2025 10:57:26 AM org.atmosphere.cpr.AtmosphereFramework info
INFO: Default Broadcaster Class: org.atmosphere.cpr.DefaultBroadcaster
Apr 21, 2025 10:57:26 AM org.atmosphere.cpr.AtmosphereFramework info
INFO: Broadcaster Polling Wait Time 100
Apr 21, 2025 10:57:26 AM org.atmosphere.cpr.AtmosphereFramework info
INFO: Shared ExecutorService supported: true
Apr 21, 2025 10:57:26 AM org.atmosphere.cpr.AtmosphereFramework info
INFO: Messaging Thread Pool Size: Unlimited
Apr 21, 2025 10:57:26 AM org.atmosphere.cpr.AtmosphereFramework info
INFO: Async I/O Thread Pool Size: 200
Apr 21, 2025 10:57:26 AM org.atmosphere.cpr.AtmosphereFramework info
INFO: Using BroadcasterFactory: org.atmosphere.cpr.DefaultBroadcasterFactory
Apr 21, 2025 10:57:26 AM org.atmosphere.cpr.AtmosphereFramework info
INFO: Using WebSocketProcessor: org.atmosphere.websocket.DefaultWebSocketProcessor
Apr 21, 2025 10:57:26 AM org.atmosphere.cpr.AtmosphereFramework info
INFO: Invoke AtmosphereInterceptor on WebSocket message true
Apr 21, 2025 10:57:26 AM org.atmosphere.cpr.AtmosphereFramework info
INFO: HttpSession supported: true
Apr 21, 2025 10:57:26 AM org.atmosphere.cpr.AtmosphereFramework info
INFO: Atmosphere is using DefaultAtmosphereObjectFactory for dependency injection and object creation
Apr 21, 2025 10:57:26 AM org.atmosphere.cpr.AtmosphereFramework info
INFO: Atmosphere is using async support: org.atmosphere.container.JSR356AsyncSupport running under container: Apache Tomcat/10.1.39 using jakarta.servlet/3.0 and jsr356/WebSocket API
Apr 21, 2025 10:57:26 AM org.atmosphere.cpr.AtmosphereFramework info
INFO: Atmosphere Framework 2.2.13.vaadin1 started.
Apr 21, 2025 10:57:26 AM org.atmosphere.cpr.AtmosphereFramework interceptor
INFO: Installed AtmosphereInterceptor  Track Message Size Interceptor using | with priority BEFORE_DEFAULT 
21-Apr-2025 10:57:26.764 INFO [main] org.apache.catalina.startup.HostConfig.deployWAR Deployment of web application archive [/home/radu/connect2id-server-18.0/tomcat/webapps/oidc-client.war] has finished in [1,180] ms
21-Apr-2025 10:57:26.764 INFO [main] org.apache.catalina.startup.HostConfig.deployWAR Deploying web application archive [/home/radu/connect2id-server-18.0/tomcat/webapps/c2id-logout.war]
21-Apr-2025 10:57:26.925 INFO [main] org.apache.jasper.servlet.TldScanner.scanJars At least one JAR was scanned for TLDs yet contained no TLDs. Enable debug logging for this logger for a complete list of JARs that were scanned but no TLDs were found in them. Skipping unneeded JARs during scanning can improve startup time and JSP compilation time.
21-Apr-2025 10:57:26.937 INFO [main] org.apache.catalina.startup.HostConfig.deployWAR Deployment of web application archive [/home/radu/connect2id-server-18.0/tomcat/webapps/c2id-logout.war] has finished in [172] ms
21-Apr-2025 10:57:26.937 INFO [main] org.apache.catalina.startup.HostConfig.deployWAR Deploying web application archive [/home/radu/connect2id-server-18.0/tomcat/webapps/c2id.war]
21-Apr-2025 10:57:32.772 INFO [main] org.apache.jasper.servlet.TldScanner.scanJars At least one JAR was scanned for TLDs yet contained no TLDs. Enable debug logging for this logger for a complete list of JARs that were scanned but no TLDs were found in them. Skipping unneeded JARs during scanning can improve startup time and JSP compilation time.
SLF4J(W): No SLF4J providers were found.
SLF4J(W): Defaulting to no-operation (NOP) logger implementation
SLF4J(W): See https://www.slf4j.org/codes.html#noProviders for further details.
SLF4J(W): Class path contains SLF4J bindings targeting slf4j-api versions 1.7.x or earlier.
SLF4J(W): Ignoring binding found at [jar:file:/home/radu/connect2id-server-18.0/tomcat/webapps/c2id/WEB-INF/lib/log4j-slf4j-impl-2.24.2.jar!/org/slf4j/impl/StaticLoggerBinder.class]
SLF4J(W): See https://www.slf4j.org/codes.html#ignoredBindings for an explanation.
21-Apr-2025 10:57:41.091 WARNING [main] org.glassfish.jersey.message.internal.MessagingBinders$EnabledProvidersBinder.bindToBinder A class jakarta.activation.DataSource for a default provider MessageBodyWriter<jakarta.activation.DataSource> was not found. The provider is not available.
21-Apr-2025 10:57:41.111 WARNING [main] org.glassfish.jersey.server.wadl.WadlFeature.configure JAX-B API not found . WADL feature is disabled.
21-Apr-2025 10:57:41.187 WARNING [main] org.glassfish.jersey.internal.inject.Providers.checkProviderRuntime A provider com.nimbusds.openid.connect.provider.sts.STSEndpoint registered in SERVER runtime does not implement any provider interfaces applicable in the SERVER runtime. Due to constraint configuration problems the provider com.nimbusds.openid.connect.provider.sts.STSEndpoint will be ignored. 
21-Apr-2025 10:57:41.311 WARNING [main] org.glassfish.jersey.server.wadl.WadlFeature.configure JAX-B API not found . WADL feature is disabled.
21-Apr-2025 10:57:41.319 WARNING [main] org.glassfish.jersey.internal.inject.Providers.checkProviderRuntime A provider com.nimbusds.authzstore.rest.WebAPI registered in SERVER runtime does not implement any provider interfaces applicable in the SERVER runtime. Due to constraint configuration problems the provider com.nimbusds.authzstore.rest.WebAPI will be ignored. 
21-Apr-2025 10:57:41.383 WARNING [main] org.glassfish.jersey.server.wadl.WadlFeature.configure JAX-B API not found . WADL feature is disabled.
21-Apr-2025 10:57:41.387 WARNING [main] org.glassfish.jersey.internal.inject.Providers.checkProviderRuntime A provider com.nimbusds.openid.connect.provider.ciba.sessions.CIBASessionsEndpoint registered in SERVER runtime does not implement any provider interfaces applicable in the SERVER runtime. Due to constraint configuration problems the provider com.nimbusds.openid.connect.provider.ciba.sessions.CIBASessionsEndpoint will be ignored. 
21-Apr-2025 10:57:41.414 WARNING [main] org.glassfish.jersey.server.wadl.WadlFeature.configure JAX-B API not found . WADL feature is disabled.
21-Apr-2025 10:57:41.416 WARNING [main] org.glassfish.jersey.internal.inject.Providers.checkProviderRuntime A provider com.nimbusds.openid.connect.provider.checksession.CheckSessionBackendEndpoint registered in SERVER runtime does not implement any provider interfaces applicable in the SERVER runtime. Due to constraint configuration problems the provider com.nimbusds.openid.connect.provider.checksession.CheckSessionBackendEndpoint will be ignored. 
21-Apr-2025 10:57:41.447 WARNING [main] org.glassfish.jersey.server.wadl.WadlFeature.configure JAX-B API not found . WADL feature is disabled.
21-Apr-2025 10:57:41.501 WARNING [main] org.glassfish.jersey.server.wadl.WadlFeature.configure JAX-B API not found . WADL feature is disabled.
21-Apr-2025 10:57:41.508 WARNING [main] org.glassfish.jersey.internal.inject.Providers.checkProviderRuntime A provider com.nimbusds.sessionstore.rest.WebAPI registered in SERVER runtime does not implement any provider interfaces applicable in the SERVER runtime. Due to constraint configuration problems the provider com.nimbusds.sessionstore.rest.WebAPI will be ignored. 
21-Apr-2025 10:57:41.550 WARNING [main] org.glassfish.jersey.server.wadl.WadlFeature.configure JAX-B API not found . WADL feature is disabled.
21-Apr-2025 10:57:41.554 WARNING [main] org.glassfish.jersey.internal.inject.Providers.checkProviderRuntime A provider com.nimbusds.openid.connect.provider.authz.AuthorizationSessionEndpoint registered in SERVER runtime does not implement any provider interfaces applicable in the SERVER runtime. Due to constraint configuration problems the provider com.nimbusds.openid.connect.provider.authz.AuthorizationSessionEndpoint will be ignored. 
21-Apr-2025 10:57:41.582 WARNING [main] org.glassfish.jersey.server.wadl.WadlFeature.configure JAX-B API not found . WADL feature is disabled.
21-Apr-2025 10:57:41.585 WARNING [main] org.glassfish.jersey.internal.inject.Providers.checkProviderRuntime A provider com.nimbusds.openid.connect.provider.config.ConfigurationEndpoint registered in SERVER runtime does not implement any provider interfaces applicable in the SERVER runtime. Due to constraint configuration problems the provider com.nimbusds.openid.connect.provider.config.ConfigurationEndpoint will be ignored. 
21-Apr-2025 10:57:41.605 WARNING [main] org.glassfish.jersey.server.wadl.WadlFeature.configure JAX-B API not found . WADL feature is disabled.
21-Apr-2025 10:57:41.607 WARNING [main] org.glassfish.jersey.internal.inject.Providers.checkProviderRuntime A provider com.nimbusds.openid.connect.provider.authz.DirectAuthorizationEndpoint registered in SERVER runtime does not implement any provider interfaces applicable in the SERVER runtime. Due to constraint configuration problems the provider com.nimbusds.openid.connect.provider.authz.DirectAuthorizationEndpoint will be ignored. 
21-Apr-2025 10:57:41.629 WARNING [main] org.glassfish.jersey.server.wadl.WadlFeature.configure JAX-B API not found . WADL feature is disabled.
21-Apr-2025 10:57:41.632 WARNING [main] org.glassfish.jersey.internal.inject.Providers.checkProviderRuntime A provider com.nimbusds.openid.connect.provider.logout.endpoint.LogoutSessionEndpoint registered in SERVER runtime does not implement any provider interfaces applicable in the SERVER runtime. Due to constraint configuration problems the provider com.nimbusds.openid.connect.provider.logout.endpoint.LogoutSessionEndpoint will be ignored. 
21-Apr-2025 10:57:42.574 INFO [main] org.apache.catalina.startup.HostConfig.deployWAR Deployment of web application archive [/home/radu/connect2id-server-18.0/tomcat/webapps/c2id.war] has finished in [15,636] ms
21-Apr-2025 10:57:42.574 INFO [main] org.apache.catalina.startup.HostConfig.deployDirectory Deploying web application directory [/home/radu/connect2id-server-18.0/tomcat/webapps/manager]
21-Apr-2025 10:57:42.600 INFO [main] org.apache.catalina.startup.HostConfig.deployDirectory Deployment of web application directory [/home/radu/connect2id-server-18.0/tomcat/webapps/manager] has finished in [26] ms
21-Apr-2025 10:57:42.600 INFO [main] org.apache.catalina.startup.HostConfig.deployDirectory Deploying web application directory [/home/radu/connect2id-server-18.0/tomcat/webapps/ROOT]
21-Apr-2025 10:57:42.623 INFO [main] org.apache.catalina.startup.HostConfig.deployDirectory Deployment of web application directory [/home/radu/connect2id-server-18.0/tomcat/webapps/ROOT] has finished in [23] ms
21-Apr-2025 10:57:42.623 INFO [main] org.apache.catalina.startup.HostConfig.deployDirectory Deploying web application directory [/home/radu/connect2id-server-18.0/tomcat/webapps/host-manager]
21-Apr-2025 10:57:42.636 INFO [main] org.apache.catalina.startup.HostConfig.deployDirectory Deployment of web application directory [/home/radu/connect2id-server-18.0/tomcat/webapps/host-manager] has finished in [13] ms
21-Apr-2025 10:57:42.640 INFO [main] org.apache.coyote.AbstractProtocol.start Starting ProtocolHandler ["http-nio-8080"]
21-Apr-2025 10:57:42.650 INFO [main] org.apache.catalina.startup.Catalina.start Server startup in [31870] milliseconds
[CM8005] Stopping Infinispan...
[CM8015] Stopped Infinispan cache clients.remoteRequestJWTClaimsCache in 3 ms
[CM8015] Stopped Infinispan cache op.loginHintTokenMap in 6 ms
[CM8015] Stopped Infinispan cache op.dPoPJTICache in 6 ms
[CM8015] Stopped Infinispan cache keyStore.jwkSetMap in 396 ms
[CM8015] Stopped Infinispan cache sessionStore.sessionMap in 405 ms
[CM8015] Stopped Infinispan cache federation.registrationsMap in 406 ms
[CM8015] Stopped Infinispan cache op.authSessionMap in 407 ms
[CM8015] Stopped Infinispan cache authzStore.revocationJournalMap in 407 ms
[CM8015] Stopped Infinispan cache clients.registrationsMap in 408 ms
[CM8015] Stopped Infinispan cache authzStore.expendedTokenMap in 409 ms
[CM8015] Stopped Infinispan cache clients.remoteJWKSetCache in 409 ms
[CM8015] Stopped Infinispan cache authzStore.codeMap in 410 ms
[CM8015] Stopped Infinispan cache authzStore.longLivedAuthzMap in 410 ms
[CM8015] Stopped Infinispan cache keyStore.jwkSetHistoryMap in 411 ms
[CM8015] Stopped Infinispan cache authzStore.idAccessTokenMap in 411 ms
[CM8015] Stopped Infinispan cache op.consentSessionMap in 412 ms
[CM8015] Stopped Infinispan cache sessionStore.subjectMap in 412 ms
[CM8015] Stopped Infinispan cache org.infinispan.CONFIG in 413 ms
21-Apr-2025 10:58:00.150 WARNING [http-nio-8080-exec-8] org.apache.catalina.loader.WebappClassLoaderBase.clearReferencesThreads The web application [c2id] appears to have started a thread named [RxCachedWorkerPoolEvictor-1] but has failed to stop it. This is very likely to create a memory leak. Stack trace of thread:
 java.base@17.0.14/jdk.internal.misc.Unsafe.park(Native Method)
 java.base@17.0.14/java.util.concurrent.locks.LockSupport.parkNanos(LockSupport.java:252)
 java.base@17.0.14/java.util.concurrent.locks.AbstractQueuedSynchronizer$ConditionObject.awaitNanos(AbstractQueuedSynchronizer.java:1679)
 java.base@17.0.14/java.util.concurrent.ScheduledThreadPoolExecutor$DelayedWorkQueue.take(ScheduledThreadPoolExecutor.java:1182)
 java.base@17.0.14/java.util.concurrent.ScheduledThreadPoolExecutor$DelayedWorkQueue.take(ScheduledThreadPoolExecutor.java:899)
 java.base@17.0.14/java.util.concurrent.ThreadPoolExecutor.getTask(ThreadPoolExecutor.java:1062)
 java.base@17.0.14/java.util.concurrent.ThreadPoolExecutor.runWorker(ThreadPoolExecutor.java:1122)
 java.base@17.0.14/java.util.concurrent.ThreadPoolExecutor$Worker.run(ThreadPoolExecutor.java:635)
 java.base@17.0.14/java.lang.Thread.run(Thread.java:840)
21-Apr-2025 10:58:00.151 WARNING [http-nio-8080-exec-8] org.apache.catalina.loader.WebappClassLoaderBase.clearReferencesThreads The web application [c2id] appears to have started a thread named [HttpClient-1-SelectorManager] but has failed to stop it. This is very likely to create a memory leak. Stack trace of thread:
 java.base@17.0.14/sun.nio.ch.EPoll.wait(Native Method)
 java.base@17.0.14/sun.nio.ch.EPollSelectorImpl.doSelect(EPollSelectorImpl.java:118)
 java.base@17.0.14/sun.nio.ch.SelectorImpl.lockAndDoSelect(SelectorImpl.java:129)
 java.base@17.0.14/sun.nio.ch.SelectorImpl.select(SelectorImpl.java:141)
 platform/java.net.http@17.0.14/jdk.internal.net.http.HttpClientImpl$SelectorManager.run(HttpClientImpl.java:894)
21-Apr-2025 10:58:11.540 INFO [http-nio-8080-exec-6] org.apache.jasper.servlet.TldScanner.scanJars At least one JAR was scanned for TLDs yet contained no TLDs. Enable debug logging for this logger for a complete list of JARs that were scanned but no TLDs were found in them. Skipping unneeded JARs during scanning can improve startup time and JSP compilation time.
SLF4J(W): No SLF4J providers were found.
SLF4J(W): Defaulting to no-operation (NOP) logger implementation
SLF4J(W): See https://www.slf4j.org/codes.html#noProviders for further details.
SLF4J(W): Class path contains SLF4J bindings targeting slf4j-api versions 1.7.x or earlier.
SLF4J(W): Ignoring binding found at [jar:file:/home/radu/connect2id-server-18.0/tomcat/webapps/c2id/WEB-INF/lib/log4j-slf4j-impl-2.24.2.jar!/org/slf4j/impl/StaticLoggerBinder.class]
SLF4J(W): See https://www.slf4j.org/codes.html#ignoredBindings for an explanation.
21-Apr-2025 10:58:15.860 WARNING [http-nio-8080-exec-6] org.glassfish.jersey.message.internal.MessagingBinders$EnabledProvidersBinder.bindToBinder A class jakarta.activation.DataSource for a default provider MessageBodyWriter<jakarta.activation.DataSource> was not found. The provider is not available.
21-Apr-2025 10:58:15.875 WARNING [http-nio-8080-exec-6] org.glassfish.jersey.server.wadl.WadlFeature.configure JAX-B API not found . WADL feature is disabled.
21-Apr-2025 10:58:15.945 WARNING [http-nio-8080-exec-6] org.glassfish.jersey.internal.inject.Providers.checkProviderRuntime A provider com.nimbusds.openid.connect.provider.sts.STSEndpoint registered in SERVER runtime does not implement any provider interfaces applicable in the SERVER runtime. Due to constraint configuration problems the provider com.nimbusds.openid.connect.provider.sts.STSEndpoint will be ignored. 
21-Apr-2025 10:58:16.052 WARNING [http-nio-8080-exec-6] org.glassfish.jersey.server.wadl.WadlFeature.configure JAX-B API not found . WADL feature is disabled.
21-Apr-2025 10:58:16.059 WARNING [http-nio-8080-exec-6] org.glassfish.jersey.internal.inject.Providers.checkProviderRuntime A provider com.nimbusds.authzstore.rest.WebAPI registered in SERVER runtime does not implement any provider interfaces applicable in the SERVER runtime. Due to constraint configuration problems the provider com.nimbusds.authzstore.rest.WebAPI will be ignored. 
21-Apr-2025 10:58:16.114 WARNING [http-nio-8080-exec-6] org.glassfish.jersey.server.wadl.WadlFeature.configure JAX-B API not found . WADL feature is disabled.
21-Apr-2025 10:58:16.117 WARNING [http-nio-8080-exec-6] org.glassfish.jersey.internal.inject.Providers.checkProviderRuntime A provider com.nimbusds.openid.connect.provider.ciba.sessions.CIBASessionsEndpoint registered in SERVER runtime does not implement any provider interfaces applicable in the SERVER runtime. Due to constraint configuration problems the provider com.nimbusds.openid.connect.provider.ciba.sessions.CIBASessionsEndpoint will be ignored. 
21-Apr-2025 10:58:16.142 WARNING [http-nio-8080-exec-6] org.glassfish.jersey.server.wadl.WadlFeature.configure JAX-B API not found . WADL feature is disabled.
21-Apr-2025 10:58:16.145 WARNING [http-nio-8080-exec-6] org.glassfish.jersey.internal.inject.Providers.checkProviderRuntime A provider com.nimbusds.openid.connect.provider.checksession.CheckSessionBackendEndpoint registered in SERVER runtime does not implement any provider interfaces applicable in the SERVER runtime. Due to constraint configuration problems the provider com.nimbusds.openid.connect.provider.checksession.CheckSessionBackendEndpoint will be ignored. 
21-Apr-2025 10:58:16.173 WARNING [http-nio-8080-exec-6] org.glassfish.jersey.server.wadl.WadlFeature.configure JAX-B API not found . WADL feature is disabled.
21-Apr-2025 10:58:16.218 WARNING [http-nio-8080-exec-6] org.glassfish.jersey.server.wadl.WadlFeature.configure JAX-B API not found . WADL feature is disabled.
21-Apr-2025 10:58:16.225 WARNING [http-nio-8080-exec-6] org.glassfish.jersey.internal.inject.Providers.checkProviderRuntime A provider com.nimbusds.sessionstore.rest.WebAPI registered in SERVER runtime does not implement any provider interfaces applicable in the SERVER runtime. Due to constraint configuration problems the provider com.nimbusds.sessionstore.rest.WebAPI will be ignored. 
21-Apr-2025 10:58:16.267 WARNING [http-nio-8080-exec-6] org.glassfish.jersey.server.wadl.WadlFeature.configure JAX-B API not found . WADL feature is disabled.
21-Apr-2025 10:58:16.271 WARNING [http-nio-8080-exec-6] org.glassfish.jersey.internal.inject.Providers.checkProviderRuntime A provider com.nimbusds.openid.connect.provider.authz.AuthorizationSessionEndpoint registered in SERVER runtime does not implement any provider interfaces applicable in the SERVER runtime. Due to constraint configuration problems the provider com.nimbusds.openid.connect.provider.authz.AuthorizationSessionEndpoint will be ignored. 
21-Apr-2025 10:58:16.297 WARNING [http-nio-8080-exec-6] org.glassfish.jersey.server.wadl.WadlFeature.configure JAX-B API not found . WADL feature is disabled.
21-Apr-2025 10:58:16.299 WARNING [http-nio-8080-exec-6] org.glassfish.jersey.internal.inject.Providers.checkProviderRuntime A provider com.nimbusds.openid.connect.provider.config.ConfigurationEndpoint registered in SERVER runtime does not implement any provider interfaces applicable in the SERVER runtime. Due to constraint configuration problems the provider com.nimbusds.openid.connect.provider.config.ConfigurationEndpoint will be ignored. 
21-Apr-2025 10:58:16.320 WARNING [http-nio-8080-exec-6] org.glassfish.jersey.server.wadl.WadlFeature.configure JAX-B API not found . WADL feature is disabled.
21-Apr-2025 10:58:16.322 WARNING [http-nio-8080-exec-6] org.glassfish.jersey.internal.inject.Providers.checkProviderRuntime A provider com.nimbusds.openid.connect.provider.authz.DirectAuthorizationEndpoint registered in SERVER runtime does not implement any provider interfaces applicable in the SERVER runtime. Due to constraint configuration problems the provider com.nimbusds.openid.connect.provider.authz.DirectAuthorizationEndpoint will be ignored. 
21-Apr-2025 10:58:16.342 WARNING [http-nio-8080-exec-6] org.glassfish.jersey.server.wadl.WadlFeature.configure JAX-B API not found . WADL feature is disabled.
21-Apr-2025 10:58:16.345 WARNING [http-nio-8080-exec-6] org.glassfish.jersey.internal.inject.Providers.checkProviderRuntime A provider com.nimbusds.openid.connect.provider.logout.endpoint.LogoutSessionEndpoint registered in SERVER runtime does not implement any provider interfaces applicable in the SERVER runtime. Due to constraint configuration problems the provider com.nimbusds.openid.connect.provider.logout.endpoint.LogoutSessionEndpoint will be ignored. 
21-Apr-2025 18:24:08.936 INFO [main] org.apache.catalina.core.StandardServer.await A valid shutdown command was received via the shutdown port. Stopping the Server instance.
21-Apr-2025 18:24:08.937 INFO [main] org.apache.coyote.AbstractProtocol.pause Pausing ProtocolHandler ["http-nio-8080"]
21-Apr-2025 18:24:08.939 INFO [main] org.apache.catalina.core.StandardService.stopInternal Stopping service [Catalina]
[CM8005] Stopping Infinispan...
[CM8015] Stopped Infinispan cache clients.remoteRequestJWTClaimsCache in 3 ms
[CM8015] Stopped Infinispan cache op.loginHintTokenMap in 3 ms
[CM8015] Stopped Infinispan cache op.dPoPJTICache in 4 ms
[CM8015] Stopped Infinispan cache keyStore.jwkSetMap in 655 ms
[CM8015] Stopped Infinispan cache sessionStore.sessionMap in 662 ms
[CM8015] Stopped Infinispan cache federation.registrationsMap in 663 ms
[CM8015] Stopped Infinispan cache op.authSessionMap in 663 ms
[CM8015] Stopped Infinispan cache authzStore.revocationJournalMap in 663 ms
[CM8015] Stopped Infinispan cache clients.registrationsMap in 664 ms
[CM8015] Stopped Infinispan cache authzStore.expendedTokenMap in 664 ms
[CM8015] Stopped Infinispan cache clients.remoteJWKSetCache in 664 ms
[CM8015] Stopped Infinispan cache authzStore.codeMap in 664 ms
[CM8015] Stopped Infinispan cache authzStore.longLivedAuthzMap in 665 ms
[CM8015] Stopped Infinispan cache keyStore.jwkSetHistoryMap in 665 ms
[CM8015] Stopped Infinispan cache authzStore.idAccessTokenMap in 665 ms
[CM8015] Stopped Infinispan cache op.consentSessionMap in 666 ms
[CM8015] Stopped Infinispan cache sessionStore.subjectMap in 666 ms
[CM8015] Stopped Infinispan cache org.infinispan.CONFIG in 667 ms
21-Apr-2025 18:24:09.676 WARNING [main] org.apache.catalina.loader.WebappClassLoaderBase.clearReferencesThreads The web application [c2id] appears to have started a thread named [RxCachedWorkerPoolEvictor-1] but has failed to stop it. This is very likely to create a memory leak. Stack trace of thread:
 java.base@17.0.14/jdk.internal.misc.Unsafe.park(Native Method)
 java.base@17.0.14/java.util.concurrent.locks.LockSupport.parkNanos(LockSupport.java:252)
 java.base@17.0.14/java.util.concurrent.locks.AbstractQueuedSynchronizer$ConditionObject.awaitNanos(AbstractQueuedSynchronizer.java:1679)
 java.base@17.0.14/java.util.concurrent.ScheduledThreadPoolExecutor$DelayedWorkQueue.take(ScheduledThreadPoolExecutor.java:1182)
 java.base@17.0.14/java.util.concurrent.ScheduledThreadPoolExecutor$DelayedWorkQueue.take(ScheduledThreadPoolExecutor.java:899)
 java.base@17.0.14/java.util.concurrent.ThreadPoolExecutor.getTask(ThreadPoolExecutor.java:1062)
 java.base@17.0.14/java.util.concurrent.ThreadPoolExecutor.runWorker(ThreadPoolExecutor.java:1122)
 java.base@17.0.14/java.util.concurrent.ThreadPoolExecutor$Worker.run(ThreadPoolExecutor.java:635)
 java.base@17.0.14/java.lang.Thread.run(Thread.java:840)
21-Apr-2025 18:24:09.677 WARNING [main] org.apache.catalina.loader.WebappClassLoaderBase.clearReferencesThreads The web application [c2id] appears to have started a thread named [HttpClient-2-SelectorManager] but has failed to stop it. This is very likely to create a memory leak. Stack trace of thread:
 java.base@17.0.14/sun.nio.ch.EPoll.wait(Native Method)
 java.base@17.0.14/sun.nio.ch.EPollSelectorImpl.doSelect(EPollSelectorImpl.java:118)
 java.base@17.0.14/sun.nio.ch.SelectorImpl.lockAndDoSelect(SelectorImpl.java:129)
 java.base@17.0.14/sun.nio.ch.SelectorImpl.select(SelectorImpl.java:141)
 platform/java.net.http@17.0.14/jdk.internal.net.http.HttpClientImpl$SelectorManager.run(HttpClientImpl.java:894)
21-Apr-2025 18:24:09.693 INFO [main] org.apache.coyote.AbstractProtocol.stop Stopping ProtocolHandler ["http-nio-8080"]
21-Apr-2025 18:24:09.701 INFO [main] org.apache.coyote.AbstractProtocol.destroy Destroying ProtocolHandler ["http-nio-8080"]
07-May-2025 15:39:12.166 INFO [main] org.apache.catalina.startup.VersionLoggerListener.log Server version name:   Apache Tomcat/10.1.39
07-May-2025 15:39:12.188 INFO [main] org.apache.catalina.startup.VersionLoggerListener.log Server built:          Mar 4 2025 19:02:32 UTC
07-May-2025 15:39:12.188 INFO [main] org.apache.catalina.startup.VersionLoggerListener.log Server version number: 10.1.39.0
07-May-2025 15:39:12.188 INFO [main] org.apache.catalina.startup.VersionLoggerListener.log OS Name:               Linux
07-May-2025 15:39:12.189 INFO [main] org.apache.catalina.startup.VersionLoggerListener.log OS Version:            6.8.0-59-generic
07-May-2025 15:39:12.189 INFO [main] org.apache.catalina.startup.VersionLoggerListener.log Architecture:          amd64
07-May-2025 15:39:12.189 INFO [main] org.apache.catalina.startup.VersionLoggerListener.log Java Home:             /usr/lib/jvm/java-17-openjdk-amd64
07-May-2025 15:39:12.189 INFO [main] org.apache.catalina.startup.VersionLoggerListener.log JVM Version:           17.0.15+6-Ubuntu-0ubuntu122.04
07-May-2025 15:39:12.189 INFO [main] org.apache.catalina.startup.VersionLoggerListener.log JVM Vendor:            Ubuntu
07-May-2025 15:39:12.189 INFO [main] org.apache.catalina.startup.VersionLoggerListener.log CATALINA_BASE:         /home/radu/TAK-Server/src/oidf-server/tomcat
07-May-2025 15:39:12.189 INFO [main] org.apache.catalina.startup.VersionLoggerListener.log CATALINA_HOME:         /home/radu/TAK-Server/src/oidf-server/tomcat
07-May-2025 15:39:12.214 INFO [main] org.apache.catalina.core.AprLifecycleListener.lifecycleEvent The Apache Tomcat Native library which allows using OpenSSL was not found on the java.library.path: [/home/radu/opt/lib::/usr/java/packages/lib:/usr/lib/x86_64-linux-gnu/jni:/lib/x86_64-linux-gnu:/usr/lib/x86_64-linux-gnu:/usr/lib/jni:/lib:/usr/lib]
07-May-2025 15:39:12.820 INFO [main] org.apache.coyote.AbstractProtocol.init Initializing ProtocolHandler ["http-nio-8080"]
07-May-2025 15:39:12.928 INFO [main] org.apache.catalina.startup.Catalina.load Server initialization in [1102] milliseconds
07-May-2025 15:39:13.084 INFO [main] org.apache.catalina.core.StandardService.startInternal Starting service [Catalina]
07-May-2025 15:39:13.085 INFO [main] org.apache.catalina.core.StandardEngine.startInternal Starting Servlet engine: [Apache Tomcat/10.1.39]
07-May-2025 15:39:13.131 INFO [main] org.apache.catalina.startup.HostConfig.deployWAR Deploying web application archive [/home/radu/TAK-Server/src/oidf-server/tomcat/webapps/ldapauth.war]
07-May-2025 15:39:13.819 INFO [main] org.apache.jasper.servlet.TldScanner.scanJars At least one JAR was scanned for TLDs yet contained no TLDs. Enable debug logging for this logger for a complete list of JARs that were scanned but no TLDs were found in them. Skipping unneeded JARs during scanning can improve startup time and JSP compilation time.
07-May-2025 15:39:14.536 INFO [main] org.apache.catalina.startup.HostConfig.deployWAR Deployment of web application archive [/home/radu/TAK-Server/src/oidf-server/tomcat/webapps/ldapauth.war] has finished in [1,404] ms
07-May-2025 15:39:14.536 INFO [main] org.apache.catalina.startup.HostConfig.deployWAR Deploying web application archive [/home/radu/TAK-Server/src/oidf-server/tomcat/webapps/password-grant-handler.war]
07-May-2025 15:39:14.763 INFO [main] org.apache.jasper.servlet.TldScanner.scanJars At least one JAR was scanned for TLDs yet contained no TLDs. Enable debug logging for this logger for a complete list of JARs that were scanned but no TLDs were found in them. Skipping unneeded JARs during scanning can improve startup time and JSP compilation time.
07-May-2025 15:39:15.019 INFO [main] org.apache.catalina.startup.HostConfig.deployWAR Deployment of web application archive [/home/radu/TAK-Server/src/oidf-server/tomcat/webapps/password-grant-handler.war] has finished in [483] ms
07-May-2025 15:39:15.020 INFO [main] org.apache.catalina.startup.HostConfig.deployWAR Deploying web application archive [/home/radu/TAK-Server/src/oidf-server/tomcat/webapps/c2id-login.war]
07-May-2025 15:39:16.026 INFO [main] org.apache.jasper.servlet.TldScanner.scanJars At least one JAR was scanned for TLDs yet contained no TLDs. Enable debug logging for this logger for a complete list of JARs that were scanned but no TLDs were found in them. Skipping unneeded JARs during scanning can improve startup time and JSP compilation time.

                                  _   ___  _     _
                                 | | |__ \(_)   | |
   ___ ___  _ __  _ __   ___  ___| |_   ) )_  __| |
  / __/ _ \| '_ \| '_ \ / _ \/ __| __| / /| |/ _` |
 | (_| (_) | | | | | | |  __/ (__| |_ / /_| | (_| |
  \___\___/|_| |_|_| |_|\___|\___|\__|____|_|\__,_|  Login  (v3.4.5-migrated-1.0.9)

2025-05-07 15:39:17.026  INFO 63846 --- [           main] com.nimbusds.login.C2idLogin             : Starting C2idLogin v3.4.5-migrated-1.0.9 using Java 17.0.15 on lenss-10 with PID 63846 (/home/radu/TAK-Server/src/oidf-server/tomcat/webapps/c2id-login/WEB-INF/classes started by radu in /home/radu/TAK-Server/src/oidf-server/tomcat/bin)
2025-05-07 15:39:17.031  INFO 63846 --- [           main] com.nimbusds.login.C2idLogin             : The following profiles are active: prod
2025-05-07 15:39:18.649  INFO 63846 --- [           main] com.nimbusds.login.C2idLogin             : Started C2idLogin in 2.354 seconds (JVM running for 7.252)
07-May-2025 15:39:18.659 INFO [main] org.apache.catalina.startup.HostConfig.deployWAR Deployment of web application archive [/home/radu/TAK-Server/src/oidf-server/tomcat/webapps/c2id-login.war] has finished in [3,639] ms
07-May-2025 15:39:18.661 INFO [main] org.apache.catalina.startup.HostConfig.deployWAR Deploying web application archive [/home/radu/TAK-Server/src/oidf-server/tomcat/webapps/oidc-client.war]
May 07, 2025 3:39:19 PM org.apache.jasper.servlet.TldScanner scanJars
INFO: At least one JAR was scanned for TLDs yet contained no TLDs. Enable debug logging for this logger for a complete list of JARs that were scanned but no TLDs were found in them. Skipping unneeded JARs during scanning can improve startup time and JSP compilation time.
May 07, 2025 3:39:19 PM org.apache.catalina.core.ApplicationContext log
INFO: Initializing AtmosphereFramework
May 07, 2025 3:39:19 PM org.atmosphere.cpr.AtmosphereFramework addAtmosphereHandler
INFO: Installed AtmosphereHandler com.vaadin.server.communication.PushAtmosphereHandler mapped to context-path: /*
May 07, 2025 3:39:19 PM org.atmosphere.cpr.AtmosphereFramework addAtmosphereHandler
INFO: Installed the following AtmosphereInterceptor mapped to AtmosphereHandler com.vaadin.server.communication.PushAtmosphereHandler
May 07, 2025 3:39:19 PM org.atmosphere.util.IOUtils readServiceFile
INFO: META-INF/services/org.atmosphere.cpr.AtmosphereFramework not found in class loader
May 07, 2025 3:39:19 PM org.atmosphere.cpr.AtmosphereFramework autoConfigureService
INFO: Atmosphere is using org.atmosphere.util.VoidAnnotationProcessor for processing annotation
May 07, 2025 3:39:19 PM org.atmosphere.cpr.AtmosphereFramework initWebSocket
INFO: Installed WebSocketProtocol org.atmosphere.websocket.protocol.SimpleHttpProtocol 
May 07, 2025 3:39:19 PM org.atmosphere.container.JSR356AsyncSupport <init>
INFO: JSR 356 Mapping path /cb
May 07, 2025 3:39:19 PM org.atmosphere.cpr.AtmosphereFramework configureAtmosphereInterceptor
INFO: Installing Default AtmosphereInterceptors
May 07, 2025 3:39:19 PM org.atmosphere.cpr.AtmosphereFramework newAInterceptor
INFO: 	org.atmosphere.interceptor.CorsInterceptor : CORS Interceptor Support
May 07, 2025 3:39:19 PM org.atmosphere.cpr.AtmosphereFramework newAInterceptor
INFO: 	org.atmosphere.interceptor.CacheHeadersInterceptor : Default Response's Headers Interceptor
May 07, 2025 3:39:19 PM org.atmosphere.cpr.AtmosphereFramework newAInterceptor
INFO: 	org.atmosphere.interceptor.PaddingAtmosphereInterceptor : Browser Padding Interceptor Support
May 07, 2025 3:39:19 PM org.atmosphere.cpr.AtmosphereFramework newAInterceptor
INFO: 	org.atmosphere.interceptor.AndroidAtmosphereInterceptor : Android Interceptor Support
May 07, 2025 3:39:19 PM org.atmosphere.cpr.AtmosphereFramework configureAtmosphereInterceptor
INFO: Dropping Interceptor org.atmosphere.interceptor.HeartbeatInterceptor
May 07, 2025 3:39:19 PM org.atmosphere.cpr.AtmosphereFramework newAInterceptor
INFO: 	org.atmosphere.interceptor.SSEAtmosphereInterceptor : SSE Interceptor Support
May 07, 2025 3:39:19 PM org.atmosphere.cpr.AtmosphereFramework newAInterceptor
INFO: 	org.atmosphere.interceptor.JSONPAtmosphereInterceptor : JSONP Interceptor Support
May 07, 2025 3:39:19 PM org.atmosphere.cpr.AtmosphereFramework newAInterceptor
INFO: 	org.atmosphere.interceptor.JavaScriptProtocol : Atmosphere JavaScript Protocol
May 07, 2025 3:39:19 PM org.atmosphere.cpr.AtmosphereFramework newAInterceptor
INFO: 	org.atmosphere.interceptor.WebSocketMessageSuspendInterceptor : org.atmosphere.interceptor.WebSocketMessageSuspendInterceptor
May 07, 2025 3:39:19 PM org.atmosphere.cpr.AtmosphereFramework newAInterceptor
INFO: 	org.atmosphere.interceptor.OnDisconnectInterceptor : Browser disconnection detection
May 07, 2025 3:39:19 PM org.atmosphere.cpr.AtmosphereFramework newAInterceptor
INFO: 	org.atmosphere.interceptor.IdleResourceInterceptor : org.atmosphere.interceptor.IdleResourceInterceptor
May 07, 2025 3:39:19 PM org.atmosphere.cpr.AtmosphereFramework configureAtmosphereInterceptor
INFO: Set org.atmosphere.cpr.AtmosphereInterceptor.disableDefaults to disable them.
May 07, 2025 3:39:19 PM org.atmosphere.cpr.AtmosphereFramework info
INFO: Using EndpointMapper class org.atmosphere.util.DefaultEndpointMapper
May 07, 2025 3:39:19 PM org.atmosphere.cpr.AtmosphereFramework info
INFO: Using BroadcasterCache: org.atmosphere.cache.UUIDBroadcasterCache
May 07, 2025 3:39:19 PM org.atmosphere.cpr.AtmosphereFramework info
INFO: Default Broadcaster Class: org.atmosphere.cpr.DefaultBroadcaster
May 07, 2025 3:39:19 PM org.atmosphere.cpr.AtmosphereFramework info
INFO: Broadcaster Polling Wait Time 100
May 07, 2025 3:39:19 PM org.atmosphere.cpr.AtmosphereFramework info
INFO: Shared ExecutorService supported: true
May 07, 2025 3:39:19 PM org.atmosphere.cpr.AtmosphereFramework info
INFO: Messaging Thread Pool Size: Unlimited
May 07, 2025 3:39:19 PM org.atmosphere.cpr.AtmosphereFramework info
INFO: Async I/O Thread Pool Size: 200
May 07, 2025 3:39:19 PM org.atmosphere.cpr.AtmosphereFramework info
INFO: Using BroadcasterFactory: org.atmosphere.cpr.DefaultBroadcasterFactory
May 07, 2025 3:39:19 PM org.atmosphere.cpr.AtmosphereFramework info
INFO: Using WebSocketProcessor: org.atmosphere.websocket.DefaultWebSocketProcessor
May 07, 2025 3:39:19 PM org.atmosphere.cpr.AtmosphereFramework info
INFO: Invoke AtmosphereInterceptor on WebSocket message true
May 07, 2025 3:39:19 PM org.atmosphere.cpr.AtmosphereFramework info
INFO: HttpSession supported: true
May 07, 2025 3:39:19 PM org.atmosphere.cpr.AtmosphereFramework info
INFO: Atmosphere is using DefaultAtmosphereObjectFactory for dependency injection and object creation
May 07, 2025 3:39:19 PM org.atmosphere.cpr.AtmosphereFramework info
INFO: Atmosphere is using async support: org.atmosphere.container.JSR356AsyncSupport running under container: Apache Tomcat/10.1.39 using jakarta.servlet/3.0 and jsr356/WebSocket API
May 07, 2025 3:39:19 PM org.atmosphere.cpr.AtmosphereFramework info
INFO: Atmosphere Framework 2.2.13.vaadin1 started.
May 07, 2025 3:39:19 PM org.atmosphere.cpr.AtmosphereFramework interceptor
INFO: Installed AtmosphereInterceptor  Track Message Size Interceptor using | with priority BEFORE_DEFAULT 
May 07, 2025 3:39:19 PM org.atmosphere.cpr.AtmosphereFramework addAtmosphereHandler
INFO: Installed AtmosphereHandler com.vaadin.server.communication.PushAtmosphereHandler mapped to context-path: /*
May 07, 2025 3:39:19 PM org.atmosphere.cpr.AtmosphereFramework addAtmosphereHandler
INFO: Installed the following AtmosphereInterceptor mapped to AtmosphereHandler com.vaadin.server.communication.PushAtmosphereHandler
May 07, 2025 3:39:19 PM org.atmosphere.util.IOUtils readServiceFile
INFO: META-INF/services/org.atmosphere.cpr.AtmosphereFramework not found in class loader
May 07, 2025 3:39:19 PM org.atmosphere.cpr.AtmosphereFramework autoConfigureService
INFO: Atmosphere is using org.atmosphere.util.VoidAnnotationProcessor for processing annotation
May 07, 2025 3:39:19 PM org.atmosphere.cpr.AtmosphereFramework initWebSocket
INFO: Installed WebSocketProtocol org.atmosphere.websocket.protocol.SimpleHttpProtocol 
May 07, 2025 3:39:19 PM org.atmosphere.container.JSR356AsyncSupport <init>
INFO: JSR 356 Mapping path /{path}
May 07, 2025 3:39:19 PM org.atmosphere.cpr.AtmosphereFramework configureAtmosphereInterceptor
INFO: Installing Default AtmosphereInterceptors
May 07, 2025 3:39:19 PM org.atmosphere.cpr.AtmosphereFramework newAInterceptor
INFO: 	org.atmosphere.interceptor.CorsInterceptor : CORS Interceptor Support
May 07, 2025 3:39:19 PM org.atmosphere.cpr.AtmosphereFramework newAInterceptor
INFO: 	org.atmosphere.interceptor.CacheHeadersInterceptor : Default Response's Headers Interceptor
May 07, 2025 3:39:19 PM org.atmosphere.cpr.AtmosphereFramework newAInterceptor
INFO: 	org.atmosphere.interceptor.PaddingAtmosphereInterceptor : Browser Padding Interceptor Support
May 07, 2025 3:39:19 PM org.atmosphere.cpr.AtmosphereFramework newAInterceptor
INFO: 	org.atmosphere.interceptor.AndroidAtmosphereInterceptor : Android Interceptor Support
May 07, 2025 3:39:19 PM org.atmosphere.cpr.AtmosphereFramework configureAtmosphereInterceptor
INFO: Dropping Interceptor org.atmosphere.interceptor.HeartbeatInterceptor
May 07, 2025 3:39:19 PM org.atmosphere.cpr.AtmosphereFramework newAInterceptor
INFO: 	org.atmosphere.interceptor.SSEAtmosphereInterceptor : SSE Interceptor Support
May 07, 2025 3:39:19 PM org.atmosphere.cpr.AtmosphereFramework newAInterceptor
INFO: 	org.atmosphere.interceptor.JSONPAtmosphereInterceptor : JSONP Interceptor Support
May 07, 2025 3:39:19 PM org.atmosphere.cpr.AtmosphereFramework newAInterceptor
INFO: 	org.atmosphere.interceptor.JavaScriptProtocol : Atmosphere JavaScript Protocol
May 07, 2025 3:39:19 PM org.atmosphere.cpr.AtmosphereFramework newAInterceptor
INFO: 	org.atmosphere.interceptor.WebSocketMessageSuspendInterceptor : org.atmosphere.interceptor.WebSocketMessageSuspendInterceptor
May 07, 2025 3:39:19 PM org.atmosphere.cpr.AtmosphereFramework newAInterceptor
INFO: 	org.atmosphere.interceptor.OnDisconnectInterceptor : Browser disconnection detection
May 07, 2025 3:39:19 PM org.atmosphere.cpr.AtmosphereFramework newAInterceptor
INFO: 	org.atmosphere.interceptor.IdleResourceInterceptor : org.atmosphere.interceptor.IdleResourceInterceptor
May 07, 2025 3:39:19 PM org.atmosphere.cpr.AtmosphereFramework configureAtmosphereInterceptor
INFO: Set org.atmosphere.cpr.AtmosphereInterceptor.disableDefaults to disable them.
May 07, 2025 3:39:19 PM org.atmosphere.cpr.AtmosphereFramework info
INFO: Using EndpointMapper class org.atmosphere.util.DefaultEndpointMapper
May 07, 2025 3:39:19 PM org.atmosphere.cpr.AtmosphereFramework info
INFO: Using BroadcasterCache: org.atmosphere.cache.UUIDBroadcasterCache
May 07, 2025 3:39:19 PM org.atmosphere.cpr.AtmosphereFramework info
INFO: Default Broadcaster Class: org.atmosphere.cpr.DefaultBroadcaster
May 07, 2025 3:39:19 PM org.atmosphere.cpr.AtmosphereFramework info
INFO: Broadcaster Polling Wait Time 100
May 07, 2025 3:39:19 PM org.atmosphere.cpr.AtmosphereFramework info
INFO: Shared ExecutorService supported: true
May 07, 2025 3:39:19 PM org.atmosphere.cpr.AtmosphereFramework info
INFO: Messaging Thread Pool Size: Unlimited
May 07, 2025 3:39:19 PM org.atmosphere.cpr.AtmosphereFramework info
INFO: Async I/O Thread Pool Size: 200
May 07, 2025 3:39:19 PM org.atmosphere.cpr.AtmosphereFramework info
INFO: Using BroadcasterFactory: org.atmosphere.cpr.DefaultBroadcasterFactory
May 07, 2025 3:39:19 PM org.atmosphere.cpr.AtmosphereFramework info
INFO: Using WebSocketProcessor: org.atmosphere.websocket.DefaultWebSocketProcessor
May 07, 2025 3:39:19 PM org.atmosphere.cpr.AtmosphereFramework info
INFO: Invoke AtmosphereInterceptor on WebSocket message true
May 07, 2025 3:39:19 PM org.atmosphere.cpr.AtmosphereFramework info
INFO: HttpSession supported: true
May 07, 2025 3:39:19 PM org.atmosphere.cpr.AtmosphereFramework info
INFO: Atmosphere is using DefaultAtmosphereObjectFactory for dependency injection and object creation
May 07, 2025 3:39:19 PM org.atmosphere.cpr.AtmosphereFramework info
INFO: Atmosphere is using async support: org.atmosphere.container.JSR356AsyncSupport running under container: Apache Tomcat/10.1.39 using jakarta.servlet/3.0 and jsr356/WebSocket API
May 07, 2025 3:39:19 PM org.atmosphere.cpr.AtmosphereFramework info
INFO: Atmosphere Framework 2.2.13.vaadin1 started.
May 07, 2025 3:39:19 PM org.atmosphere.cpr.AtmosphereFramework interceptor
INFO: Installed AtmosphereInterceptor  Track Message Size Interceptor using | with priority BEFORE_DEFAULT 
07-May-2025 15:39:19.571 INFO [main] org.apache.catalina.startup.HostConfig.deployWAR Deployment of web application archive [/home/radu/TAK-Server/src/oidf-server/tomcat/webapps/oidc-client.war] has finished in [910] ms
07-May-2025 15:39:19.572 INFO [main] org.apache.catalina.startup.HostConfig.deployWAR Deploying web application archive [/home/radu/TAK-Server/src/oidf-server/tomcat/webapps/c2id-logout.war]
07-May-2025 15:39:19.710 INFO [main] org.apache.jasper.servlet.TldScanner.scanJars At least one JAR was scanned for TLDs yet contained no TLDs. Enable debug logging for this logger for a complete list of JARs that were scanned but no TLDs were found in them. Skipping unneeded JARs during scanning can improve startup time and JSP compilation time.
07-May-2025 15:39:19.719 INFO [main] org.apache.catalina.startup.HostConfig.deployWAR Deployment of web application archive [/home/radu/TAK-Server/src/oidf-server/tomcat/webapps/c2id-logout.war] has finished in [147] ms
07-May-2025 15:39:19.720 INFO [main] org.apache.catalina.startup.HostConfig.deployWAR Deploying web application archive [/home/radu/TAK-Server/src/oidf-server/tomcat/webapps/c2id.war]
07-May-2025 15:39:24.544 INFO [main] org.apache.jasper.servlet.TldScanner.scanJars At least one JAR was scanned for TLDs yet contained no TLDs. Enable debug logging for this logger for a complete list of JARs that were scanned but no TLDs were found in them. Skipping unneeded JARs during scanning can improve startup time and JSP compilation time.
SLF4J(W): No SLF4J providers were found.
SLF4J(W): Defaulting to no-operation (NOP) logger implementation
SLF4J(W): See https://www.slf4j.org/codes.html#noProviders for further details.
SLF4J(W): Class path contains SLF4J bindings targeting slf4j-api versions 1.7.x or earlier.
SLF4J(W): Ignoring binding found at [jar:file:/home/radu/TAK-Server/src/oidf-server/tomcat/webapps/c2id/WEB-INF/lib/log4j-slf4j-impl-2.24.2.jar!/org/slf4j/impl/StaticLoggerBinder.class]
SLF4J(W): See https://www.slf4j.org/codes.html#ignoredBindings for an explanation.
07-May-2025 15:39:30.332 WARNING [main] org.glassfish.jersey.message.internal.MessagingBinders$EnabledProvidersBinder.bindToBinder A class jakarta.activation.DataSource for a default provider MessageBodyWriter<jakarta.activation.DataSource> was not found. The provider is not available.
07-May-2025 15:39:30.365 WARNING [main] org.glassfish.jersey.server.wadl.WadlFeature.configure JAX-B API not found . WADL feature is disabled.
07-May-2025 15:39:30.461 WARNING [main] org.glassfish.jersey.internal.inject.Providers.checkProviderRuntime A provider com.nimbusds.openid.connect.provider.sts.STSEndpoint registered in SERVER runtime does not implement any provider interfaces applicable in the SERVER runtime. Due to constraint configuration problems the provider com.nimbusds.openid.connect.provider.sts.STSEndpoint will be ignored. 
07-May-2025 15:39:30.599 WARNING [main] org.glassfish.jersey.server.wadl.WadlFeature.configure JAX-B API not found . WADL feature is disabled.
07-May-2025 15:39:30.608 WARNING [main] org.glassfish.jersey.internal.inject.Providers.checkProviderRuntime A provider com.nimbusds.authzstore.rest.WebAPI registered in SERVER runtime does not implement any provider interfaces applicable in the SERVER runtime. Due to constraint configuration problems the provider com.nimbusds.authzstore.rest.WebAPI will be ignored. 
07-May-2025 15:39:30.691 WARNING [main] org.glassfish.jersey.server.wadl.WadlFeature.configure JAX-B API not found . WADL feature is disabled.
07-May-2025 15:39:30.694 WARNING [main] org.glassfish.jersey.internal.inject.Providers.checkProviderRuntime A provider com.nimbusds.openid.connect.provider.ciba.sessions.CIBASessionsEndpoint registered in SERVER runtime does not implement any provider interfaces applicable in the SERVER runtime. Due to constraint configuration problems the provider com.nimbusds.openid.connect.provider.ciba.sessions.CIBASessionsEndpoint will be ignored. 
07-May-2025 15:39:30.725 WARNING [main] org.glassfish.jersey.server.wadl.WadlFeature.configure JAX-B API not found . WADL feature is disabled.
07-May-2025 15:39:30.728 WARNING [main] org.glassfish.jersey.internal.inject.Providers.checkProviderRuntime A provider com.nimbusds.openid.connect.provider.checksession.CheckSessionBackendEndpoint registered in SERVER runtime does not implement any provider interfaces applicable in the SERVER runtime. Due to constraint configuration problems the provider com.nimbusds.openid.connect.provider.checksession.CheckSessionBackendEndpoint will be ignored. 
07-May-2025 15:39:30.761 WARNING [main] org.glassfish.jersey.server.wadl.WadlFeature.configure JAX-B API not found . WADL feature is disabled.
07-May-2025 15:39:30.834 WARNING [main] org.glassfish.jersey.server.wadl.WadlFeature.configure JAX-B API not found . WADL feature is disabled.
07-May-2025 15:39:30.842 WARNING [main] org.glassfish.jersey.internal.inject.Providers.checkProviderRuntime A provider com.nimbusds.sessionstore.rest.WebAPI registered in SERVER runtime does not implement any provider interfaces applicable in the SERVER runtime. Due to constraint configuration problems the provider com.nimbusds.sessionstore.rest.WebAPI will be ignored. 
07-May-2025 15:39:30.914 WARNING [main] org.glassfish.jersey.server.wadl.WadlFeature.configure JAX-B API not found . WADL feature is disabled.
07-May-2025 15:39:30.920 WARNING [main] org.glassfish.jersey.internal.inject.Providers.checkProviderRuntime A provider com.nimbusds.openid.connect.provider.authz.AuthorizationSessionEndpoint registered in SERVER runtime does not implement any provider interfaces applicable in the SERVER runtime. Due to constraint configuration problems the provider com.nimbusds.openid.connect.provider.authz.AuthorizationSessionEndpoint will be ignored. 
07-May-2025 15:39:30.956 WARNING [main] org.glassfish.jersey.server.wadl.WadlFeature.configure JAX-B API not found . WADL feature is disabled.
07-May-2025 15:39:30.959 WARNING [main] org.glassfish.jersey.internal.inject.Providers.checkProviderRuntime A provider com.nimbusds.openid.connect.provider.config.ConfigurationEndpoint registered in SERVER runtime does not implement any provider interfaces applicable in the SERVER runtime. Due to constraint configuration problems the provider com.nimbusds.openid.connect.provider.config.ConfigurationEndpoint will be ignored. 
07-May-2025 15:39:30.989 WARNING [main] org.glassfish.jersey.server.wadl.WadlFeature.configure JAX-B API not found . WADL feature is disabled.
07-May-2025 15:39:30.992 WARNING [main] org.glassfish.jersey.internal.inject.Providers.checkProviderRuntime A provider com.nimbusds.openid.connect.provider.authz.DirectAuthorizationEndpoint registered in SERVER runtime does not implement any provider interfaces applicable in the SERVER runtime. Due to constraint configuration problems the provider com.nimbusds.openid.connect.provider.authz.DirectAuthorizationEndpoint will be ignored. 
07-May-2025 15:39:31.016 WARNING [main] org.glassfish.jersey.server.wadl.WadlFeature.configure JAX-B API not found . WADL feature is disabled.
07-May-2025 15:39:31.020 WARNING [main] org.glassfish.jersey.internal.inject.Providers.checkProviderRuntime A provider com.nimbusds.openid.connect.provider.logout.endpoint.LogoutSessionEndpoint registered in SERVER runtime does not implement any provider interfaces applicable in the SERVER runtime. Due to constraint configuration problems the provider com.nimbusds.openid.connect.provider.logout.endpoint.LogoutSessionEndpoint will be ignored. 
07-May-2025 15:39:31.185 INFO [main] org.apache.catalina.startup.HostConfig.deployWAR Deployment of web application archive [/home/radu/TAK-Server/src/oidf-server/tomcat/webapps/c2id.war] has finished in [11,465] ms
07-May-2025 15:39:31.186 INFO [main] org.apache.catalina.startup.HostConfig.deployDirectory Deploying web application directory [/home/radu/TAK-Server/src/oidf-server/tomcat/webapps/manager]
07-May-2025 15:39:31.293 INFO [main] org.apache.catalina.startup.HostConfig.deployDirectory Deployment of web application directory [/home/radu/TAK-Server/src/oidf-server/tomcat/webapps/manager] has finished in [107] ms
07-May-2025 15:39:31.293 INFO [main] org.apache.catalina.startup.HostConfig.deployDirectory Deploying web application directory [/home/radu/TAK-Server/src/oidf-server/tomcat/webapps/ROOT]
07-May-2025 15:39:31.310 INFO [main] org.apache.catalina.startup.HostConfig.deployDirectory Deployment of web application directory [/home/radu/TAK-Server/src/oidf-server/tomcat/webapps/ROOT] has finished in [17] ms
07-May-2025 15:39:31.311 INFO [main] org.apache.catalina.startup.HostConfig.deployDirectory Deploying web application directory [/home/radu/TAK-Server/src/oidf-server/tomcat/webapps/host-manager]
07-May-2025 15:39:31.331 INFO [main] org.apache.catalina.startup.HostConfig.deployDirectory Deployment of web application directory [/home/radu/TAK-Server/src/oidf-server/tomcat/webapps/host-manager] has finished in [19] ms
07-May-2025 15:39:31.337 INFO [main] org.apache.coyote.AbstractProtocol.start Starting ProtocolHandler ["http-nio-8080"]
07-May-2025 15:39:31.346 INFO [main] org.apache.catalina.startup.Catalina.start Server startup in [18418] milliseconds
07-May-2025 15:48:43.941 INFO [main] org.apache.catalina.core.StandardServer.await A valid shutdown command was received via the shutdown port. Stopping the Server instance.
07-May-2025 15:48:43.942 INFO [main] org.apache.coyote.AbstractProtocol.pause Pausing ProtocolHandler ["http-nio-8080"]
07-May-2025 15:48:43.946 INFO [main] org.apache.catalina.core.StandardService.stopInternal Stopping service [Catalina]
[CM8005] Stopping Infinispan...
[CM8015] Stopped Infinispan cache clients.remoteRequestJWTClaimsCache in 3 ms
[CM8015] Stopped Infinispan cache op.loginHintTokenMap in 5 ms
[CM8015] Stopped Infinispan cache op.dPoPJTICache in 6 ms
[CM8015] Stopped Infinispan cache keyStore.jwkSetMap in 375 ms
[CM8015] Stopped Infinispan cache sessionStore.sessionMap in 383 ms
[CM8015] Stopped Infinispan cache federation.registrationsMap in 384 ms
[CM8015] Stopped Infinispan cache op.authSessionMap in 385 ms
[CM8015] Stopped Infinispan cache authzStore.revocationJournalMap in 385 ms
[CM8015] Stopped Infinispan cache clients.registrationsMap in 386 ms
[CM8015] Stopped Infinispan cache authzStore.expendedTokenMap in 386 ms
[CM8015] Stopped Infinispan cache clients.remoteJWKSetCache in 387 ms
[CM8015] Stopped Infinispan cache authzStore.codeMap in 387 ms
[CM8015] Stopped Infinispan cache authzStore.longLivedAuthzMap in 388 ms
[CM8015] Stopped Infinispan cache keyStore.jwkSetHistoryMap in 388 ms
[CM8015] Stopped Infinispan cache authzStore.idAccessTokenMap in 388 ms
[CM8015] Stopped Infinispan cache op.consentSessionMap in 389 ms
[CM8015] Stopped Infinispan cache sessionStore.subjectMap in 390 ms
[CM8015] Stopped Infinispan cache org.infinispan.CONFIG in 390 ms
07-May-2025 15:48:44.450 WARNING [main] org.apache.catalina.loader.WebappClassLoaderBase.clearReferencesThreads The web application [c2id] appears to have started a thread named [RxCachedWorkerPoolEvictor-1] but has failed to stop it. This is very likely to create a memory leak. Stack trace of thread:
 java.base@17.0.15/jdk.internal.misc.Unsafe.park(Native Method)
 java.base@17.0.15/java.util.concurrent.locks.LockSupport.parkNanos(LockSupport.java:252)
 java.base@17.0.15/java.util.concurrent.locks.AbstractQueuedSynchronizer$ConditionObject.awaitNanos(AbstractQueuedSynchronizer.java:1679)
 java.base@17.0.15/java.util.concurrent.ScheduledThreadPoolExecutor$DelayedWorkQueue.take(ScheduledThreadPoolExecutor.java:1182)
 java.base@17.0.15/java.util.concurrent.ScheduledThreadPoolExecutor$DelayedWorkQueue.take(ScheduledThreadPoolExecutor.java:899)
 java.base@17.0.15/java.util.concurrent.ThreadPoolExecutor.getTask(ThreadPoolExecutor.java:1062)
 java.base@17.0.15/java.util.concurrent.ThreadPoolExecutor.runWorker(ThreadPoolExecutor.java:1122)
 java.base@17.0.15/java.util.concurrent.ThreadPoolExecutor$Worker.run(ThreadPoolExecutor.java:635)
 java.base@17.0.15/java.lang.Thread.run(Thread.java:840)
07-May-2025 15:48:44.451 WARNING [main] org.apache.catalina.loader.WebappClassLoaderBase.clearReferencesThreads The web application [c2id] appears to have started a thread named [HttpClient-1-SelectorManager] but has failed to stop it. This is very likely to create a memory leak. Stack trace of thread:
 java.base@17.0.15/sun.nio.ch.EPoll.wait(Native Method)
 java.base@17.0.15/sun.nio.ch.EPollSelectorImpl.doSelect(EPollSelectorImpl.java:118)
 java.base@17.0.15/sun.nio.ch.SelectorImpl.lockAndDoSelect(SelectorImpl.java:129)
 java.base@17.0.15/sun.nio.ch.SelectorImpl.select(SelectorImpl.java:141)
 platform/java.net.http@17.0.15/jdk.internal.net.http.HttpClientImpl$SelectorManager.run(HttpClientImpl.java:894)
07-May-2025 15:48:44.472 INFO [main] org.apache.coyote.AbstractProtocol.stop Stopping ProtocolHandler ["http-nio-8080"]
07-May-2025 15:48:44.483 INFO [main] org.apache.coyote.AbstractProtocol.destroy Destroying ProtocolHandler ["http-nio-8080"]
NOTE: Picked up JDK_JAVA_OPTIONS: -Dloader.path=WEB-INF/lib-provided,WEB-INF/lib,WEB-INF/classes,file:lib/ -Djava.net.preferIPv4Stack=true -Djava.security.egd=file:/dev/./urandom -DIGNITE_UPDATE_NOTIFIER=false -DIGNITE_QUIET=true -Dio.netty.tmpdir=/home/radu/TAK-Server/src/takserver-core/example -Djava.io.tmpdir=/home/radu/TAK-Server/src/takserver-core/example -Dio.netty.native.workdir=/home/radu/TAK-Server/src/takserver-core/example -Djdk.tls.client.protocols=TLSv1.2 --add-opens=java.base/sun.security.pkcs=ALL-UNNAMED --add-opens=java.base/sun.security.pkcs10=ALL-UNNAMED --add-opens=java.base/sun.security.util=ALL-UNNAMED --add-opens=java.base/sun.security.x509=ALL-UNNAMED --add-opens=java.base/sun.security.tools.keytool=ALL-UNNAMED --add-opens=java.base/jdk.internal.misc=ALL-UNNAMED --add-opens=java.base/sun.nio.ch=ALL-UNNAMED --add-opens=java.management/com.sun.jmx.mbeanserver=ALL-UNNAMED --add-opens=jdk.internal.jvmstat/sun.jvmstat.monitor=ALL-UNNAMED --add-opens=java.base/sun.reflect.generics.reflectiveObjects=ALL-UNNAMED --add-opens=jdk.management/com.sun.management.internal=ALL-UNNAMED --add-opens=java.base/java.io=ALL-UNNAMED --add-opens=java.base/java.nio=ALL-UNNAMED --add-opens=java.base/java.util=ALL-UNNAMED --add-opens=java.base/java.util.concurrent=ALL-UNNAMED --add-opens=java.base/java.util.concurrent.locks=ALL-UNNAMED --add-opens=java.base/java.util.concurrent.atomic=ALL-UNNAMED --add-opens=java.base/java.lang=ALL-UNNAMED --add-opens=java.base/java.lang.invoke=ALL-UNNAMED --add-opens=java.base/java.math=ALL-UNNAMED --add-opens=java.sql/java.sql=ALL-UNNAMED --add-opens=java.base/javax.net.ssl=ALL-UNNAMED --add-opens=java.base/java.net=ALL-UNNAMED --add-opens=jdk.unsupported/sun.misc=ALL-UNNAMED --add-opens=java.base/java.lang.ref=ALL-UNNAMED --add-opens=java.base/java.lang.reflect=ALL-UNNAMED --add-opens=java.base/java.security=ALL-UNNAMED --add-opens=java.base/java.security.ssl=ALL-UNNAMED --add-opens=java.base/java.security.cert=ALL-UNNAMED --add-opens=java.base/sun.security.rsa=ALL-UNNAMED --add-opens=java.base/sun.security.ssl=ALL-UNNAMED --add-opens=java.base/sun.security.x500=ALL-UNNAMED --add-opens=java.base/sun.security.pkcs12=ALL-UNNAMED --add-opens=java.base/sun.security.provider=ALL-UNNAMED --add-opens=java.base/javax.security.auth.x500=ALL-UNNAMED
WARNING: package java.security.ssl not in java.base
WARNING: package sun.security.x500 not in java.base
07-May-2025 16:35:57.170 INFO [main] org.apache.catalina.startup.VersionLoggerListener.log Server version name:   Apache Tomcat/10.1.39
07-May-2025 16:35:57.188 INFO [main] org.apache.catalina.startup.VersionLoggerListener.log Server built:          Mar 4 2025 19:02:32 UTC
07-May-2025 16:35:57.188 INFO [main] org.apache.catalina.startup.VersionLoggerListener.log Server version number: 10.1.39.0
07-May-2025 16:35:57.189 INFO [main] org.apache.catalina.startup.VersionLoggerListener.log OS Name:               Linux
07-May-2025 16:35:57.189 INFO [main] org.apache.catalina.startup.VersionLoggerListener.log OS Version:            6.8.0-59-generic
07-May-2025 16:35:57.189 INFO [main] org.apache.catalina.startup.VersionLoggerListener.log Architecture:          amd64
07-May-2025 16:35:57.190 INFO [main] org.apache.catalina.startup.VersionLoggerListener.log Java Home:             /usr/lib/jvm/java-17-openjdk-amd64
07-May-2025 16:35:57.190 INFO [main] org.apache.catalina.startup.VersionLoggerListener.log JVM Version:           17.0.15+6-Ubuntu-0ubuntu122.04
07-May-2025 16:35:57.190 INFO [main] org.apache.catalina.startup.VersionLoggerListener.log JVM Vendor:            Ubuntu
07-May-2025 16:35:57.190 INFO [main] org.apache.catalina.startup.VersionLoggerListener.log CATALINA_BASE:         /home/radu/TAK-Server/src/oidf-server/tomcat
07-May-2025 16:35:57.190 INFO [main] org.apache.catalina.startup.VersionLoggerListener.log CATALINA_HOME:         /home/radu/TAK-Server/src/oidf-server/tomcat
07-May-2025 16:35:57.194 INFO [main] org.apache.catalina.core.AprLifecycleListener.lifecycleEvent The Apache Tomcat Native library which allows using OpenSSL was not found on the java.library.path: [/home/radu/opt/lib::/usr/java/packages/lib:/usr/lib/x86_64-linux-gnu/jni:/lib/x86_64-linux-gnu:/usr/lib/x86_64-linux-gnu:/usr/lib/jni:/lib:/usr/lib]
07-May-2025 16:35:58.300 INFO [main] org.apache.coyote.AbstractProtocol.init Initializing ProtocolHandler ["http-nio-8080"]
07-May-2025 16:35:58.393 INFO [main] org.apache.catalina.startup.Catalina.load Server initialization in [1869] milliseconds
07-May-2025 16:35:58.613 INFO [main] org.apache.catalina.core.StandardService.startInternal Starting service [Catalina]
07-May-2025 16:35:58.613 INFO [main] org.apache.catalina.core.StandardEngine.startInternal Starting Servlet engine: [Apache Tomcat/10.1.39]
07-May-2025 16:35:58.659 INFO [main] org.apache.catalina.startup.HostConfig.deployWAR Deploying web application archive [/home/radu/TAK-Server/src/oidf-server/tomcat/webapps/ldapauth.war]
07-May-2025 16:35:59.756 INFO [main] org.apache.jasper.servlet.TldScanner.scanJars At least one JAR was scanned for TLDs yet contained no TLDs. Enable debug logging for this logger for a complete list of JARs that were scanned but no TLDs were found in them. Skipping unneeded JARs during scanning can improve startup time and JSP compilation time.
07-May-2025 16:36:01.131 INFO [main] org.apache.catalina.startup.HostConfig.deployWAR Deployment of web application archive [/home/radu/TAK-Server/src/oidf-server/tomcat/webapps/ldapauth.war] has finished in [2,469] ms
07-May-2025 16:36:01.133 INFO [main] org.apache.catalina.startup.HostConfig.deployWAR Deploying web application archive [/home/radu/TAK-Server/src/oidf-server/tomcat/webapps/password-grant-handler.war]
07-May-2025 16:36:01.621 INFO [main] org.apache.jasper.servlet.TldScanner.scanJars At least one JAR was scanned for TLDs yet contained no TLDs. Enable debug logging for this logger for a complete list of JARs that were scanned but no TLDs were found in them. Skipping unneeded JARs during scanning can improve startup time and JSP compilation time.
07-May-2025 16:36:02.387 INFO [main] org.apache.catalina.startup.HostConfig.deployWAR Deployment of web application archive [/home/radu/TAK-Server/src/oidf-server/tomcat/webapps/password-grant-handler.war] has finished in [1,254] ms
07-May-2025 16:36:02.388 INFO [main] org.apache.catalina.startup.HostConfig.deployWAR Deploying web application archive [/home/radu/TAK-Server/src/oidf-server/tomcat/webapps/c2id-login.war]
07-May-2025 16:36:04.142 INFO [main] org.apache.jasper.servlet.TldScanner.scanJars At least one JAR was scanned for TLDs yet contained no TLDs. Enable debug logging for this logger for a complete list of JARs that were scanned but no TLDs were found in them. Skipping unneeded JARs during scanning can improve startup time and JSP compilation time.

                                  _   ___  _     _
                                 | | |__ \(_)   | |
   ___ ___  _ __  _ __   ___  ___| |_   ) )_  __| |
  / __/ _ \| '_ \| '_ \ / _ \/ __| __| / /| |/ _` |
 | (_| (_) | | | | | | |  __/ (__| |_ / /_| | (_| |
  \___\___/|_| |_|_| |_|\___|\___|\__|____|_|\__,_|  Login  (v3.4.5-migrated-1.0.9)

2025-05-07 16:36:06.181  INFO 71850 --- [           main] com.nimbusds.login.C2idLogin             : Starting C2idLogin v3.4.5-migrated-1.0.9 using Java 17.0.15 on lenss-10 with PID 71850 (/home/radu/TAK-Server/src/oidf-server/tomcat/webapps/c2id-login/WEB-INF/classes started by radu in /home/radu/TAK-Server/src/takserver-core/example)
2025-05-07 16:36:06.205  INFO 71850 --- [           main] com.nimbusds.login.C2idLogin             : The following profiles are active: prod
2025-05-07 16:36:09.366  INFO 71850 --- [           main] com.nimbusds.login.C2idLogin             : Started C2idLogin in 4.716 seconds (JVM running for 13.628)
07-May-2025 16:36:09.375 INFO [main] org.apache.catalina.startup.HostConfig.deployWAR Deployment of web application archive [/home/radu/TAK-Server/src/oidf-server/tomcat/webapps/c2id-login.war] has finished in [6,986] ms
07-May-2025 16:36:09.375 INFO [main] org.apache.catalina.startup.HostConfig.deployWAR Deploying web application archive [/home/radu/TAK-Server/src/oidf-server/tomcat/webapps/oidc-client.war]
May 07, 2025 4:36:10 PM org.apache.jasper.servlet.TldScanner scanJars
INFO: At least one JAR was scanned for TLDs yet contained no TLDs. Enable debug logging for this logger for a complete list of JARs that were scanned but no TLDs were found in them. Skipping unneeded JARs during scanning can improve startup time and JSP compilation time.
May 07, 2025 4:36:10 PM org.apache.catalina.core.ApplicationContext log
INFO: Initializing AtmosphereFramework
May 07, 2025 4:36:10 PM org.atmosphere.cpr.AtmosphereFramework addAtmosphereHandler
INFO: Installed AtmosphereHandler com.vaadin.server.communication.PushAtmosphereHandler mapped to context-path: /*
May 07, 2025 4:36:10 PM org.atmosphere.cpr.AtmosphereFramework addAtmosphereHandler
INFO: Installed the following AtmosphereInterceptor mapped to AtmosphereHandler com.vaadin.server.communication.PushAtmosphereHandler
May 07, 2025 4:36:10 PM org.atmosphere.util.IOUtils readServiceFile
INFO: META-INF/services/org.atmosphere.cpr.AtmosphereFramework not found in class loader
May 07, 2025 4:36:10 PM org.atmosphere.cpr.AtmosphereFramework autoConfigureService
INFO: Atmosphere is using org.atmosphere.util.VoidAnnotationProcessor for processing annotation
May 07, 2025 4:36:10 PM org.atmosphere.cpr.AtmosphereFramework initWebSocket
INFO: Installed WebSocketProtocol org.atmosphere.websocket.protocol.SimpleHttpProtocol 
May 07, 2025 4:36:10 PM org.atmosphere.container.JSR356AsyncSupport <init>
INFO: JSR 356 Mapping path /cb
May 07, 2025 4:36:10 PM org.atmosphere.cpr.AtmosphereFramework configureAtmosphereInterceptor
INFO: Installing Default AtmosphereInterceptors
May 07, 2025 4:36:10 PM org.atmosphere.cpr.AtmosphereFramework newAInterceptor
INFO: 	org.atmosphere.interceptor.CorsInterceptor : CORS Interceptor Support
May 07, 2025 4:36:10 PM org.atmosphere.cpr.AtmosphereFramework newAInterceptor
INFO: 	org.atmosphere.interceptor.CacheHeadersInterceptor : Default Response's Headers Interceptor
May 07, 2025 4:36:10 PM org.atmosphere.cpr.AtmosphereFramework newAInterceptor
INFO: 	org.atmosphere.interceptor.PaddingAtmosphereInterceptor : Browser Padding Interceptor Support
May 07, 2025 4:36:10 PM org.atmosphere.cpr.AtmosphereFramework newAInterceptor
INFO: 	org.atmosphere.interceptor.AndroidAtmosphereInterceptor : Android Interceptor Support
May 07, 2025 4:36:10 PM org.atmosphere.cpr.AtmosphereFramework configureAtmosphereInterceptor
INFO: Dropping Interceptor org.atmosphere.interceptor.HeartbeatInterceptor
May 07, 2025 4:36:10 PM org.atmosphere.cpr.AtmosphereFramework newAInterceptor
INFO: 	org.atmosphere.interceptor.SSEAtmosphereInterceptor : SSE Interceptor Support
May 07, 2025 4:36:10 PM org.atmosphere.cpr.AtmosphereFramework newAInterceptor
INFO: 	org.atmosphere.interceptor.JSONPAtmosphereInterceptor : JSONP Interceptor Support
May 07, 2025 4:36:10 PM org.atmosphere.cpr.AtmosphereFramework newAInterceptor
INFO: 	org.atmosphere.interceptor.JavaScriptProtocol : Atmosphere JavaScript Protocol
May 07, 2025 4:36:10 PM org.atmosphere.cpr.AtmosphereFramework newAInterceptor
INFO: 	org.atmosphere.interceptor.WebSocketMessageSuspendInterceptor : org.atmosphere.interceptor.WebSocketMessageSuspendInterceptor
May 07, 2025 4:36:10 PM org.atmosphere.cpr.AtmosphereFramework newAInterceptor
INFO: 	org.atmosphere.interceptor.OnDisconnectInterceptor : Browser disconnection detection
May 07, 2025 4:36:10 PM org.atmosphere.cpr.AtmosphereFramework newAInterceptor
INFO: 	org.atmosphere.interceptor.IdleResourceInterceptor : org.atmosphere.interceptor.IdleResourceInterceptor
May 07, 2025 4:36:10 PM org.atmosphere.cpr.AtmosphereFramework configureAtmosphereInterceptor
INFO: Set org.atmosphere.cpr.AtmosphereInterceptor.disableDefaults to disable them.
May 07, 2025 4:36:10 PM org.atmosphere.cpr.AtmosphereFramework info
INFO: Using EndpointMapper class org.atmosphere.util.DefaultEndpointMapper
May 07, 2025 4:36:10 PM org.atmosphere.cpr.AtmosphereFramework info
INFO: Using BroadcasterCache: org.atmosphere.cache.UUIDBroadcasterCache
May 07, 2025 4:36:10 PM org.atmosphere.cpr.AtmosphereFramework info
INFO: Default Broadcaster Class: org.atmosphere.cpr.DefaultBroadcaster
May 07, 2025 4:36:10 PM org.atmosphere.cpr.AtmosphereFramework info
INFO: Broadcaster Polling Wait Time 100
May 07, 2025 4:36:10 PM org.atmosphere.cpr.AtmosphereFramework info
INFO: Shared ExecutorService supported: true
May 07, 2025 4:36:10 PM org.atmosphere.cpr.AtmosphereFramework info
INFO: Messaging Thread Pool Size: Unlimited
May 07, 2025 4:36:10 PM org.atmosphere.cpr.AtmosphereFramework info
INFO: Async I/O Thread Pool Size: 200
May 07, 2025 4:36:10 PM org.atmosphere.cpr.AtmosphereFramework info
INFO: Using BroadcasterFactory: org.atmosphere.cpr.DefaultBroadcasterFactory
May 07, 2025 4:36:10 PM org.atmosphere.cpr.AtmosphereFramework info
INFO: Using WebSocketProcessor: org.atmosphere.websocket.DefaultWebSocketProcessor
May 07, 2025 4:36:10 PM org.atmosphere.cpr.AtmosphereFramework info
INFO: Invoke AtmosphereInterceptor on WebSocket message true
May 07, 2025 4:36:10 PM org.atmosphere.cpr.AtmosphereFramework info
INFO: HttpSession supported: true
May 07, 2025 4:36:10 PM org.atmosphere.cpr.AtmosphereFramework info
INFO: Atmosphere is using DefaultAtmosphereObjectFactory for dependency injection and object creation
May 07, 2025 4:36:10 PM org.atmosphere.cpr.AtmosphereFramework info
INFO: Atmosphere is using async support: org.atmosphere.container.JSR356AsyncSupport running under container: Apache Tomcat/10.1.39 using jakarta.servlet/3.0 and jsr356/WebSocket API
May 07, 2025 4:36:10 PM org.atmosphere.cpr.AtmosphereFramework info
INFO: Atmosphere Framework 2.2.13.vaadin1 started.
May 07, 2025 4:36:10 PM org.atmosphere.cpr.AtmosphereFramework interceptor
INFO: Installed AtmosphereInterceptor  Track Message Size Interceptor using | with priority BEFORE_DEFAULT 
May 07, 2025 4:36:10 PM org.atmosphere.cpr.AtmosphereFramework addAtmosphereHandler
INFO: Installed AtmosphereHandler com.vaadin.server.communication.PushAtmosphereHandler mapped to context-path: /*
May 07, 2025 4:36:10 PM org.atmosphere.cpr.AtmosphereFramework addAtmosphereHandler
INFO: Installed the following AtmosphereInterceptor mapped to AtmosphereHandler com.vaadin.server.communication.PushAtmosphereHandler
May 07, 2025 4:36:10 PM org.atmosphere.util.IOUtils readServiceFile
INFO: META-INF/services/org.atmosphere.cpr.AtmosphereFramework not found in class loader
May 07, 2025 4:36:10 PM org.atmosphere.cpr.AtmosphereFramework autoConfigureService
INFO: Atmosphere is using org.atmosphere.util.VoidAnnotationProcessor for processing annotation
May 07, 2025 4:36:10 PM org.atmosphere.cpr.AtmosphereFramework initWebSocket
INFO: Installed WebSocketProtocol org.atmosphere.websocket.protocol.SimpleHttpProtocol 
May 07, 2025 4:36:10 PM org.atmosphere.container.JSR356AsyncSupport <init>
INFO: JSR 356 Mapping path /{path}
May 07, 2025 4:36:10 PM org.atmosphere.cpr.AtmosphereFramework configureAtmosphereInterceptor
INFO: Installing Default AtmosphereInterceptors
May 07, 2025 4:36:10 PM org.atmosphere.cpr.AtmosphereFramework newAInterceptor
INFO: 	org.atmosphere.interceptor.CorsInterceptor : CORS Interceptor Support
May 07, 2025 4:36:10 PM org.atmosphere.cpr.AtmosphereFramework newAInterceptor
INFO: 	org.atmosphere.interceptor.CacheHeadersInterceptor : Default Response's Headers Interceptor
May 07, 2025 4:36:10 PM org.atmosphere.cpr.AtmosphereFramework newAInterceptor
INFO: 	org.atmosphere.interceptor.PaddingAtmosphereInterceptor : Browser Padding Interceptor Support
May 07, 2025 4:36:10 PM org.atmosphere.cpr.AtmosphereFramework newAInterceptor
INFO: 	org.atmosphere.interceptor.AndroidAtmosphereInterceptor : Android Interceptor Support
May 07, 2025 4:36:10 PM org.atmosphere.cpr.AtmosphereFramework configureAtmosphereInterceptor
INFO: Dropping Interceptor org.atmosphere.interceptor.HeartbeatInterceptor
May 07, 2025 4:36:10 PM org.atmosphere.cpr.AtmosphereFramework newAInterceptor
INFO: 	org.atmosphere.interceptor.SSEAtmosphereInterceptor : SSE Interceptor Support
May 07, 2025 4:36:10 PM org.atmosphere.cpr.AtmosphereFramework newAInterceptor
INFO: 	org.atmosphere.interceptor.JSONPAtmosphereInterceptor : JSONP Interceptor Support
May 07, 2025 4:36:10 PM org.atmosphere.cpr.AtmosphereFramework newAInterceptor
INFO: 	org.atmosphere.interceptor.JavaScriptProtocol : Atmosphere JavaScript Protocol
May 07, 2025 4:36:10 PM org.atmosphere.cpr.AtmosphereFramework newAInterceptor
INFO: 	org.atmosphere.interceptor.WebSocketMessageSuspendInterceptor : org.atmosphere.interceptor.WebSocketMessageSuspendInterceptor
May 07, 2025 4:36:10 PM org.atmosphere.cpr.AtmosphereFramework newAInterceptor
INFO: 	org.atmosphere.interceptor.OnDisconnectInterceptor : Browser disconnection detection
May 07, 2025 4:36:10 PM org.atmosphere.cpr.AtmosphereFramework newAInterceptor
INFO: 	org.atmosphere.interceptor.IdleResourceInterceptor : org.atmosphere.interceptor.IdleResourceInterceptor
May 07, 2025 4:36:10 PM org.atmosphere.cpr.AtmosphereFramework configureAtmosphereInterceptor
INFO: Set org.atmosphere.cpr.AtmosphereInterceptor.disableDefaults to disable them.
May 07, 2025 4:36:10 PM org.atmosphere.cpr.AtmosphereFramework info
INFO: Using EndpointMapper class org.atmosphere.util.DefaultEndpointMapper
May 07, 2025 4:36:10 PM org.atmosphere.cpr.AtmosphereFramework info
INFO: Using BroadcasterCache: org.atmosphere.cache.UUIDBroadcasterCache
May 07, 2025 4:36:10 PM org.atmosphere.cpr.AtmosphereFramework info
INFO: Default Broadcaster Class: org.atmosphere.cpr.DefaultBroadcaster
May 07, 2025 4:36:10 PM org.atmosphere.cpr.AtmosphereFramework info
INFO: Broadcaster Polling Wait Time 100
May 07, 2025 4:36:10 PM org.atmosphere.cpr.AtmosphereFramework info
INFO: Shared ExecutorService supported: true
May 07, 2025 4:36:10 PM org.atmosphere.cpr.AtmosphereFramework info
INFO: Messaging Thread Pool Size: Unlimited
May 07, 2025 4:36:10 PM org.atmosphere.cpr.AtmosphereFramework info
INFO: Async I/O Thread Pool Size: 200
May 07, 2025 4:36:10 PM org.atmosphere.cpr.AtmosphereFramework info
INFO: Using BroadcasterFactory: org.atmosphere.cpr.DefaultBroadcasterFactory
May 07, 2025 4:36:10 PM org.atmosphere.cpr.AtmosphereFramework info
INFO: Using WebSocketProcessor: org.atmosphere.websocket.DefaultWebSocketProcessor
May 07, 2025 4:36:10 PM org.atmosphere.cpr.AtmosphereFramework info
INFO: Invoke AtmosphereInterceptor on WebSocket message true
May 07, 2025 4:36:10 PM org.atmosphere.cpr.AtmosphereFramework info
INFO: HttpSession supported: true
May 07, 2025 4:36:10 PM org.atmosphere.cpr.AtmosphereFramework info
INFO: Atmosphere is using DefaultAtmosphereObjectFactory for dependency injection and object creation
May 07, 2025 4:36:10 PM org.atmosphere.cpr.AtmosphereFramework info
INFO: Atmosphere is using async support: org.atmosphere.container.JSR356AsyncSupport running under container: Apache Tomcat/10.1.39 using jakarta.servlet/3.0 and jsr356/WebSocket API
May 07, 2025 4:36:10 PM org.atmosphere.cpr.AtmosphereFramework info
INFO: Atmosphere Framework 2.2.13.vaadin1 started.
May 07, 2025 4:36:10 PM org.atmosphere.cpr.AtmosphereFramework interceptor
INFO: Installed AtmosphereInterceptor  Track Message Size Interceptor using | with priority BEFORE_DEFAULT 
07-May-2025 16:36:10.684 INFO [main] org.apache.catalina.startup.HostConfig.deployWAR Deployment of web application archive [/home/radu/TAK-Server/src/oidf-server/tomcat/webapps/oidc-client.war] has finished in [1,309] ms
07-May-2025 16:36:10.685 INFO [main] org.apache.catalina.startup.HostConfig.deployWAR Deploying web application archive [/home/radu/TAK-Server/src/oidf-server/tomcat/webapps/c2id-logout.war]
07-May-2025 16:36:10.850 INFO [main] org.apache.jasper.servlet.TldScanner.scanJars At least one JAR was scanned for TLDs yet contained no TLDs. Enable debug logging for this logger for a complete list of JARs that were scanned but no TLDs were found in them. Skipping unneeded JARs during scanning can improve startup time and JSP compilation time.
07-May-2025 16:36:10.861 INFO [main] org.apache.catalina.startup.HostConfig.deployWAR Deployment of web application archive [/home/radu/TAK-Server/src/oidf-server/tomcat/webapps/c2id-logout.war] has finished in [175] ms
07-May-2025 16:36:10.861 INFO [main] org.apache.catalina.startup.HostConfig.deployWAR Deploying web application archive [/home/radu/TAK-Server/src/oidf-server/tomcat/webapps/c2id.war]
07-May-2025 16:36:15.797 INFO [main] org.apache.jasper.servlet.TldScanner.scanJars At least one JAR was scanned for TLDs yet contained no TLDs. Enable debug logging for this logger for a complete list of JARs that were scanned but no TLDs were found in them. Skipping unneeded JARs during scanning can improve startup time and JSP compilation time.
SLF4J(W): No SLF4J providers were found.
SLF4J(W): Defaulting to no-operation (NOP) logger implementation
SLF4J(W): See https://www.slf4j.org/codes.html#noProviders for further details.
SLF4J(W): Class path contains SLF4J bindings targeting slf4j-api versions 1.7.x or earlier.
SLF4J(W): Ignoring binding found at [jar:file:/home/radu/TAK-Server/src/oidf-server/tomcat/webapps/c2id/WEB-INF/lib/log4j-slf4j-impl-2.24.2.jar!/org/slf4j/impl/StaticLoggerBinder.class]
SLF4J(W): See https://www.slf4j.org/codes.html#ignoredBindings for an explanation.
07-May-2025 16:36:21.175 WARNING [main] org.glassfish.jersey.message.internal.MessagingBinders$EnabledProvidersBinder.bindToBinder A class jakarta.activation.DataSource for a default provider MessageBodyWriter<jakarta.activation.DataSource> was not found. The provider is not available.
07-May-2025 16:36:21.195 WARNING [main] org.glassfish.jersey.server.wadl.WadlFeature.configure JAX-B API not found . WADL feature is disabled.
07-May-2025 16:36:21.274 WARNING [main] org.glassfish.jersey.internal.inject.Providers.checkProviderRuntime A provider com.nimbusds.openid.connect.provider.sts.STSEndpoint registered in SERVER runtime does not implement any provider interfaces applicable in the SERVER runtime. Due to constraint configuration problems the provider com.nimbusds.openid.connect.provider.sts.STSEndpoint will be ignored. 
07-May-2025 16:36:21.401 WARNING [main] org.glassfish.jersey.server.wadl.WadlFeature.configure JAX-B API not found . WADL feature is disabled.
07-May-2025 16:36:21.409 WARNING [main] org.glassfish.jersey.internal.inject.Providers.checkProviderRuntime A provider com.nimbusds.authzstore.rest.WebAPI registered in SERVER runtime does not implement any provider interfaces applicable in the SERVER runtime. Due to constraint configuration problems the provider com.nimbusds.authzstore.rest.WebAPI will be ignored. 
07-May-2025 16:36:21.473 WARNING [main] org.glassfish.jersey.server.wadl.WadlFeature.configure JAX-B API not found . WADL feature is disabled.
07-May-2025 16:36:21.476 WARNING [main] org.glassfish.jersey.internal.inject.Providers.checkProviderRuntime A provider com.nimbusds.openid.connect.provider.ciba.sessions.CIBASessionsEndpoint registered in SERVER runtime does not implement any provider interfaces applicable in the SERVER runtime. Due to constraint configuration problems the provider com.nimbusds.openid.connect.provider.ciba.sessions.CIBASessionsEndpoint will be ignored. 
07-May-2025 16:36:21.502 WARNING [main] org.glassfish.jersey.server.wadl.WadlFeature.configure JAX-B API not found . WADL feature is disabled.
07-May-2025 16:36:21.505 WARNING [main] org.glassfish.jersey.internal.inject.Providers.checkProviderRuntime A provider com.nimbusds.openid.connect.provider.checksession.CheckSessionBackendEndpoint registered in SERVER runtime does not implement any provider interfaces applicable in the SERVER runtime. Due to constraint configuration problems the provider com.nimbusds.openid.connect.provider.checksession.CheckSessionBackendEndpoint will be ignored. 
07-May-2025 16:36:21.536 WARNING [main] org.glassfish.jersey.server.wadl.WadlFeature.configure JAX-B API not found . WADL feature is disabled.
07-May-2025 16:36:21.591 WARNING [main] org.glassfish.jersey.server.wadl.WadlFeature.configure JAX-B API not found . WADL feature is disabled.
07-May-2025 16:36:21.599 WARNING [main] org.glassfish.jersey.internal.inject.Providers.checkProviderRuntime A provider com.nimbusds.sessionstore.rest.WebAPI registered in SERVER runtime does not implement any provider interfaces applicable in the SERVER runtime. Due to constraint configuration problems the provider com.nimbusds.sessionstore.rest.WebAPI will be ignored. 
07-May-2025 16:36:21.642 WARNING [main] org.glassfish.jersey.server.wadl.WadlFeature.configure JAX-B API not found . WADL feature is disabled.
07-May-2025 16:36:21.646 WARNING [main] org.glassfish.jersey.internal.inject.Providers.checkProviderRuntime A provider com.nimbusds.openid.connect.provider.authz.AuthorizationSessionEndpoint registered in SERVER runtime does not implement any provider interfaces applicable in the SERVER runtime. Due to constraint configuration problems the provider com.nimbusds.openid.connect.provider.authz.AuthorizationSessionEndpoint will be ignored. 
07-May-2025 16:36:21.674 WARNING [main] org.glassfish.jersey.server.wadl.WadlFeature.configure JAX-B API not found . WADL feature is disabled.
07-May-2025 16:36:21.676 WARNING [main] org.glassfish.jersey.internal.inject.Providers.checkProviderRuntime A provider com.nimbusds.openid.connect.provider.config.ConfigurationEndpoint registered in SERVER runtime does not implement any provider interfaces applicable in the SERVER runtime. Due to constraint configuration problems the provider com.nimbusds.openid.connect.provider.config.ConfigurationEndpoint will be ignored. 
07-May-2025 16:36:21.696 WARNING [main] org.glassfish.jersey.server.wadl.WadlFeature.configure JAX-B API not found . WADL feature is disabled.
07-May-2025 16:36:21.698 WARNING [main] org.glassfish.jersey.internal.inject.Providers.checkProviderRuntime A provider com.nimbusds.openid.connect.provider.authz.DirectAuthorizationEndpoint registered in SERVER runtime does not implement any provider interfaces applicable in the SERVER runtime. Due to constraint configuration problems the provider com.nimbusds.openid.connect.provider.authz.DirectAuthorizationEndpoint will be ignored. 
07-May-2025 16:36:21.717 WARNING [main] org.glassfish.jersey.server.wadl.WadlFeature.configure JAX-B API not found . WADL feature is disabled.
07-May-2025 16:36:21.720 WARNING [main] org.glassfish.jersey.internal.inject.Providers.checkProviderRuntime A provider com.nimbusds.openid.connect.provider.logout.endpoint.LogoutSessionEndpoint registered in SERVER runtime does not implement any provider interfaces applicable in the SERVER runtime. Due to constraint configuration problems the provider com.nimbusds.openid.connect.provider.logout.endpoint.LogoutSessionEndpoint will be ignored. 
07-May-2025 16:36:21.851 INFO [main] org.apache.catalina.startup.HostConfig.deployWAR Deployment of web application archive [/home/radu/TAK-Server/src/oidf-server/tomcat/webapps/c2id.war] has finished in [10,990] ms
07-May-2025 16:36:21.852 INFO [main] org.apache.catalina.startup.HostConfig.deployDirectory Deploying web application directory [/home/radu/TAK-Server/src/oidf-server/tomcat/webapps/manager]
07-May-2025 16:36:21.875 INFO [main] org.apache.catalina.startup.HostConfig.deployDirectory Deployment of web application directory [/home/radu/TAK-Server/src/oidf-server/tomcat/webapps/manager] has finished in [23] ms
07-May-2025 16:36:21.876 INFO [main] org.apache.catalina.startup.HostConfig.deployDirectory Deploying web application directory [/home/radu/TAK-Server/src/oidf-server/tomcat/webapps/ROOT]
07-May-2025 16:36:21.886 INFO [main] org.apache.catalina.startup.HostConfig.deployDirectory Deployment of web application directory [/home/radu/TAK-Server/src/oidf-server/tomcat/webapps/ROOT] has finished in [10] ms
07-May-2025 16:36:21.886 INFO [main] org.apache.catalina.startup.HostConfig.deployDirectory Deploying web application directory [/home/radu/TAK-Server/src/oidf-server/tomcat/webapps/host-manager]
07-May-2025 16:36:21.899 INFO [main] org.apache.catalina.startup.HostConfig.deployDirectory Deployment of web application directory [/home/radu/TAK-Server/src/oidf-server/tomcat/webapps/host-manager] has finished in [13] ms
07-May-2025 16:36:21.903 INFO [main] org.apache.coyote.AbstractProtocol.start Starting ProtocolHandler ["http-nio-8080"]
07-May-2025 16:36:21.912 INFO [main] org.apache.catalina.startup.Catalina.start Server startup in [23518] milliseconds
NOTE: Picked up JDK_JAVA_OPTIONS: -Dloader.path=WEB-INF/lib-provided,WEB-INF/lib,WEB-INF/classes,file:lib/ -Djava.net.preferIPv4Stack=true -Djava.security.egd=file:/dev/./urandom -DIGNITE_UPDATE_NOTIFIER=false -DIGNITE_QUIET=true -Dio.netty.tmpdir=/home/radu/TAK-Server/src/takserver-core/example -Djava.io.tmpdir=/home/radu/TAK-Server/src/takserver-core/example -Dio.netty.native.workdir=/home/radu/TAK-Server/src/takserver-core/example -Djdk.tls.client.protocols=TLSv1.2 --add-opens=java.base/sun.security.pkcs=ALL-UNNAMED --add-opens=java.base/sun.security.pkcs10=ALL-UNNAMED --add-opens=java.base/sun.security.util=ALL-UNNAMED --add-opens=java.base/sun.security.x509=ALL-UNNAMED --add-opens=java.base/sun.security.tools.keytool=ALL-UNNAMED --add-opens=java.base/jdk.internal.misc=ALL-UNNAMED --add-opens=java.base/sun.nio.ch=ALL-UNNAMED --add-opens=java.management/com.sun.jmx.mbeanserver=ALL-UNNAMED --add-opens=jdk.internal.jvmstat/sun.jvmstat.monitor=ALL-UNNAMED --add-opens=java.base/sun.reflect.generics.reflectiveObjects=ALL-UNNAMED --add-opens=jdk.management/com.sun.management.internal=ALL-UNNAMED --add-opens=java.base/java.io=ALL-UNNAMED --add-opens=java.base/java.nio=ALL-UNNAMED --add-opens=java.base/java.util=ALL-UNNAMED --add-opens=java.base/java.util.concurrent=ALL-UNNAMED --add-opens=java.base/java.util.concurrent.locks=ALL-UNNAMED --add-opens=java.base/java.util.concurrent.atomic=ALL-UNNAMED --add-opens=java.base/java.lang=ALL-UNNAMED --add-opens=java.base/java.lang.invoke=ALL-UNNAMED --add-opens=java.base/java.math=ALL-UNNAMED --add-opens=java.sql/java.sql=ALL-UNNAMED --add-opens=java.base/javax.net.ssl=ALL-UNNAMED --add-opens=java.base/java.net=ALL-UNNAMED --add-opens=jdk.unsupported/sun.misc=ALL-UNNAMED --add-opens=java.base/java.lang.ref=ALL-UNNAMED --add-opens=java.base/java.lang.reflect=ALL-UNNAMED --add-opens=java.base/java.security=ALL-UNNAMED --add-opens=java.base/java.security.ssl=ALL-UNNAMED --add-opens=java.base/java.security.cert=ALL-UNNAMED --add-opens=java.base/sun.security.rsa=ALL-UNNAMED --add-opens=java.base/sun.security.ssl=ALL-UNNAMED --add-opens=java.base/sun.security.x500=ALL-UNNAMED --add-opens=java.base/sun.security.pkcs12=ALL-UNNAMED --add-opens=java.base/sun.security.provider=ALL-UNNAMED --add-opens=java.base/javax.security.auth.x500=ALL-UNNAMED
WARNING: package java.security.ssl not in java.base
WARNING: package sun.security.x500 not in java.base
07-May-2025 16:41:27.134 INFO [main] org.apache.catalina.startup.VersionLoggerListener.log Server version name:   Apache Tomcat/10.1.39
07-May-2025 16:41:27.165 INFO [main] org.apache.catalina.startup.VersionLoggerListener.log Server built:          Mar 4 2025 19:02:32 UTC
07-May-2025 16:41:27.165 INFO [main] org.apache.catalina.startup.VersionLoggerListener.log Server version number: 10.1.39.0
07-May-2025 16:41:27.165 INFO [main] org.apache.catalina.startup.VersionLoggerListener.log OS Name:               Linux
07-May-2025 16:41:27.165 INFO [main] org.apache.catalina.startup.VersionLoggerListener.log OS Version:            6.8.0-59-generic
07-May-2025 16:41:27.165 INFO [main] org.apache.catalina.startup.VersionLoggerListener.log Architecture:          amd64
07-May-2025 16:41:27.165 INFO [main] org.apache.catalina.startup.VersionLoggerListener.log Java Home:             /usr/lib/jvm/java-17-openjdk-amd64
07-May-2025 16:41:27.175 INFO [main] org.apache.catalina.startup.VersionLoggerListener.log JVM Version:           17.0.15+6-Ubuntu-0ubuntu122.04
07-May-2025 16:41:27.175 INFO [main] org.apache.catalina.startup.VersionLoggerListener.log JVM Vendor:            Ubuntu
07-May-2025 16:41:27.175 INFO [main] org.apache.catalina.startup.VersionLoggerListener.log CATALINA_BASE:         /home/radu/TAK-Server/src/oidf-server/tomcat
07-May-2025 16:41:27.175 INFO [main] org.apache.catalina.startup.VersionLoggerListener.log CATALINA_HOME:         /home/radu/TAK-Server/src/oidf-server/tomcat
07-May-2025 16:41:27.182 INFO [main] org.apache.catalina.core.AprLifecycleListener.lifecycleEvent The Apache Tomcat Native library which allows using OpenSSL was not found on the java.library.path: [/home/radu/opt/lib::/usr/java/packages/lib:/usr/lib/x86_64-linux-gnu/jni:/lib/x86_64-linux-gnu:/usr/lib/x86_64-linux-gnu:/usr/lib/jni:/lib:/usr/lib]
07-May-2025 16:41:28.820 INFO [main] org.apache.coyote.AbstractProtocol.init Initializing ProtocolHandler ["http-nio-8080"]
07-May-2025 16:41:28.867 SEVERE [main] org.apache.catalina.util.LifecycleBase.handleSubClassException Failed to initialize component [Connector["http-nio-8080"]]
	org.apache.catalina.LifecycleException: Protocol handler initialization failed
		at org.apache.catalina.connector.Connector.initInternal(Connector.java:1051)
		at org.apache.catalina.util.LifecycleBase.init(LifecycleBase.java:122)
		at org.apache.catalina.core.StandardService.initInternal(StandardService.java:525)
		at org.apache.catalina.util.LifecycleBase.init(LifecycleBase.java:122)
		at org.apache.catalina.core.StandardServer.initInternal(StandardServer.java:957)
		at org.apache.catalina.util.LifecycleBase.init(LifecycleBase.java:122)
		at org.apache.catalina.startup.Catalina.load(Catalina.java:712)
		at org.apache.catalina.startup.Catalina.load(Catalina.java:735)
		at java.base/jdk.internal.reflect.NativeMethodAccessorImpl.invoke0(Native Method)
		at java.base/jdk.internal.reflect.NativeMethodAccessorImpl.invoke(NativeMethodAccessorImpl.java:77)
		at java.base/jdk.internal.reflect.DelegatingMethodAccessorImpl.invoke(DelegatingMethodAccessorImpl.java:43)
		at java.base/java.lang.reflect.Method.invoke(Method.java:569)
		at org.apache.catalina.startup.Bootstrap.load(Bootstrap.java:302)
		at org.apache.catalina.startup.Bootstrap.main(Bootstrap.java:472)
	Caused by: java.net.BindException: Address already in use
		at java.base/sun.nio.ch.Net.bind0(Native Method)
		at java.base/sun.nio.ch.Net.bind(Net.java:555)
		at java.base/sun.nio.ch.ServerSocketChannelImpl.netBind(ServerSocketChannelImpl.java:337)
		at java.base/sun.nio.ch.ServerSocketChannelImpl.bind(ServerSocketChannelImpl.java:294)
		at org.apache.tomcat.util.net.NioEndpoint.initServerSocket(NioEndpoint.java:239)
		at org.apache.tomcat.util.net.NioEndpoint.bind(NioEndpoint.java:194)
		at org.apache.tomcat.util.net.AbstractEndpoint.bindWithCleanup(AbstractEndpoint.java:1304)
		at org.apache.tomcat.util.net.AbstractEndpoint.init(AbstractEndpoint.java:1317)
		at org.apache.coyote.AbstractProtocol.init(AbstractProtocol.java:633)
		at org.apache.coyote.http11.AbstractHttp11Protocol.init(AbstractHttp11Protocol.java:82)
		at org.apache.catalina.connector.Connector.initInternal(Connector.java:1049)
		... 13 more
07-May-2025 16:41:28.868 INFO [main] org.apache.catalina.startup.Catalina.load Server initialization in [2485] milliseconds
07-May-2025 16:41:29.012 INFO [main] org.apache.catalina.core.StandardService.startInternal Starting service [Catalina]
07-May-2025 16:41:29.013 INFO [main] org.apache.catalina.core.StandardEngine.startInternal Starting Servlet engine: [Apache Tomcat/10.1.39]
07-May-2025 16:41:29.050 INFO [main] org.apache.catalina.startup.HostConfig.deployWAR Deploying web application archive [/home/radu/TAK-Server/src/oidf-server/tomcat/webapps/ldapauth.war]
07-May-2025 16:41:30.165 INFO [main] org.apache.jasper.servlet.TldScanner.scanJars At least one JAR was scanned for TLDs yet contained no TLDs. Enable debug logging for this logger for a complete list of JARs that were scanned but no TLDs were found in them. Skipping unneeded JARs during scanning can improve startup time and JSP compilation time.
16:41:31.500 [main] ERROR MAIN - Couldn't start sample directory server: An error occurred while attempting to start listener 'sample-ds':  BindException(Address already in use), ldapSDKVersion=6.0.11, revision=8b21d0a4c6eb8b5c3e60a96fc3e9e13b9c2f650f
07-May-2025 16:41:31.658 INFO [main] org.apache.catalina.startup.HostConfig.deployWAR Deployment of web application archive [/home/radu/TAK-Server/src/oidf-server/tomcat/webapps/ldapauth.war] has finished in [2,592] ms
07-May-2025 16:41:31.659 INFO [main] org.apache.catalina.startup.HostConfig.deployWAR Deploying web application archive [/home/radu/TAK-Server/src/oidf-server/tomcat/webapps/password-grant-handler.war]
07-May-2025 16:41:32.229 INFO [main] org.apache.jasper.servlet.TldScanner.scanJars At least one JAR was scanned for TLDs yet contained no TLDs. Enable debug logging for this logger for a complete list of JARs that were scanned but no TLDs were found in them. Skipping unneeded JARs during scanning can improve startup time and JSP compilation time.
07-May-2025 16:41:32.888 INFO [main] org.apache.catalina.startup.HostConfig.deployWAR Deployment of web application archive [/home/radu/TAK-Server/src/oidf-server/tomcat/webapps/password-grant-handler.war] has finished in [1,228] ms
07-May-2025 16:41:32.890 INFO [main] org.apache.catalina.startup.HostConfig.deployWAR Deploying web application archive [/home/radu/TAK-Server/src/oidf-server/tomcat/webapps/c2id-login.war]
07-May-2025 16:41:35.118 INFO [main] org.apache.jasper.servlet.TldScanner.scanJars At least one JAR was scanned for TLDs yet contained no TLDs. Enable debug logging for this logger for a complete list of JARs that were scanned but no TLDs were found in them. Skipping unneeded JARs during scanning can improve startup time and JSP compilation time.

                                  _   ___  _     _
                                 | | |__ \(_)   | |
   ___ ___  _ __  _ __   ___  ___| |_   ) )_  __| |
  / __/ _ \| '_ \| '_ \ / _ \/ __| __| / /| |/ _` |
 | (_| (_) | | | | | | |  __/ (__| |_ / /_| | (_| |
  \___\___/|_| |_|_| |_|\___|\___|\__|____|_|\__,_|  Login  (v3.4.5-migrated-1.0.9)

2025-05-07 16:41:37.723  INFO 73399 --- [           main] com.nimbusds.login.C2idLogin             : Starting C2idLogin v3.4.5-migrated-1.0.9 using Java 17.0.15 on lenss-10 with PID 73399 (/home/radu/TAK-Server/src/oidf-server/tomcat/webapps/c2id-login/WEB-INF/classes started by radu in /home/radu/TAK-Server/src/takserver-core/example)
2025-05-07 16:41:37.737  INFO 73399 --- [           main] com.nimbusds.login.C2idLogin             : The following profiles are active: prod
2025-05-07 16:41:41.955  INFO 73399 --- [           main] com.nimbusds.login.C2idLogin             : Started C2idLogin in 6.135 seconds (JVM running for 16.371)
07-May-2025 16:41:41.979 INFO [main] org.apache.catalina.startup.HostConfig.deployWAR Deployment of web application archive [/home/radu/TAK-Server/src/oidf-server/tomcat/webapps/c2id-login.war] has finished in [9,089] ms
07-May-2025 16:41:41.980 INFO [main] org.apache.catalina.startup.HostConfig.deployWAR Deploying web application archive [/home/radu/TAK-Server/src/oidf-server/tomcat/webapps/oidc-client.war]
May 07, 2025 4:41:42 PM org.apache.jasper.servlet.TldScanner scanJars
INFO: At least one JAR was scanned for TLDs yet contained no TLDs. Enable debug logging for this logger for a complete list of JARs that were scanned but no TLDs were found in them. Skipping unneeded JARs during scanning can improve startup time and JSP compilation time.
May 07, 2025 4:41:43 PM org.apache.catalina.core.ApplicationContext log
INFO: Initializing AtmosphereFramework
May 07, 2025 4:41:43 PM org.atmosphere.cpr.AtmosphereFramework addAtmosphereHandler
INFO: Installed AtmosphereHandler com.vaadin.server.communication.PushAtmosphereHandler mapped to context-path: /*
May 07, 2025 4:41:43 PM org.atmosphere.cpr.AtmosphereFramework addAtmosphereHandler
INFO: Installed the following AtmosphereInterceptor mapped to AtmosphereHandler com.vaadin.server.communication.PushAtmosphereHandler
May 07, 2025 4:41:43 PM org.atmosphere.util.IOUtils readServiceFile
INFO: META-INF/services/org.atmosphere.cpr.AtmosphereFramework not found in class loader
May 07, 2025 4:41:43 PM org.atmosphere.cpr.AtmosphereFramework autoConfigureService
INFO: Atmosphere is using org.atmosphere.util.VoidAnnotationProcessor for processing annotation
May 07, 2025 4:41:43 PM org.atmosphere.cpr.AtmosphereFramework initWebSocket
INFO: Installed WebSocketProtocol org.atmosphere.websocket.protocol.SimpleHttpProtocol 
May 07, 2025 4:41:43 PM org.atmosphere.container.JSR356AsyncSupport <init>
INFO: JSR 356 Mapping path /cb
May 07, 2025 4:41:43 PM org.atmosphere.cpr.AtmosphereFramework configureAtmosphereInterceptor
INFO: Installing Default AtmosphereInterceptors
May 07, 2025 4:41:43 PM org.atmosphere.cpr.AtmosphereFramework newAInterceptor
INFO: 	org.atmosphere.interceptor.CorsInterceptor : CORS Interceptor Support
May 07, 2025 4:41:43 PM org.atmosphere.cpr.AtmosphereFramework newAInterceptor
INFO: 	org.atmosphere.interceptor.CacheHeadersInterceptor : Default Response's Headers Interceptor
May 07, 2025 4:41:43 PM org.atmosphere.cpr.AtmosphereFramework newAInterceptor
INFO: 	org.atmosphere.interceptor.PaddingAtmosphereInterceptor : Browser Padding Interceptor Support
May 07, 2025 4:41:43 PM org.atmosphere.cpr.AtmosphereFramework newAInterceptor
INFO: 	org.atmosphere.interceptor.AndroidAtmosphereInterceptor : Android Interceptor Support
May 07, 2025 4:41:43 PM org.atmosphere.cpr.AtmosphereFramework configureAtmosphereInterceptor
INFO: Dropping Interceptor org.atmosphere.interceptor.HeartbeatInterceptor
May 07, 2025 4:41:43 PM org.atmosphere.cpr.AtmosphereFramework newAInterceptor
INFO: 	org.atmosphere.interceptor.SSEAtmosphereInterceptor : SSE Interceptor Support
May 07, 2025 4:41:43 PM org.atmosphere.cpr.AtmosphereFramework newAInterceptor
INFO: 	org.atmosphere.interceptor.JSONPAtmosphereInterceptor : JSONP Interceptor Support
May 07, 2025 4:41:43 PM org.atmosphere.cpr.AtmosphereFramework newAInterceptor
INFO: 	org.atmosphere.interceptor.JavaScriptProtocol : Atmosphere JavaScript Protocol
May 07, 2025 4:41:43 PM org.atmosphere.cpr.AtmosphereFramework newAInterceptor
INFO: 	org.atmosphere.interceptor.WebSocketMessageSuspendInterceptor : org.atmosphere.interceptor.WebSocketMessageSuspendInterceptor
May 07, 2025 4:41:43 PM org.atmosphere.cpr.AtmosphereFramework newAInterceptor
INFO: 	org.atmosphere.interceptor.OnDisconnectInterceptor : Browser disconnection detection
May 07, 2025 4:41:43 PM org.atmosphere.cpr.AtmosphereFramework newAInterceptor
INFO: 	org.atmosphere.interceptor.IdleResourceInterceptor : org.atmosphere.interceptor.IdleResourceInterceptor
May 07, 2025 4:41:43 PM org.atmosphere.cpr.AtmosphereFramework configureAtmosphereInterceptor
INFO: Set org.atmosphere.cpr.AtmosphereInterceptor.disableDefaults to disable them.
May 07, 2025 4:41:43 PM org.atmosphere.cpr.AtmosphereFramework info
INFO: Using EndpointMapper class org.atmosphere.util.DefaultEndpointMapper
May 07, 2025 4:41:43 PM org.atmosphere.cpr.AtmosphereFramework info
INFO: Using BroadcasterCache: org.atmosphere.cache.UUIDBroadcasterCache
May 07, 2025 4:41:43 PM org.atmosphere.cpr.AtmosphereFramework info
INFO: Default Broadcaster Class: org.atmosphere.cpr.DefaultBroadcaster
May 07, 2025 4:41:43 PM org.atmosphere.cpr.AtmosphereFramework info
INFO: Broadcaster Polling Wait Time 100
May 07, 2025 4:41:43 PM org.atmosphere.cpr.AtmosphereFramework info
INFO: Shared ExecutorService supported: true
May 07, 2025 4:41:43 PM org.atmosphere.cpr.AtmosphereFramework info
INFO: Messaging Thread Pool Size: Unlimited
May 07, 2025 4:41:43 PM org.atmosphere.cpr.AtmosphereFramework info
INFO: Async I/O Thread Pool Size: 200
May 07, 2025 4:41:43 PM org.atmosphere.cpr.AtmosphereFramework info
INFO: Using BroadcasterFactory: org.atmosphere.cpr.DefaultBroadcasterFactory
May 07, 2025 4:41:43 PM org.atmosphere.cpr.AtmosphereFramework info
INFO: Using WebSocketProcessor: org.atmosphere.websocket.DefaultWebSocketProcessor
May 07, 2025 4:41:43 PM org.atmosphere.cpr.AtmosphereFramework info
INFO: Invoke AtmosphereInterceptor on WebSocket message true
May 07, 2025 4:41:43 PM org.atmosphere.cpr.AtmosphereFramework info
INFO: HttpSession supported: true
May 07, 2025 4:41:43 PM org.atmosphere.cpr.AtmosphereFramework info
INFO: Atmosphere is using DefaultAtmosphereObjectFactory for dependency injection and object creation
May 07, 2025 4:41:43 PM org.atmosphere.cpr.AtmosphereFramework info
INFO: Atmosphere is using async support: org.atmosphere.container.JSR356AsyncSupport running under container: Apache Tomcat/10.1.39 using jakarta.servlet/3.0 and jsr356/WebSocket API
May 07, 2025 4:41:43 PM org.atmosphere.cpr.AtmosphereFramework info
INFO: Atmosphere Framework 2.2.13.vaadin1 started.
May 07, 2025 4:41:43 PM org.atmosphere.cpr.AtmosphereFramework interceptor
INFO: Installed AtmosphereInterceptor  Track Message Size Interceptor using | with priority BEFORE_DEFAULT 
May 07, 2025 4:41:43 PM org.atmosphere.cpr.AtmosphereFramework addAtmosphereHandler
INFO: Installed AtmosphereHandler com.vaadin.server.communication.PushAtmosphereHandler mapped to context-path: /*
May 07, 2025 4:41:43 PM org.atmosphere.cpr.AtmosphereFramework addAtmosphereHandler
INFO: Installed the following AtmosphereInterceptor mapped to AtmosphereHandler com.vaadin.server.communication.PushAtmosphereHandler
May 07, 2025 4:41:43 PM org.atmosphere.util.IOUtils readServiceFile
INFO: META-INF/services/org.atmosphere.cpr.AtmosphereFramework not found in class loader
May 07, 2025 4:41:43 PM org.atmosphere.cpr.AtmosphereFramework autoConfigureService
INFO: Atmosphere is using org.atmosphere.util.VoidAnnotationProcessor for processing annotation
May 07, 2025 4:41:43 PM org.atmosphere.cpr.AtmosphereFramework initWebSocket
INFO: Installed WebSocketProtocol org.atmosphere.websocket.protocol.SimpleHttpProtocol 
May 07, 2025 4:41:43 PM org.atmosphere.container.JSR356AsyncSupport <init>
INFO: JSR 356 Mapping path /{path}
May 07, 2025 4:41:43 PM org.atmosphere.cpr.AtmosphereFramework configureAtmosphereInterceptor
INFO: Installing Default AtmosphereInterceptors
May 07, 2025 4:41:43 PM org.atmosphere.cpr.AtmosphereFramework newAInterceptor
INFO: 	org.atmosphere.interceptor.CorsInterceptor : CORS Interceptor Support
May 07, 2025 4:41:43 PM org.atmosphere.cpr.AtmosphereFramework newAInterceptor
INFO: 	org.atmosphere.interceptor.CacheHeadersInterceptor : Default Response's Headers Interceptor
May 07, 2025 4:41:43 PM org.atmosphere.cpr.AtmosphereFramework newAInterceptor
INFO: 	org.atmosphere.interceptor.PaddingAtmosphereInterceptor : Browser Padding Interceptor Support
May 07, 2025 4:41:43 PM org.atmosphere.cpr.AtmosphereFramework newAInterceptor
INFO: 	org.atmosphere.interceptor.AndroidAtmosphereInterceptor : Android Interceptor Support
May 07, 2025 4:41:43 PM org.atmosphere.cpr.AtmosphereFramework configureAtmosphereInterceptor
INFO: Dropping Interceptor org.atmosphere.interceptor.HeartbeatInterceptor
May 07, 2025 4:41:43 PM org.atmosphere.cpr.AtmosphereFramework newAInterceptor
INFO: 	org.atmosphere.interceptor.SSEAtmosphereInterceptor : SSE Interceptor Support
May 07, 2025 4:41:43 PM org.atmosphere.cpr.AtmosphereFramework newAInterceptor
INFO: 	org.atmosphere.interceptor.JSONPAtmosphereInterceptor : JSONP Interceptor Support
May 07, 2025 4:41:43 PM org.atmosphere.cpr.AtmosphereFramework newAInterceptor
INFO: 	org.atmosphere.interceptor.JavaScriptProtocol : Atmosphere JavaScript Protocol
May 07, 2025 4:41:43 PM org.atmosphere.cpr.AtmosphereFramework newAInterceptor
INFO: 	org.atmosphere.interceptor.WebSocketMessageSuspendInterceptor : org.atmosphere.interceptor.WebSocketMessageSuspendInterceptor
May 07, 2025 4:41:43 PM org.atmosphere.cpr.AtmosphereFramework newAInterceptor
INFO: 	org.atmosphere.interceptor.OnDisconnectInterceptor : Browser disconnection detection
May 07, 2025 4:41:43 PM org.atmosphere.cpr.AtmosphereFramework newAInterceptor
INFO: 	org.atmosphere.interceptor.IdleResourceInterceptor : org.atmosphere.interceptor.IdleResourceInterceptor
May 07, 2025 4:41:43 PM org.atmosphere.cpr.AtmosphereFramework configureAtmosphereInterceptor
INFO: Set org.atmosphere.cpr.AtmosphereInterceptor.disableDefaults to disable them.
May 07, 2025 4:41:43 PM org.atmosphere.cpr.AtmosphereFramework info
INFO: Using EndpointMapper class org.atmosphere.util.DefaultEndpointMapper
May 07, 2025 4:41:43 PM org.atmosphere.cpr.AtmosphereFramework info
INFO: Using BroadcasterCache: org.atmosphere.cache.UUIDBroadcasterCache
May 07, 2025 4:41:43 PM org.atmosphere.cpr.AtmosphereFramework info
INFO: Default Broadcaster Class: org.atmosphere.cpr.DefaultBroadcaster
May 07, 2025 4:41:43 PM org.atmosphere.cpr.AtmosphereFramework info
INFO: Broadcaster Polling Wait Time 100
May 07, 2025 4:41:43 PM org.atmosphere.cpr.AtmosphereFramework info
INFO: Shared ExecutorService supported: true
May 07, 2025 4:41:43 PM org.atmosphere.cpr.AtmosphereFramework info
INFO: Messaging Thread Pool Size: Unlimited
May 07, 2025 4:41:43 PM org.atmosphere.cpr.AtmosphereFramework info
INFO: Async I/O Thread Pool Size: 200
May 07, 2025 4:41:43 PM org.atmosphere.cpr.AtmosphereFramework info
INFO: Using BroadcasterFactory: org.atmosphere.cpr.DefaultBroadcasterFactory
May 07, 2025 4:41:43 PM org.atmosphere.cpr.AtmosphereFramework info
INFO: Using WebSocketProcessor: org.atmosphere.websocket.DefaultWebSocketProcessor
May 07, 2025 4:41:43 PM org.atmosphere.cpr.AtmosphereFramework info
INFO: Invoke AtmosphereInterceptor on WebSocket message true
May 07, 2025 4:41:43 PM org.atmosphere.cpr.AtmosphereFramework info
INFO: HttpSession supported: true
May 07, 2025 4:41:43 PM org.atmosphere.cpr.AtmosphereFramework info
INFO: Atmosphere is using DefaultAtmosphereObjectFactory for dependency injection and object creation
May 07, 2025 4:41:43 PM org.atmosphere.cpr.AtmosphereFramework info
INFO: Atmosphere is using async support: org.atmosphere.container.JSR356AsyncSupport running under container: Apache Tomcat/10.1.39 using jakarta.servlet/3.0 and jsr356/WebSocket API
May 07, 2025 4:41:43 PM org.atmosphere.cpr.AtmosphereFramework info
INFO: Atmosphere Framework 2.2.13.vaadin1 started.
May 07, 2025 4:41:43 PM org.atmosphere.cpr.AtmosphereFramework interceptor
INFO: Installed AtmosphereInterceptor  Track Message Size Interceptor using | with priority BEFORE_DEFAULT 
07-May-2025 16:41:43.894 INFO [main] org.apache.catalina.startup.HostConfig.deployWAR Deployment of web application archive [/home/radu/TAK-Server/src/oidf-server/tomcat/webapps/oidc-client.war] has finished in [1,914] ms
07-May-2025 16:41:43.895 INFO [main] org.apache.catalina.startup.HostConfig.deployWAR Deploying web application archive [/home/radu/TAK-Server/src/oidf-server/tomcat/webapps/c2id-logout.war]
07-May-2025 16:41:44.091 INFO [main] org.apache.jasper.servlet.TldScanner.scanJars At least one JAR was scanned for TLDs yet contained no TLDs. Enable debug logging for this logger for a complete list of JARs that were scanned but no TLDs were found in them. Skipping unneeded JARs during scanning can improve startup time and JSP compilation time.
07-May-2025 16:41:44.101 INFO [main] org.apache.catalina.startup.HostConfig.deployWAR Deployment of web application archive [/home/radu/TAK-Server/src/oidf-server/tomcat/webapps/c2id-logout.war] has finished in [205] ms
07-May-2025 16:41:44.101 INFO [main] org.apache.catalina.startup.HostConfig.deployWAR Deploying web application archive [/home/radu/TAK-Server/src/oidf-server/tomcat/webapps/c2id.war]
07-May-2025 16:41:49.032 INFO [main] org.apache.jasper.servlet.TldScanner.scanJars At least one JAR was scanned for TLDs yet contained no TLDs. Enable debug logging for this logger for a complete list of JARs that were scanned but no TLDs were found in them. Skipping unneeded JARs during scanning can improve startup time and JSP compilation time.
SLF4J(W): No SLF4J providers were found.
SLF4J(W): Defaulting to no-operation (NOP) logger implementation
SLF4J(W): See https://www.slf4j.org/codes.html#noProviders for further details.
SLF4J(W): Class path contains SLF4J bindings targeting slf4j-api versions 1.7.x or earlier.
SLF4J(W): Ignoring binding found at [jar:file:/home/radu/TAK-Server/src/oidf-server/tomcat/webapps/c2id/WEB-INF/lib/log4j-slf4j-impl-2.24.2.jar!/org/slf4j/impl/StaticLoggerBinder.class]
SLF4J(W): See https://www.slf4j.org/codes.html#ignoredBindings for an explanation.
07-May-2025 16:41:52.491 SEVERE [main] org.apache.catalina.core.StandardContext.startInternal One or more listeners failed to start. Full details will be found in the appropriate container log file
07-May-2025 16:41:52.492 SEVERE [main] org.apache.catalina.core.StandardContext.startInternal Context [/c2id] startup failed due to previous errors
16:41:52.561 [main] ERROR MAIN - [CM8017] Infinispan cache manager not initialised
07-May-2025 16:41:52.566 WARNING [main] org.apache.catalina.loader.WebappClassLoaderBase.clearReferencesThreads The web application [c2id] appears to have started a thread named [RxCachedWorkerPoolEvictor-1] but has failed to stop it. This is very likely to create a memory leak. Stack trace of thread:
 java.base@17.0.15/jdk.internal.misc.Unsafe.park(Native Method)
 java.base@17.0.15/java.util.concurrent.locks.LockSupport.parkNanos(LockSupport.java:252)
 java.base@17.0.15/java.util.concurrent.locks.AbstractQueuedSynchronizer$ConditionObject.awaitNanos(AbstractQueuedSynchronizer.java:1679)
 java.base@17.0.15/java.util.concurrent.ScheduledThreadPoolExecutor$DelayedWorkQueue.take(ScheduledThreadPoolExecutor.java:1182)
 java.base@17.0.15/java.util.concurrent.ScheduledThreadPoolExecutor$DelayedWorkQueue.take(ScheduledThreadPoolExecutor.java:899)
 java.base@17.0.15/java.util.concurrent.ThreadPoolExecutor.getTask(ThreadPoolExecutor.java:1062)
 java.base@17.0.15/java.util.concurrent.ThreadPoolExecutor.runWorker(ThreadPoolExecutor.java:1122)
 java.base@17.0.15/java.util.concurrent.ThreadPoolExecutor$Worker.run(ThreadPoolExecutor.java:635)
 java.base@17.0.15/java.lang.Thread.run(Thread.java:840)
07-May-2025 16:41:52.581 INFO [main] org.apache.catalina.startup.HostConfig.deployWAR Deployment of web application archive [/home/radu/TAK-Server/src/oidf-server/tomcat/webapps/c2id.war] has finished in [8,480] ms
07-May-2025 16:41:52.582 INFO [main] org.apache.catalina.startup.HostConfig.deployDirectory Deploying web application directory [/home/radu/TAK-Server/src/oidf-server/tomcat/webapps/manager]
07-May-2025 16:41:52.627 INFO [main] org.apache.catalina.startup.HostConfig.deployDirectory Deployment of web application directory [/home/radu/TAK-Server/src/oidf-server/tomcat/webapps/manager] has finished in [45] ms
07-May-2025 16:41:52.627 INFO [main] org.apache.catalina.startup.HostConfig.deployDirectory Deploying web application directory [/home/radu/TAK-Server/src/oidf-server/tomcat/webapps/ROOT]
07-May-2025 16:41:52.640 INFO [main] org.apache.catalina.startup.HostConfig.deployDirectory Deployment of web application directory [/home/radu/TAK-Server/src/oidf-server/tomcat/webapps/ROOT] has finished in [13] ms
07-May-2025 16:41:52.640 INFO [main] org.apache.catalina.startup.HostConfig.deployDirectory Deploying web application directory [/home/radu/TAK-Server/src/oidf-server/tomcat/webapps/host-manager]
07-May-2025 16:41:52.657 INFO [main] org.apache.catalina.startup.HostConfig.deployDirectory Deployment of web application directory [/home/radu/TAK-Server/src/oidf-server/tomcat/webapps/host-manager] has finished in [17] ms
07-May-2025 16:41:52.668 INFO [main] org.apache.catalina.startup.Catalina.start Server startup in [23798] milliseconds
07-May-2025 16:41:52.672 SEVERE [main] org.apache.catalina.core.StandardServer.await Failed to create server shutdown socket on address [localhost] and port [8005] (base port [8005] and offset [0])
	java.net.BindException: Address already in use
		at java.base/sun.nio.ch.Net.bind0(Native Method)
		at java.base/sun.nio.ch.Net.bind(Net.java:555)
		at java.base/sun.nio.ch.Net.bind(Net.java:544)
		at java.base/sun.nio.ch.NioSocketImpl.bind(NioSocketImpl.java:648)
		at java.base/java.net.ServerSocket.bind(ServerSocket.java:388)
		at java.base/java.net.ServerSocket.<init>(ServerSocket.java:274)
		at org.apache.catalina.core.StandardServer.await(StandardServer.java:533)
		at org.apache.catalina.startup.Catalina.await(Catalina.java:851)
		at org.apache.catalina.startup.Catalina.start(Catalina.java:799)
		at java.base/jdk.internal.reflect.NativeMethodAccessorImpl.invoke0(Native Method)
		at java.base/jdk.internal.reflect.NativeMethodAccessorImpl.invoke(NativeMethodAccessorImpl.java:77)
		at java.base/jdk.internal.reflect.DelegatingMethodAccessorImpl.invoke(DelegatingMethodAccessorImpl.java:43)
		at java.base/java.lang.reflect.Method.invoke(Method.java:569)
		at org.apache.catalina.startup.Bootstrap.start(Bootstrap.java:345)
		at org.apache.catalina.startup.Bootstrap.main(Bootstrap.java:473)
07-May-2025 16:41:52.674 INFO [main] org.apache.coyote.AbstractProtocol.pause Pausing ProtocolHandler ["http-nio-8080"]
07-May-2025 16:41:52.674 INFO [main] org.apache.catalina.core.StandardService.stopInternal Stopping service [Catalina]
07-May-2025 16:41:52.721 INFO [main] org.apache.coyote.AbstractProtocol.stop Stopping ProtocolHandler ["http-nio-8080"]
07-May-2025 16:41:52.722 INFO [main] org.apache.coyote.AbstractProtocol.destroy Destroying ProtocolHandler ["http-nio-8080"]
07-May-2025 16:42:54.551 INFO [main] org.apache.catalina.core.StandardServer.await A valid shutdown command was received via the shutdown port. Stopping the Server instance.
07-May-2025 16:42:54.551 INFO [main] org.apache.coyote.AbstractProtocol.pause Pausing ProtocolHandler ["http-nio-8080"]
07-May-2025 16:42:54.553 INFO [main] org.apache.catalina.core.StandardService.stopInternal Stopping service [Catalina]
[CM8005] Stopping Infinispan...
[CM8015] Stopped Infinispan cache clients.remoteRequestJWTClaimsCache in 3 ms
[CM8015] Stopped Infinispan cache op.loginHintTokenMap in 5 ms
[CM8015] Stopped Infinispan cache op.dPoPJTICache in 6 ms
[CM8015] Stopped Infinispan cache keyStore.jwkSetMap in 270 ms
[CM8015] Stopped Infinispan cache sessionStore.sessionMap in 279 ms
[CM8015] Stopped Infinispan cache federation.registrationsMap in 280 ms
[CM8015] Stopped Infinispan cache op.authSessionMap in 280 ms
[CM8015] Stopped Infinispan cache authzStore.revocationJournalMap in 280 ms
[CM8015] Stopped Infinispan cache clients.registrationsMap in 281 ms
[CM8015] Stopped Infinispan cache authzStore.expendedTokenMap in 281 ms
[CM8015] Stopped Infinispan cache clients.remoteJWKSetCache in 281 ms
[CM8015] Stopped Infinispan cache authzStore.codeMap in 282 ms
[CM8015] Stopped Infinispan cache authzStore.longLivedAuthzMap in 282 ms
[CM8015] Stopped Infinispan cache keyStore.jwkSetHistoryMap in 282 ms
[CM8015] Stopped Infinispan cache authzStore.idAccessTokenMap in 283 ms
[CM8015] Stopped Infinispan cache op.consentSessionMap in 283 ms
[CM8015] Stopped Infinispan cache sessionStore.subjectMap in 284 ms
[CM8015] Stopped Infinispan cache org.infinispan.CONFIG in 284 ms
07-May-2025 16:42:54.924 WARNING [main] org.apache.catalina.loader.WebappClassLoaderBase.clearReferencesThreads The web application [c2id] appears to have started a thread named [RxCachedWorkerPoolEvictor-1] but has failed to stop it. This is very likely to create a memory leak. Stack trace of thread:
 java.base@17.0.15/jdk.internal.misc.Unsafe.park(Native Method)
 java.base@17.0.15/java.util.concurrent.locks.LockSupport.parkNanos(LockSupport.java:252)
 java.base@17.0.15/java.util.concurrent.locks.AbstractQueuedSynchronizer$ConditionObject.awaitNanos(AbstractQueuedSynchronizer.java:1679)
 java.base@17.0.15/java.util.concurrent.ScheduledThreadPoolExecutor$DelayedWorkQueue.take(ScheduledThreadPoolExecutor.java:1182)
 java.base@17.0.15/java.util.concurrent.ScheduledThreadPoolExecutor$DelayedWorkQueue.take(ScheduledThreadPoolExecutor.java:899)
 java.base@17.0.15/java.util.concurrent.ThreadPoolExecutor.getTask(ThreadPoolExecutor.java:1062)
 java.base@17.0.15/java.util.concurrent.ThreadPoolExecutor.runWorker(ThreadPoolExecutor.java:1122)
 java.base@17.0.15/java.util.concurrent.ThreadPoolExecutor$Worker.run(ThreadPoolExecutor.java:635)
 java.base@17.0.15/java.lang.Thread.run(Thread.java:840)
07-May-2025 16:42:54.924 WARNING [main] org.apache.catalina.loader.WebappClassLoaderBase.clearReferencesThreads The web application [c2id] appears to have started a thread named [HttpClient-1-SelectorManager] but has failed to stop it. This is very likely to create a memory leak. Stack trace of thread:
 java.base@17.0.15/sun.nio.ch.EPoll.wait(Native Method)
 java.base@17.0.15/sun.nio.ch.EPollSelectorImpl.doSelect(EPollSelectorImpl.java:118)
 java.base@17.0.15/sun.nio.ch.SelectorImpl.lockAndDoSelect(SelectorImpl.java:129)
 java.base@17.0.15/sun.nio.ch.SelectorImpl.select(SelectorImpl.java:141)
 platform/java.net.http@17.0.15/jdk.internal.net.http.HttpClientImpl$SelectorManager.run(HttpClientImpl.java:894)
07-May-2025 16:42:54.945 INFO [main] org.apache.coyote.AbstractProtocol.stop Stopping ProtocolHandler ["http-nio-8080"]
07-May-2025 16:42:54.949 INFO [main] org.apache.coyote.AbstractProtocol.destroy Destroying ProtocolHandler ["http-nio-8080"]
NOTE: Picked up JDK_JAVA_OPTIONS: -Dloader.path=WEB-INF/lib-provided,WEB-INF/lib,WEB-INF/classes,file:lib/ -Djava.net.preferIPv4Stack=true -Djava.security.egd=file:/dev/./urandom -DIGNITE_UPDATE_NOTIFIER=false -DIGNITE_QUIET=true -Dio.netty.tmpdir=/home/radu/TAK-Server/src/takserver-core/example -Djava.io.tmpdir=/home/radu/TAK-Server/src/takserver-core/example -Dio.netty.native.workdir=/home/radu/TAK-Server/src/takserver-core/example -Djdk.tls.client.protocols=TLSv1.2 --add-opens=java.base/sun.security.pkcs=ALL-UNNAMED --add-opens=java.base/sun.security.pkcs10=ALL-UNNAMED --add-opens=java.base/sun.security.util=ALL-UNNAMED --add-opens=java.base/sun.security.x509=ALL-UNNAMED --add-opens=java.base/sun.security.tools.keytool=ALL-UNNAMED --add-opens=java.base/jdk.internal.misc=ALL-UNNAMED --add-opens=java.base/sun.nio.ch=ALL-UNNAMED --add-opens=java.management/com.sun.jmx.mbeanserver=ALL-UNNAMED --add-opens=jdk.internal.jvmstat/sun.jvmstat.monitor=ALL-UNNAMED --add-opens=java.base/sun.reflect.generics.reflectiveObjects=ALL-UNNAMED --add-opens=jdk.management/com.sun.management.internal=ALL-UNNAMED --add-opens=java.base/java.io=ALL-UNNAMED --add-opens=java.base/java.nio=ALL-UNNAMED --add-opens=java.base/java.util=ALL-UNNAMED --add-opens=java.base/java.util.concurrent=ALL-UNNAMED --add-opens=java.base/java.util.concurrent.locks=ALL-UNNAMED --add-opens=java.base/java.util.concurrent.atomic=ALL-UNNAMED --add-opens=java.base/java.lang=ALL-UNNAMED --add-opens=java.base/java.lang.invoke=ALL-UNNAMED --add-opens=java.base/java.math=ALL-UNNAMED --add-opens=java.sql/java.sql=ALL-UNNAMED --add-opens=java.base/javax.net.ssl=ALL-UNNAMED --add-opens=java.base/java.net=ALL-UNNAMED --add-opens=jdk.unsupported/sun.misc=ALL-UNNAMED --add-opens=java.base/java.lang.ref=ALL-UNNAMED --add-opens=java.base/java.lang.reflect=ALL-UNNAMED --add-opens=java.base/java.security=ALL-UNNAMED --add-opens=java.base/java.security.ssl=ALL-UNNAMED --add-opens=java.base/java.security.cert=ALL-UNNAMED --add-opens=java.base/sun.security.rsa=ALL-UNNAMED --add-opens=java.base/sun.security.ssl=ALL-UNNAMED --add-opens=java.base/sun.security.x500=ALL-UNNAMED --add-opens=java.base/sun.security.pkcs12=ALL-UNNAMED --add-opens=java.base/sun.security.provider=ALL-UNNAMED --add-opens=java.base/javax.security.auth.x500=ALL-UNNAMED
WARNING: package java.security.ssl not in java.base
WARNING: package sun.security.x500 not in java.base
07-May-2025 16:45:11.142 INFO [main] org.apache.catalina.startup.VersionLoggerListener.log Server version name:   Apache Tomcat/10.1.39
07-May-2025 16:45:11.160 INFO [main] org.apache.catalina.startup.VersionLoggerListener.log Server built:          Mar 4 2025 19:02:32 UTC
07-May-2025 16:45:11.160 INFO [main] org.apache.catalina.startup.VersionLoggerListener.log Server version number: 10.1.39.0
07-May-2025 16:45:11.160 INFO [main] org.apache.catalina.startup.VersionLoggerListener.log OS Name:               Linux
07-May-2025 16:45:11.160 INFO [main] org.apache.catalina.startup.VersionLoggerListener.log OS Version:            6.8.0-59-generic
07-May-2025 16:45:11.160 INFO [main] org.apache.catalina.startup.VersionLoggerListener.log Architecture:          amd64
07-May-2025 16:45:11.160 INFO [main] org.apache.catalina.startup.VersionLoggerListener.log Java Home:             /usr/lib/jvm/java-17-openjdk-amd64
07-May-2025 16:45:11.160 INFO [main] org.apache.catalina.startup.VersionLoggerListener.log JVM Version:           17.0.15+6-Ubuntu-0ubuntu122.04
07-May-2025 16:45:11.160 INFO [main] org.apache.catalina.startup.VersionLoggerListener.log JVM Vendor:            Ubuntu
07-May-2025 16:45:11.161 INFO [main] org.apache.catalina.startup.VersionLoggerListener.log CATALINA_BASE:         /home/radu/TAK-Server/src/oidf-server/tomcat
07-May-2025 16:45:11.161 INFO [main] org.apache.catalina.startup.VersionLoggerListener.log CATALINA_HOME:         /home/radu/TAK-Server/src/oidf-server/tomcat
07-May-2025 16:45:11.172 INFO [main] org.apache.catalina.core.AprLifecycleListener.lifecycleEvent The Apache Tomcat Native library which allows using OpenSSL was not found on the java.library.path: [/home/radu/opt/lib::/usr/java/packages/lib:/usr/lib/x86_64-linux-gnu/jni:/lib/x86_64-linux-gnu:/usr/lib/x86_64-linux-gnu:/usr/lib/jni:/lib:/usr/lib]
07-May-2025 16:45:12.298 INFO [main] org.apache.coyote.AbstractProtocol.init Initializing ProtocolHandler ["http-nio-8080"]
07-May-2025 16:45:12.358 INFO [main] org.apache.catalina.startup.Catalina.load Server initialization in [1853] milliseconds
07-May-2025 16:45:12.455 INFO [main] org.apache.catalina.core.StandardService.startInternal Starting service [Catalina]
07-May-2025 16:45:12.459 INFO [main] org.apache.catalina.core.StandardEngine.startInternal Starting Servlet engine: [Apache Tomcat/10.1.39]
07-May-2025 16:45:12.489 INFO [main] org.apache.catalina.startup.HostConfig.deployWAR Deploying web application archive [/home/radu/TAK-Server/src/oidf-server/tomcat/webapps/ldapauth.war]
07-May-2025 16:45:13.352 INFO [main] org.apache.jasper.servlet.TldScanner.scanJars At least one JAR was scanned for TLDs yet contained no TLDs. Enable debug logging for this logger for a complete list of JARs that were scanned but no TLDs were found in them. Skipping unneeded JARs during scanning can improve startup time and JSP compilation time.
07-May-2025 16:45:14.724 INFO [main] org.apache.catalina.startup.HostConfig.deployWAR Deployment of web application archive [/home/radu/TAK-Server/src/oidf-server/tomcat/webapps/ldapauth.war] has finished in [2,234] ms
07-May-2025 16:45:14.725 INFO [main] org.apache.catalina.startup.HostConfig.deployWAR Deploying web application archive [/home/radu/TAK-Server/src/oidf-server/tomcat/webapps/password-grant-handler.war]
07-May-2025 16:45:15.146 INFO [main] org.apache.jasper.servlet.TldScanner.scanJars At least one JAR was scanned for TLDs yet contained no TLDs. Enable debug logging for this logger for a complete list of JARs that were scanned but no TLDs were found in them. Skipping unneeded JARs during scanning can improve startup time and JSP compilation time.
07-May-2025 16:45:15.730 INFO [main] org.apache.catalina.startup.HostConfig.deployWAR Deployment of web application archive [/home/radu/TAK-Server/src/oidf-server/tomcat/webapps/password-grant-handler.war] has finished in [1,002] ms
07-May-2025 16:45:15.730 INFO [main] org.apache.catalina.startup.HostConfig.deployWAR Deploying web application archive [/home/radu/TAK-Server/src/oidf-server/tomcat/webapps/c2id-login.war]
07-May-2025 16:45:17.608 INFO [main] org.apache.jasper.servlet.TldScanner.scanJars At least one JAR was scanned for TLDs yet contained no TLDs. Enable debug logging for this logger for a complete list of JARs that were scanned but no TLDs were found in them. Skipping unneeded JARs during scanning can improve startup time and JSP compilation time.

                                  _   ___  _     _
                                 | | |__ \(_)   | |
   ___ ___  _ __  _ __   ___  ___| |_   ) )_  __| |
  / __/ _ \| '_ \| '_ \ / _ \/ __| __| / /| |/ _` |
 | (_| (_) | | | | | | |  __/ (__| |_ / /_| | (_| |
  \___\___/|_| |_|_| |_|\___|\___|\__|____|_|\__,_|  Login  (v3.4.5-migrated-1.0.9)

2025-05-07 16:45:19.359  INFO 74829 --- [           main] com.nimbusds.login.C2idLogin             : Starting C2idLogin v3.4.5-migrated-1.0.9 using Java 17.0.15 on lenss-10 with PID 74829 (/home/radu/TAK-Server/src/oidf-server/tomcat/webapps/c2id-login/WEB-INF/classes started by radu in /home/radu/TAK-Server/src/takserver-core/example)
2025-05-07 16:45:19.371  INFO 74829 --- [           main] com.nimbusds.login.C2idLogin             : The following profiles are active: prod
2025-05-07 16:45:23.163  INFO 74829 --- [           main] com.nimbusds.login.C2idLogin             : Started C2idLogin in 5.17 seconds (JVM running for 13.301)
07-May-2025 16:45:23.180 INFO [main] org.apache.catalina.startup.HostConfig.deployWAR Deployment of web application archive [/home/radu/TAK-Server/src/oidf-server/tomcat/webapps/c2id-login.war] has finished in [7,450] ms
07-May-2025 16:45:23.181 INFO [main] org.apache.catalina.startup.HostConfig.deployWAR Deploying web application archive [/home/radu/TAK-Server/src/oidf-server/tomcat/webapps/oidc-client.war]
May 07, 2025 4:45:23 PM org.apache.jasper.servlet.TldScanner scanJars
INFO: At least one JAR was scanned for TLDs yet contained no TLDs. Enable debug logging for this logger for a complete list of JARs that were scanned but no TLDs were found in them. Skipping unneeded JARs during scanning can improve startup time and JSP compilation time.
May 07, 2025 4:45:24 PM org.apache.catalina.core.ApplicationContext log
INFO: Initializing AtmosphereFramework
May 07, 2025 4:45:24 PM org.atmosphere.cpr.AtmosphereFramework addAtmosphereHandler
INFO: Installed AtmosphereHandler com.vaadin.server.communication.PushAtmosphereHandler mapped to context-path: /*
May 07, 2025 4:45:24 PM org.atmosphere.cpr.AtmosphereFramework addAtmosphereHandler
INFO: Installed the following AtmosphereInterceptor mapped to AtmosphereHandler com.vaadin.server.communication.PushAtmosphereHandler
May 07, 2025 4:45:24 PM org.atmosphere.util.IOUtils readServiceFile
INFO: META-INF/services/org.atmosphere.cpr.AtmosphereFramework not found in class loader
May 07, 2025 4:45:24 PM org.atmosphere.cpr.AtmosphereFramework autoConfigureService
INFO: Atmosphere is using org.atmosphere.util.VoidAnnotationProcessor for processing annotation
May 07, 2025 4:45:24 PM org.atmosphere.cpr.AtmosphereFramework initWebSocket
INFO: Installed WebSocketProtocol org.atmosphere.websocket.protocol.SimpleHttpProtocol 
May 07, 2025 4:45:24 PM org.atmosphere.container.JSR356AsyncSupport <init>
INFO: JSR 356 Mapping path /cb
May 07, 2025 4:45:24 PM org.atmosphere.cpr.AtmosphereFramework configureAtmosphereInterceptor
INFO: Installing Default AtmosphereInterceptors
May 07, 2025 4:45:24 PM org.atmosphere.cpr.AtmosphereFramework newAInterceptor
INFO: 	org.atmosphere.interceptor.CorsInterceptor : CORS Interceptor Support
May 07, 2025 4:45:24 PM org.atmosphere.cpr.AtmosphereFramework newAInterceptor
INFO: 	org.atmosphere.interceptor.CacheHeadersInterceptor : Default Response's Headers Interceptor
May 07, 2025 4:45:24 PM org.atmosphere.cpr.AtmosphereFramework newAInterceptor
INFO: 	org.atmosphere.interceptor.PaddingAtmosphereInterceptor : Browser Padding Interceptor Support
May 07, 2025 4:45:24 PM org.atmosphere.cpr.AtmosphereFramework newAInterceptor
INFO: 	org.atmosphere.interceptor.AndroidAtmosphereInterceptor : Android Interceptor Support
May 07, 2025 4:45:24 PM org.atmosphere.cpr.AtmosphereFramework configureAtmosphereInterceptor
INFO: Dropping Interceptor org.atmosphere.interceptor.HeartbeatInterceptor
May 07, 2025 4:45:24 PM org.atmosphere.cpr.AtmosphereFramework newAInterceptor
INFO: 	org.atmosphere.interceptor.SSEAtmosphereInterceptor : SSE Interceptor Support
May 07, 2025 4:45:24 PM org.atmosphere.cpr.AtmosphereFramework newAInterceptor
INFO: 	org.atmosphere.interceptor.JSONPAtmosphereInterceptor : JSONP Interceptor Support
May 07, 2025 4:45:24 PM org.atmosphere.cpr.AtmosphereFramework newAInterceptor
INFO: 	org.atmosphere.interceptor.JavaScriptProtocol : Atmosphere JavaScript Protocol
May 07, 2025 4:45:24 PM org.atmosphere.cpr.AtmosphereFramework newAInterceptor
INFO: 	org.atmosphere.interceptor.WebSocketMessageSuspendInterceptor : org.atmosphere.interceptor.WebSocketMessageSuspendInterceptor
May 07, 2025 4:45:24 PM org.atmosphere.cpr.AtmosphereFramework newAInterceptor
INFO: 	org.atmosphere.interceptor.OnDisconnectInterceptor : Browser disconnection detection
May 07, 2025 4:45:24 PM org.atmosphere.cpr.AtmosphereFramework newAInterceptor
INFO: 	org.atmosphere.interceptor.IdleResourceInterceptor : org.atmosphere.interceptor.IdleResourceInterceptor
May 07, 2025 4:45:24 PM org.atmosphere.cpr.AtmosphereFramework configureAtmosphereInterceptor
INFO: Set org.atmosphere.cpr.AtmosphereInterceptor.disableDefaults to disable them.
May 07, 2025 4:45:24 PM org.atmosphere.cpr.AtmosphereFramework info
INFO: Using EndpointMapper class org.atmosphere.util.DefaultEndpointMapper
May 07, 2025 4:45:24 PM org.atmosphere.cpr.AtmosphereFramework info
INFO: Using BroadcasterCache: org.atmosphere.cache.UUIDBroadcasterCache
May 07, 2025 4:45:24 PM org.atmosphere.cpr.AtmosphereFramework info
INFO: Default Broadcaster Class: org.atmosphere.cpr.DefaultBroadcaster
May 07, 2025 4:45:24 PM org.atmosphere.cpr.AtmosphereFramework info
INFO: Broadcaster Polling Wait Time 100
May 07, 2025 4:45:24 PM org.atmosphere.cpr.AtmosphereFramework info
INFO: Shared ExecutorService supported: true
May 07, 2025 4:45:24 PM org.atmosphere.cpr.AtmosphereFramework info
INFO: Messaging Thread Pool Size: Unlimited
May 07, 2025 4:45:24 PM org.atmosphere.cpr.AtmosphereFramework info
INFO: Async I/O Thread Pool Size: 200
May 07, 2025 4:45:24 PM org.atmosphere.cpr.AtmosphereFramework info
INFO: Using BroadcasterFactory: org.atmosphere.cpr.DefaultBroadcasterFactory
May 07, 2025 4:45:24 PM org.atmosphere.cpr.AtmosphereFramework info
INFO: Using WebSocketProcessor: org.atmosphere.websocket.DefaultWebSocketProcessor
May 07, 2025 4:45:24 PM org.atmosphere.cpr.AtmosphereFramework info
INFO: Invoke AtmosphereInterceptor on WebSocket message true
May 07, 2025 4:45:24 PM org.atmosphere.cpr.AtmosphereFramework info
INFO: HttpSession supported: true
May 07, 2025 4:45:24 PM org.atmosphere.cpr.AtmosphereFramework info
INFO: Atmosphere is using DefaultAtmosphereObjectFactory for dependency injection and object creation
May 07, 2025 4:45:24 PM org.atmosphere.cpr.AtmosphereFramework info
INFO: Atmosphere is using async support: org.atmosphere.container.JSR356AsyncSupport running under container: Apache Tomcat/10.1.39 using jakarta.servlet/3.0 and jsr356/WebSocket API
May 07, 2025 4:45:24 PM org.atmosphere.cpr.AtmosphereFramework info
INFO: Atmosphere Framework 2.2.13.vaadin1 started.
May 07, 2025 4:45:24 PM org.atmosphere.cpr.AtmosphereFramework interceptor
INFO: Installed AtmosphereInterceptor  Track Message Size Interceptor using | with priority BEFORE_DEFAULT 
May 07, 2025 4:45:24 PM org.atmosphere.cpr.AtmosphereFramework addAtmosphereHandler
INFO: Installed AtmosphereHandler com.vaadin.server.communication.PushAtmosphereHandler mapped to context-path: /*
May 07, 2025 4:45:24 PM org.atmosphere.cpr.AtmosphereFramework addAtmosphereHandler
INFO: Installed the following AtmosphereInterceptor mapped to AtmosphereHandler com.vaadin.server.communication.PushAtmosphereHandler
May 07, 2025 4:45:24 PM org.atmosphere.util.IOUtils readServiceFile
INFO: META-INF/services/org.atmosphere.cpr.AtmosphereFramework not found in class loader
May 07, 2025 4:45:24 PM org.atmosphere.cpr.AtmosphereFramework autoConfigureService
INFO: Atmosphere is using org.atmosphere.util.VoidAnnotationProcessor for processing annotation
May 07, 2025 4:45:24 PM org.atmosphere.cpr.AtmosphereFramework initWebSocket
INFO: Installed WebSocketProtocol org.atmosphere.websocket.protocol.SimpleHttpProtocol 
May 07, 2025 4:45:24 PM org.atmosphere.container.JSR356AsyncSupport <init>
INFO: JSR 356 Mapping path /{path}
May 07, 2025 4:45:24 PM org.atmosphere.cpr.AtmosphereFramework configureAtmosphereInterceptor
INFO: Installing Default AtmosphereInterceptors
May 07, 2025 4:45:24 PM org.atmosphere.cpr.AtmosphereFramework newAInterceptor
INFO: 	org.atmosphere.interceptor.CorsInterceptor : CORS Interceptor Support
May 07, 2025 4:45:24 PM org.atmosphere.cpr.AtmosphereFramework newAInterceptor
INFO: 	org.atmosphere.interceptor.CacheHeadersInterceptor : Default Response's Headers Interceptor
May 07, 2025 4:45:24 PM org.atmosphere.cpr.AtmosphereFramework newAInterceptor
INFO: 	org.atmosphere.interceptor.PaddingAtmosphereInterceptor : Browser Padding Interceptor Support
May 07, 2025 4:45:24 PM org.atmosphere.cpr.AtmosphereFramework newAInterceptor
INFO: 	org.atmosphere.interceptor.AndroidAtmosphereInterceptor : Android Interceptor Support
May 07, 2025 4:45:24 PM org.atmosphere.cpr.AtmosphereFramework configureAtmosphereInterceptor
INFO: Dropping Interceptor org.atmosphere.interceptor.HeartbeatInterceptor
May 07, 2025 4:45:24 PM org.atmosphere.cpr.AtmosphereFramework newAInterceptor
INFO: 	org.atmosphere.interceptor.SSEAtmosphereInterceptor : SSE Interceptor Support
May 07, 2025 4:45:24 PM org.atmosphere.cpr.AtmosphereFramework newAInterceptor
INFO: 	org.atmosphere.interceptor.JSONPAtmosphereInterceptor : JSONP Interceptor Support
May 07, 2025 4:45:24 PM org.atmosphere.cpr.AtmosphereFramework newAInterceptor
INFO: 	org.atmosphere.interceptor.JavaScriptProtocol : Atmosphere JavaScript Protocol
May 07, 2025 4:45:24 PM org.atmosphere.cpr.AtmosphereFramework newAInterceptor
INFO: 	org.atmosphere.interceptor.WebSocketMessageSuspendInterceptor : org.atmosphere.interceptor.WebSocketMessageSuspendInterceptor
May 07, 2025 4:45:24 PM org.atmosphere.cpr.AtmosphereFramework newAInterceptor
INFO: 	org.atmosphere.interceptor.OnDisconnectInterceptor : Browser disconnection detection
May 07, 2025 4:45:24 PM org.atmosphere.cpr.AtmosphereFramework newAInterceptor
INFO: 	org.atmosphere.interceptor.IdleResourceInterceptor : org.atmosphere.interceptor.IdleResourceInterceptor
May 07, 2025 4:45:24 PM org.atmosphere.cpr.AtmosphereFramework configureAtmosphereInterceptor
INFO: Set org.atmosphere.cpr.AtmosphereInterceptor.disableDefaults to disable them.
May 07, 2025 4:45:24 PM org.atmosphere.cpr.AtmosphereFramework info
INFO: Using EndpointMapper class org.atmosphere.util.DefaultEndpointMapper
May 07, 2025 4:45:24 PM org.atmosphere.cpr.AtmosphereFramework info
INFO: Using BroadcasterCache: org.atmosphere.cache.UUIDBroadcasterCache
May 07, 2025 4:45:24 PM org.atmosphere.cpr.AtmosphereFramework info
INFO: Default Broadcaster Class: org.atmosphere.cpr.DefaultBroadcaster
May 07, 2025 4:45:24 PM org.atmosphere.cpr.AtmosphereFramework info
INFO: Broadcaster Polling Wait Time 100
May 07, 2025 4:45:24 PM org.atmosphere.cpr.AtmosphereFramework info
INFO: Shared ExecutorService supported: true
May 07, 2025 4:45:24 PM org.atmosphere.cpr.AtmosphereFramework info
INFO: Messaging Thread Pool Size: Unlimited
May 07, 2025 4:45:24 PM org.atmosphere.cpr.AtmosphereFramework info
INFO: Async I/O Thread Pool Size: 200
May 07, 2025 4:45:24 PM org.atmosphere.cpr.AtmosphereFramework info
INFO: Using BroadcasterFactory: org.atmosphere.cpr.DefaultBroadcasterFactory
May 07, 2025 4:45:24 PM org.atmosphere.cpr.AtmosphereFramework info
INFO: Using WebSocketProcessor: org.atmosphere.websocket.DefaultWebSocketProcessor
May 07, 2025 4:45:24 PM org.atmosphere.cpr.AtmosphereFramework info
INFO: Invoke AtmosphereInterceptor on WebSocket message true
May 07, 2025 4:45:24 PM org.atmosphere.cpr.AtmosphereFramework info
INFO: HttpSession supported: true
May 07, 2025 4:45:24 PM org.atmosphere.cpr.AtmosphereFramework info
INFO: Atmosphere is using DefaultAtmosphereObjectFactory for dependency injection and object creation
May 07, 2025 4:45:24 PM org.atmosphere.cpr.AtmosphereFramework info
INFO: Atmosphere is using async support: org.atmosphere.container.JSR356AsyncSupport running under container: Apache Tomcat/10.1.39 using jakarta.servlet/3.0 and jsr356/WebSocket API
May 07, 2025 4:45:24 PM org.atmosphere.cpr.AtmosphereFramework info
INFO: Atmosphere Framework 2.2.13.vaadin1 started.
May 07, 2025 4:45:24 PM org.atmosphere.cpr.AtmosphereFramework interceptor
INFO: Installed AtmosphereInterceptor  Track Message Size Interceptor using | with priority BEFORE_DEFAULT 
07-May-2025 16:45:24.540 INFO [main] org.apache.catalina.startup.HostConfig.deployWAR Deployment of web application archive [/home/radu/TAK-Server/src/oidf-server/tomcat/webapps/oidc-client.war] has finished in [1,359] ms
07-May-2025 16:45:24.541 INFO [main] org.apache.catalina.startup.HostConfig.deployWAR Deploying web application archive [/home/radu/TAK-Server/src/oidf-server/tomcat/webapps/c2id-logout.war]
07-May-2025 16:45:24.778 INFO [main] org.apache.jasper.servlet.TldScanner.scanJars At least one JAR was scanned for TLDs yet contained no TLDs. Enable debug logging for this logger for a complete list of JARs that were scanned but no TLDs were found in them. Skipping unneeded JARs during scanning can improve startup time and JSP compilation time.
07-May-2025 16:45:24.788 INFO [main] org.apache.catalina.startup.HostConfig.deployWAR Deployment of web application archive [/home/radu/TAK-Server/src/oidf-server/tomcat/webapps/c2id-logout.war] has finished in [247] ms
07-May-2025 16:45:24.788 INFO [main] org.apache.catalina.startup.HostConfig.deployWAR Deploying web application archive [/home/radu/TAK-Server/src/oidf-server/tomcat/webapps/c2id.war]
07-May-2025 16:45:29.683 INFO [main] org.apache.jasper.servlet.TldScanner.scanJars At least one JAR was scanned for TLDs yet contained no TLDs. Enable debug logging for this logger for a complete list of JARs that were scanned but no TLDs were found in them. Skipping unneeded JARs during scanning can improve startup time and JSP compilation time.
SLF4J(W): No SLF4J providers were found.
SLF4J(W): Defaulting to no-operation (NOP) logger implementation
SLF4J(W): See https://www.slf4j.org/codes.html#noProviders for further details.
SLF4J(W): Class path contains SLF4J bindings targeting slf4j-api versions 1.7.x or earlier.
SLF4J(W): Ignoring binding found at [jar:file:/home/radu/TAK-Server/src/oidf-server/tomcat/webapps/c2id/WEB-INF/lib/log4j-slf4j-impl-2.24.2.jar!/org/slf4j/impl/StaticLoggerBinder.class]
SLF4J(W): See https://www.slf4j.org/codes.html#ignoredBindings for an explanation.
07-May-2025 16:45:34.748 WARNING [main] org.glassfish.jersey.message.internal.MessagingBinders$EnabledProvidersBinder.bindToBinder A class jakarta.activation.DataSource for a default provider MessageBodyWriter<jakarta.activation.DataSource> was not found. The provider is not available.
07-May-2025 16:45:34.772 WARNING [main] org.glassfish.jersey.server.wadl.WadlFeature.configure JAX-B API not found . WADL feature is disabled.
07-May-2025 16:45:34.853 WARNING [main] org.glassfish.jersey.internal.inject.Providers.checkProviderRuntime A provider com.nimbusds.openid.connect.provider.sts.STSEndpoint registered in SERVER runtime does not implement any provider interfaces applicable in the SERVER runtime. Due to constraint configuration problems the provider com.nimbusds.openid.connect.provider.sts.STSEndpoint will be ignored. 
07-May-2025 16:45:34.984 WARNING [main] org.glassfish.jersey.server.wadl.WadlFeature.configure JAX-B API not found . WADL feature is disabled.
07-May-2025 16:45:34.993 WARNING [main] org.glassfish.jersey.internal.inject.Providers.checkProviderRuntime A provider com.nimbusds.authzstore.rest.WebAPI registered in SERVER runtime does not implement any provider interfaces applicable in the SERVER runtime. Due to constraint configuration problems the provider com.nimbusds.authzstore.rest.WebAPI will be ignored. 
07-May-2025 16:45:35.061 WARNING [main] org.glassfish.jersey.server.wadl.WadlFeature.configure JAX-B API not found . WADL feature is disabled.
07-May-2025 16:45:35.064 WARNING [main] org.glassfish.jersey.internal.inject.Providers.checkProviderRuntime A provider com.nimbusds.openid.connect.provider.ciba.sessions.CIBASessionsEndpoint registered in SERVER runtime does not implement any provider interfaces applicable in the SERVER runtime. Due to constraint configuration problems the provider com.nimbusds.openid.connect.provider.ciba.sessions.CIBASessionsEndpoint will be ignored. 
07-May-2025 16:45:35.090 WARNING [main] org.glassfish.jersey.server.wadl.WadlFeature.configure JAX-B API not found . WADL feature is disabled.
07-May-2025 16:45:35.092 WARNING [main] org.glassfish.jersey.internal.inject.Providers.checkProviderRuntime A provider com.nimbusds.openid.connect.provider.checksession.CheckSessionBackendEndpoint registered in SERVER runtime does not implement any provider interfaces applicable in the SERVER runtime. Due to constraint configuration problems the provider com.nimbusds.openid.connect.provider.checksession.CheckSessionBackendEndpoint will be ignored. 
07-May-2025 16:45:35.121 WARNING [main] org.glassfish.jersey.server.wadl.WadlFeature.configure JAX-B API not found . WADL feature is disabled.
07-May-2025 16:45:35.169 WARNING [main] org.glassfish.jersey.server.wadl.WadlFeature.configure JAX-B API not found . WADL feature is disabled.
07-May-2025 16:45:35.176 WARNING [main] org.glassfish.jersey.internal.inject.Providers.checkProviderRuntime A provider com.nimbusds.sessionstore.rest.WebAPI registered in SERVER runtime does not implement any provider interfaces applicable in the SERVER runtime. Due to constraint configuration problems the provider com.nimbusds.sessionstore.rest.WebAPI will be ignored. 
07-May-2025 16:45:35.217 WARNING [main] org.glassfish.jersey.server.wadl.WadlFeature.configure JAX-B API not found . WADL feature is disabled.
07-May-2025 16:45:35.221 WARNING [main] org.glassfish.jersey.internal.inject.Providers.checkProviderRuntime A provider com.nimbusds.openid.connect.provider.authz.AuthorizationSessionEndpoint registered in SERVER runtime does not implement any provider interfaces applicable in the SERVER runtime. Due to constraint configuration problems the provider com.nimbusds.openid.connect.provider.authz.AuthorizationSessionEndpoint will be ignored. 
07-May-2025 16:45:35.247 WARNING [main] org.glassfish.jersey.server.wadl.WadlFeature.configure JAX-B API not found . WADL feature is disabled.
07-May-2025 16:45:35.249 WARNING [main] org.glassfish.jersey.internal.inject.Providers.checkProviderRuntime A provider com.nimbusds.openid.connect.provider.config.ConfigurationEndpoint registered in SERVER runtime does not implement any provider interfaces applicable in the SERVER runtime. Due to constraint configuration problems the provider com.nimbusds.openid.connect.provider.config.ConfigurationEndpoint will be ignored. 
07-May-2025 16:45:35.269 WARNING [main] org.glassfish.jersey.server.wadl.WadlFeature.configure JAX-B API not found . WADL feature is disabled.
07-May-2025 16:45:35.271 WARNING [main] org.glassfish.jersey.internal.inject.Providers.checkProviderRuntime A provider com.nimbusds.openid.connect.provider.authz.DirectAuthorizationEndpoint registered in SERVER runtime does not implement any provider interfaces applicable in the SERVER runtime. Due to constraint configuration problems the provider com.nimbusds.openid.connect.provider.authz.DirectAuthorizationEndpoint will be ignored. 
07-May-2025 16:45:35.291 WARNING [main] org.glassfish.jersey.server.wadl.WadlFeature.configure JAX-B API not found . WADL feature is disabled.
07-May-2025 16:45:35.293 WARNING [main] org.glassfish.jersey.internal.inject.Providers.checkProviderRuntime A provider com.nimbusds.openid.connect.provider.logout.endpoint.LogoutSessionEndpoint registered in SERVER runtime does not implement any provider interfaces applicable in the SERVER runtime. Due to constraint configuration problems the provider com.nimbusds.openid.connect.provider.logout.endpoint.LogoutSessionEndpoint will be ignored. 
07-May-2025 16:45:35.410 INFO [main] org.apache.catalina.startup.HostConfig.deployWAR Deployment of web application archive [/home/radu/TAK-Server/src/oidf-server/tomcat/webapps/c2id.war] has finished in [10,622] ms
07-May-2025 16:45:35.411 INFO [main] org.apache.catalina.startup.HostConfig.deployDirectory Deploying web application directory [/home/radu/TAK-Server/src/oidf-server/tomcat/webapps/manager]
07-May-2025 16:45:35.434 INFO [main] org.apache.catalina.startup.HostConfig.deployDirectory Deployment of web application directory [/home/radu/TAK-Server/src/oidf-server/tomcat/webapps/manager] has finished in [23] ms
07-May-2025 16:45:35.434 INFO [main] org.apache.catalina.startup.HostConfig.deployDirectory Deploying web application directory [/home/radu/TAK-Server/src/oidf-server/tomcat/webapps/ROOT]
07-May-2025 16:45:35.445 INFO [main] org.apache.catalina.startup.HostConfig.deployDirectory Deployment of web application directory [/home/radu/TAK-Server/src/oidf-server/tomcat/webapps/ROOT] has finished in [11] ms
07-May-2025 16:45:35.445 INFO [main] org.apache.catalina.startup.HostConfig.deployDirectory Deploying web application directory [/home/radu/TAK-Server/src/oidf-server/tomcat/webapps/host-manager]
07-May-2025 16:45:35.459 INFO [main] org.apache.catalina.startup.HostConfig.deployDirectory Deployment of web application directory [/home/radu/TAK-Server/src/oidf-server/tomcat/webapps/host-manager] has finished in [14] ms
07-May-2025 16:45:35.463 INFO [main] org.apache.coyote.AbstractProtocol.start Starting ProtocolHandler ["http-nio-8080"]
07-May-2025 16:45:35.472 INFO [main] org.apache.catalina.startup.Catalina.start Server startup in [23111] milliseconds
07-May-2025 17:10:09.811 INFO [main] org.apache.catalina.core.StandardServer.await A valid shutdown command was received via the shutdown port. Stopping the Server instance.
07-May-2025 17:10:09.811 INFO [main] org.apache.coyote.AbstractProtocol.pause Pausing ProtocolHandler ["http-nio-8080"]
07-May-2025 17:10:09.813 INFO [main] org.apache.catalina.core.StandardService.stopInternal Stopping service [Catalina]
[CM8005] Stopping Infinispan...
[CM8015] Stopped Infinispan cache clients.remoteRequestJWTClaimsCache in 3 ms
[CM8015] Stopped Infinispan cache op.loginHintTokenMap in 5 ms
[CM8015] Stopped Infinispan cache op.dPoPJTICache in 6 ms
[CM8015] Stopped Infinispan cache keyStore.jwkSetMap in 267 ms
[CM8015] Stopped Infinispan cache sessionStore.sessionMap in 275 ms
[CM8015] Stopped Infinispan cache federation.registrationsMap in 276 ms
[CM8015] Stopped Infinispan cache op.authSessionMap in 276 ms
[CM8015] Stopped Infinispan cache authzStore.revocationJournalMap in 277 ms
[CM8015] Stopped Infinispan cache clients.registrationsMap in 277 ms
[CM8015] Stopped Infinispan cache authzStore.expendedTokenMap in 277 ms
[CM8015] Stopped Infinispan cache clients.remoteJWKSetCache in 278 ms
[CM8015] Stopped Infinispan cache authzStore.codeMap in 278 ms
[CM8015] Stopped Infinispan cache authzStore.longLivedAuthzMap in 278 ms
[CM8015] Stopped Infinispan cache keyStore.jwkSetHistoryMap in 279 ms
[CM8015] Stopped Infinispan cache authzStore.idAccessTokenMap in 279 ms
[CM8015] Stopped Infinispan cache op.consentSessionMap in 280 ms
[CM8015] Stopped Infinispan cache sessionStore.subjectMap in 280 ms
[CM8015] Stopped Infinispan cache org.infinispan.CONFIG in 281 ms
07-May-2025 17:10:10.178 WARNING [main] org.apache.catalina.loader.WebappClassLoaderBase.clearReferencesThreads The web application [c2id] appears to have started a thread named [RxCachedWorkerPoolEvictor-1] but has failed to stop it. This is very likely to create a memory leak. Stack trace of thread:
 java.base@17.0.15/jdk.internal.misc.Unsafe.park(Native Method)
 java.base@17.0.15/java.util.concurrent.locks.LockSupport.parkNanos(LockSupport.java:252)
 java.base@17.0.15/java.util.concurrent.locks.AbstractQueuedSynchronizer$ConditionObject.awaitNanos(AbstractQueuedSynchronizer.java:1679)
 java.base@17.0.15/java.util.concurrent.ScheduledThreadPoolExecutor$DelayedWorkQueue.take(ScheduledThreadPoolExecutor.java:1182)
 java.base@17.0.15/java.util.concurrent.ScheduledThreadPoolExecutor$DelayedWorkQueue.take(ScheduledThreadPoolExecutor.java:899)
 java.base@17.0.15/java.util.concurrent.ThreadPoolExecutor.getTask(ThreadPoolExecutor.java:1062)
 java.base@17.0.15/java.util.concurrent.ThreadPoolExecutor.runWorker(ThreadPoolExecutor.java:1122)
 java.base@17.0.15/java.util.concurrent.ThreadPoolExecutor$Worker.run(ThreadPoolExecutor.java:635)
 java.base@17.0.15/java.lang.Thread.run(Thread.java:840)
07-May-2025 17:10:10.179 WARNING [main] org.apache.catalina.loader.WebappClassLoaderBase.clearReferencesThreads The web application [c2id] appears to have started a thread named [HttpClient-1-SelectorManager] but has failed to stop it. This is very likely to create a memory leak. Stack trace of thread:
 java.base@17.0.15/sun.nio.ch.EPoll.wait(Native Method)
 java.base@17.0.15/sun.nio.ch.EPollSelectorImpl.doSelect(EPollSelectorImpl.java:118)
 java.base@17.0.15/sun.nio.ch.SelectorImpl.lockAndDoSelect(SelectorImpl.java:129)
 java.base@17.0.15/sun.nio.ch.SelectorImpl.select(SelectorImpl.java:141)
 platform/java.net.http@17.0.15/jdk.internal.net.http.HttpClientImpl$SelectorManager.run(HttpClientImpl.java:894)
07-May-2025 17:10:10.200 INFO [main] org.apache.coyote.AbstractProtocol.stop Stopping ProtocolHandler ["http-nio-8080"]
07-May-2025 17:10:10.211 INFO [main] org.apache.coyote.AbstractProtocol.destroy Destroying ProtocolHandler ["http-nio-8080"]
NOTE: Picked up JDK_JAVA_OPTIONS: -Dloader.path=WEB-INF/lib-provided,WEB-INF/lib,WEB-INF/classes,file:lib/ -Djava.net.preferIPv4Stack=true -Djava.security.egd=file:/dev/./urandom -DIGNITE_UPDATE_NOTIFIER=false -DIGNITE_QUIET=true -Dio.netty.tmpdir=/home/radu/TAK-Server/src/takserver-core/example -Djava.io.tmpdir=/home/radu/TAK-Server/src/takserver-core/example -Dio.netty.native.workdir=/home/radu/TAK-Server/src/takserver-core/example -Djdk.tls.client.protocols=TLSv1.2 --add-opens=java.base/sun.security.pkcs=ALL-UNNAMED --add-opens=java.base/sun.security.pkcs10=ALL-UNNAMED --add-opens=java.base/sun.security.util=ALL-UNNAMED --add-opens=java.base/sun.security.x509=ALL-UNNAMED --add-opens=java.base/sun.security.tools.keytool=ALL-UNNAMED --add-opens=java.base/jdk.internal.misc=ALL-UNNAMED --add-opens=java.base/sun.nio.ch=ALL-UNNAMED --add-opens=java.management/com.sun.jmx.mbeanserver=ALL-UNNAMED --add-opens=jdk.internal.jvmstat/sun.jvmstat.monitor=ALL-UNNAMED --add-opens=java.base/sun.reflect.generics.reflectiveObjects=ALL-UNNAMED --add-opens=jdk.management/com.sun.management.internal=ALL-UNNAMED --add-opens=java.base/java.io=ALL-UNNAMED --add-opens=java.base/java.nio=ALL-UNNAMED --add-opens=java.base/java.util=ALL-UNNAMED --add-opens=java.base/java.util.concurrent=ALL-UNNAMED --add-opens=java.base/java.util.concurrent.locks=ALL-UNNAMED --add-opens=java.base/java.util.concurrent.atomic=ALL-UNNAMED --add-opens=java.base/java.lang=ALL-UNNAMED --add-opens=java.base/java.lang.invoke=ALL-UNNAMED --add-opens=java.base/java.math=ALL-UNNAMED --add-opens=java.sql/java.sql=ALL-UNNAMED --add-opens=java.base/javax.net.ssl=ALL-UNNAMED --add-opens=java.base/java.net=ALL-UNNAMED --add-opens=jdk.unsupported/sun.misc=ALL-UNNAMED --add-opens=java.base/java.lang.ref=ALL-UNNAMED --add-opens=java.base/java.lang.reflect=ALL-UNNAMED --add-opens=java.base/java.security=ALL-UNNAMED --add-opens=java.base/java.security.ssl=ALL-UNNAMED --add-opens=java.base/java.security.cert=ALL-UNNAMED --add-opens=java.base/sun.security.rsa=ALL-UNNAMED --add-opens=java.base/sun.security.ssl=ALL-UNNAMED --add-opens=java.base/sun.security.x500=ALL-UNNAMED --add-opens=java.base/sun.security.pkcs12=ALL-UNNAMED --add-opens=java.base/sun.security.provider=ALL-UNNAMED --add-opens=java.base/javax.security.auth.x500=ALL-UNNAMED
WARNING: package java.security.ssl not in java.base
WARNING: package sun.security.x500 not in java.base
07-May-2025 17:12:12.243 INFO [main] org.apache.catalina.startup.VersionLoggerListener.log Server version name:   Apache Tomcat/10.1.39
07-May-2025 17:12:12.258 INFO [main] org.apache.catalina.startup.VersionLoggerListener.log Server built:          Mar 4 2025 19:02:32 UTC
07-May-2025 17:12:12.258 INFO [main] org.apache.catalina.startup.VersionLoggerListener.log Server version number: 10.1.39.0
07-May-2025 17:12:12.259 INFO [main] org.apache.catalina.startup.VersionLoggerListener.log OS Name:               Linux
07-May-2025 17:12:12.259 INFO [main] org.apache.catalina.startup.VersionLoggerListener.log OS Version:            6.8.0-59-generic
07-May-2025 17:12:12.259 INFO [main] org.apache.catalina.startup.VersionLoggerListener.log Architecture:          amd64
07-May-2025 17:12:12.259 INFO [main] org.apache.catalina.startup.VersionLoggerListener.log Java Home:             /usr/lib/jvm/java-17-openjdk-amd64
07-May-2025 17:12:12.261 INFO [main] org.apache.catalina.startup.VersionLoggerListener.log JVM Version:           17.0.15+6-Ubuntu-0ubuntu122.04
07-May-2025 17:12:12.261 INFO [main] org.apache.catalina.startup.VersionLoggerListener.log JVM Vendor:            Ubuntu
07-May-2025 17:12:12.262 INFO [main] org.apache.catalina.startup.VersionLoggerListener.log CATALINA_BASE:         /home/radu/TAK-Server/src/oidf-server/tomcat
07-May-2025 17:12:12.262 INFO [main] org.apache.catalina.startup.VersionLoggerListener.log CATALINA_HOME:         /home/radu/TAK-Server/src/oidf-server/tomcat
07-May-2025 17:12:12.267 INFO [main] org.apache.catalina.core.AprLifecycleListener.lifecycleEvent The Apache Tomcat Native library which allows using OpenSSL was not found on the java.library.path: [/home/radu/opt/lib::/usr/java/packages/lib:/usr/lib/x86_64-linux-gnu/jni:/lib/x86_64-linux-gnu:/usr/lib/x86_64-linux-gnu:/usr/lib/jni:/lib:/usr/lib]
07-May-2025 17:12:13.341 INFO [main] org.apache.coyote.AbstractProtocol.init Initializing ProtocolHandler ["http-nio-8080"]
07-May-2025 17:12:13.446 INFO [main] org.apache.catalina.startup.Catalina.load Server initialization in [1833] milliseconds
07-May-2025 17:12:13.644 INFO [main] org.apache.catalina.core.StandardService.startInternal Starting service [Catalina]
07-May-2025 17:12:13.645 INFO [main] org.apache.catalina.core.StandardEngine.startInternal Starting Servlet engine: [Apache Tomcat/10.1.39]
07-May-2025 17:12:13.702 INFO [main] org.apache.catalina.startup.HostConfig.deployWAR Deploying web application archive [/home/radu/TAK-Server/src/oidf-server/tomcat/webapps/ldapauth.war]
07-May-2025 17:12:14.860 INFO [main] org.apache.jasper.servlet.TldScanner.scanJars At least one JAR was scanned for TLDs yet contained no TLDs. Enable debug logging for this logger for a complete list of JARs that were scanned but no TLDs were found in them. Skipping unneeded JARs during scanning can improve startup time and JSP compilation time.
07-May-2025 17:12:16.744 INFO [main] org.apache.catalina.startup.HostConfig.deployWAR Deployment of web application archive [/home/radu/TAK-Server/src/oidf-server/tomcat/webapps/ldapauth.war] has finished in [3,040] ms
07-May-2025 17:12:16.745 INFO [main] org.apache.catalina.startup.HostConfig.deployWAR Deploying web application archive [/home/radu/TAK-Server/src/oidf-server/tomcat/webapps/password-grant-handler.war]
07-May-2025 17:12:17.348 INFO [main] org.apache.jasper.servlet.TldScanner.scanJars At least one JAR was scanned for TLDs yet contained no TLDs. Enable debug logging for this logger for a complete list of JARs that were scanned but no TLDs were found in them. Skipping unneeded JARs during scanning can improve startup time and JSP compilation time.
07-May-2025 17:12:18.158 INFO [main] org.apache.catalina.startup.HostConfig.deployWAR Deployment of web application archive [/home/radu/TAK-Server/src/oidf-server/tomcat/webapps/password-grant-handler.war] has finished in [1,412] ms
07-May-2025 17:12:18.160 INFO [main] org.apache.catalina.startup.HostConfig.deployWAR Deploying web application archive [/home/radu/TAK-Server/src/oidf-server/tomcat/webapps/c2id-login.war]
07-May-2025 17:12:20.827 INFO [main] org.apache.jasper.servlet.TldScanner.scanJars At least one JAR was scanned for TLDs yet contained no TLDs. Enable debug logging for this logger for a complete list of JARs that were scanned but no TLDs were found in them. Skipping unneeded JARs during scanning can improve startup time and JSP compilation time.

                                  _   ___  _     _
                                 | | |__ \(_)   | |
   ___ ___  _ __  _ __   ___  ___| |_   ) )_  __| |
  / __/ _ \| '_ \| '_ \ / _ \/ __| __| / /| |/ _` |
 | (_| (_) | | | | | | |  __/ (__| |_ / /_| | (_| |
  \___\___/|_| |_|_| |_|\___|\___|\__|____|_|\__,_|  Login  (v3.4.5-migrated-1.0.9)

2025-05-07 17:12:23.098  INFO 77310 --- [           main] com.nimbusds.login.C2idLogin             : Starting C2idLogin v3.4.5-migrated-1.0.9 using Java 17.0.15 on lenss-10 with PID 77310 (/home/radu/TAK-Server/src/oidf-server/tomcat/webapps/c2id-login/WEB-INF/classes started by radu in /home/radu/TAK-Server/src/takserver-core/example)
2025-05-07 17:12:23.114  INFO 77310 --- [           main] com.nimbusds.login.C2idLogin             : The following profiles are active: prod
2025-05-07 17:12:28.279  INFO 77310 --- [           main] com.nimbusds.login.C2idLogin             : Started C2idLogin in 6.972 seconds (JVM running for 17.416)
07-May-2025 17:12:28.320 INFO [main] org.apache.catalina.startup.HostConfig.deployWAR Deployment of web application archive [/home/radu/TAK-Server/src/oidf-server/tomcat/webapps/c2id-login.war] has finished in [10,160] ms
07-May-2025 17:12:28.321 INFO [main] org.apache.catalina.startup.HostConfig.deployWAR Deploying web application archive [/home/radu/TAK-Server/src/oidf-server/tomcat/webapps/oidc-client.war]
May 07, 2025 5:12:29 PM org.apache.jasper.servlet.TldScanner scanJars
INFO: At least one JAR was scanned for TLDs yet contained no TLDs. Enable debug logging for this logger for a complete list of JARs that were scanned but no TLDs were found in them. Skipping unneeded JARs during scanning can improve startup time and JSP compilation time.
May 07, 2025 5:12:30 PM org.apache.catalina.core.ApplicationContext log
INFO: Initializing AtmosphereFramework
May 07, 2025 5:12:30 PM org.atmosphere.cpr.AtmosphereFramework addAtmosphereHandler
INFO: Installed AtmosphereHandler com.vaadin.server.communication.PushAtmosphereHandler mapped to context-path: /*
May 07, 2025 5:12:30 PM org.atmosphere.cpr.AtmosphereFramework addAtmosphereHandler
INFO: Installed the following AtmosphereInterceptor mapped to AtmosphereHandler com.vaadin.server.communication.PushAtmosphereHandler
May 07, 2025 5:12:30 PM org.atmosphere.util.IOUtils readServiceFile
INFO: META-INF/services/org.atmosphere.cpr.AtmosphereFramework not found in class loader
May 07, 2025 5:12:30 PM org.atmosphere.cpr.AtmosphereFramework autoConfigureService
INFO: Atmosphere is using org.atmosphere.util.VoidAnnotationProcessor for processing annotation
May 07, 2025 5:12:30 PM org.atmosphere.cpr.AtmosphereFramework initWebSocket
INFO: Installed WebSocketProtocol org.atmosphere.websocket.protocol.SimpleHttpProtocol 
May 07, 2025 5:12:30 PM org.atmosphere.container.JSR356AsyncSupport <init>
INFO: JSR 356 Mapping path /cb
May 07, 2025 5:12:30 PM org.atmosphere.cpr.AtmosphereFramework configureAtmosphereInterceptor
INFO: Installing Default AtmosphereInterceptors
May 07, 2025 5:12:30 PM org.atmosphere.cpr.AtmosphereFramework newAInterceptor
INFO: 	org.atmosphere.interceptor.CorsInterceptor : CORS Interceptor Support
May 07, 2025 5:12:30 PM org.atmosphere.cpr.AtmosphereFramework newAInterceptor
INFO: 	org.atmosphere.interceptor.CacheHeadersInterceptor : Default Response's Headers Interceptor
May 07, 2025 5:12:30 PM org.atmosphere.cpr.AtmosphereFramework newAInterceptor
INFO: 	org.atmosphere.interceptor.PaddingAtmosphereInterceptor : Browser Padding Interceptor Support
May 07, 2025 5:12:30 PM org.atmosphere.cpr.AtmosphereFramework newAInterceptor
INFO: 	org.atmosphere.interceptor.AndroidAtmosphereInterceptor : Android Interceptor Support
May 07, 2025 5:12:30 PM org.atmosphere.cpr.AtmosphereFramework configureAtmosphereInterceptor
INFO: Dropping Interceptor org.atmosphere.interceptor.HeartbeatInterceptor
May 07, 2025 5:12:30 PM org.atmosphere.cpr.AtmosphereFramework newAInterceptor
INFO: 	org.atmosphere.interceptor.SSEAtmosphereInterceptor : SSE Interceptor Support
May 07, 2025 5:12:30 PM org.atmosphere.cpr.AtmosphereFramework newAInterceptor
INFO: 	org.atmosphere.interceptor.JSONPAtmosphereInterceptor : JSONP Interceptor Support
May 07, 2025 5:12:30 PM org.atmosphere.cpr.AtmosphereFramework newAInterceptor
INFO: 	org.atmosphere.interceptor.JavaScriptProtocol : Atmosphere JavaScript Protocol
May 07, 2025 5:12:30 PM org.atmosphere.cpr.AtmosphereFramework newAInterceptor
INFO: 	org.atmosphere.interceptor.WebSocketMessageSuspendInterceptor : org.atmosphere.interceptor.WebSocketMessageSuspendInterceptor
May 07, 2025 5:12:30 PM org.atmosphere.cpr.AtmosphereFramework newAInterceptor
INFO: 	org.atmosphere.interceptor.OnDisconnectInterceptor : Browser disconnection detection
May 07, 2025 5:12:30 PM org.atmosphere.cpr.AtmosphereFramework newAInterceptor
INFO: 	org.atmosphere.interceptor.IdleResourceInterceptor : org.atmosphere.interceptor.IdleResourceInterceptor
May 07, 2025 5:12:30 PM org.atmosphere.cpr.AtmosphereFramework configureAtmosphereInterceptor
INFO: Set org.atmosphere.cpr.AtmosphereInterceptor.disableDefaults to disable them.
May 07, 2025 5:12:30 PM org.atmosphere.cpr.AtmosphereFramework info
INFO: Using EndpointMapper class org.atmosphere.util.DefaultEndpointMapper
May 07, 2025 5:12:30 PM org.atmosphere.cpr.AtmosphereFramework info
INFO: Using BroadcasterCache: org.atmosphere.cache.UUIDBroadcasterCache
May 07, 2025 5:12:30 PM org.atmosphere.cpr.AtmosphereFramework info
INFO: Default Broadcaster Class: org.atmosphere.cpr.DefaultBroadcaster
May 07, 2025 5:12:30 PM org.atmosphere.cpr.AtmosphereFramework info
INFO: Broadcaster Polling Wait Time 100
May 07, 2025 5:12:30 PM org.atmosphere.cpr.AtmosphereFramework info
INFO: Shared ExecutorService supported: true
May 07, 2025 5:12:30 PM org.atmosphere.cpr.AtmosphereFramework info
INFO: Messaging Thread Pool Size: Unlimited
May 07, 2025 5:12:30 PM org.atmosphere.cpr.AtmosphereFramework info
INFO: Async I/O Thread Pool Size: 200
May 07, 2025 5:12:30 PM org.atmosphere.cpr.AtmosphereFramework info
INFO: Using BroadcasterFactory: org.atmosphere.cpr.DefaultBroadcasterFactory
May 07, 2025 5:12:30 PM org.atmosphere.cpr.AtmosphereFramework info
INFO: Using WebSocketProcessor: org.atmosphere.websocket.DefaultWebSocketProcessor
May 07, 2025 5:12:30 PM org.atmosphere.cpr.AtmosphereFramework info
INFO: Invoke AtmosphereInterceptor on WebSocket message true
May 07, 2025 5:12:30 PM org.atmosphere.cpr.AtmosphereFramework info
INFO: HttpSession supported: true
May 07, 2025 5:12:30 PM org.atmosphere.cpr.AtmosphereFramework info
INFO: Atmosphere is using DefaultAtmosphereObjectFactory for dependency injection and object creation
May 07, 2025 5:12:30 PM org.atmosphere.cpr.AtmosphereFramework info
INFO: Atmosphere is using async support: org.atmosphere.container.JSR356AsyncSupport running under container: Apache Tomcat/10.1.39 using jakarta.servlet/3.0 and jsr356/WebSocket API
May 07, 2025 5:12:30 PM org.atmosphere.cpr.AtmosphereFramework info
INFO: Atmosphere Framework 2.2.13.vaadin1 started.
May 07, 2025 5:12:30 PM org.atmosphere.cpr.AtmosphereFramework interceptor
INFO: Installed AtmosphereInterceptor  Track Message Size Interceptor using | with priority BEFORE_DEFAULT 
May 07, 2025 5:12:30 PM org.atmosphere.cpr.AtmosphereFramework addAtmosphereHandler
INFO: Installed AtmosphereHandler com.vaadin.server.communication.PushAtmosphereHandler mapped to context-path: /*
May 07, 2025 5:12:30 PM org.atmosphere.cpr.AtmosphereFramework addAtmosphereHandler
INFO: Installed the following AtmosphereInterceptor mapped to AtmosphereHandler com.vaadin.server.communication.PushAtmosphereHandler
May 07, 2025 5:12:30 PM org.atmosphere.util.IOUtils readServiceFile
INFO: META-INF/services/org.atmosphere.cpr.AtmosphereFramework not found in class loader
May 07, 2025 5:12:30 PM org.atmosphere.cpr.AtmosphereFramework autoConfigureService
INFO: Atmosphere is using org.atmosphere.util.VoidAnnotationProcessor for processing annotation
May 07, 2025 5:12:30 PM org.atmosphere.cpr.AtmosphereFramework initWebSocket
INFO: Installed WebSocketProtocol org.atmosphere.websocket.protocol.SimpleHttpProtocol 
May 07, 2025 5:12:30 PM org.atmosphere.container.JSR356AsyncSupport <init>
INFO: JSR 356 Mapping path /{path}
May 07, 2025 5:12:30 PM org.atmosphere.cpr.AtmosphereFramework configureAtmosphereInterceptor
INFO: Installing Default AtmosphereInterceptors
May 07, 2025 5:12:30 PM org.atmosphere.cpr.AtmosphereFramework newAInterceptor
INFO: 	org.atmosphere.interceptor.CorsInterceptor : CORS Interceptor Support
May 07, 2025 5:12:30 PM org.atmosphere.cpr.AtmosphereFramework newAInterceptor
INFO: 	org.atmosphere.interceptor.CacheHeadersInterceptor : Default Response's Headers Interceptor
May 07, 2025 5:12:30 PM org.atmosphere.cpr.AtmosphereFramework newAInterceptor
INFO: 	org.atmosphere.interceptor.PaddingAtmosphereInterceptor : Browser Padding Interceptor Support
May 07, 2025 5:12:30 PM org.atmosphere.cpr.AtmosphereFramework newAInterceptor
INFO: 	org.atmosphere.interceptor.AndroidAtmosphereInterceptor : Android Interceptor Support
May 07, 2025 5:12:30 PM org.atmosphere.cpr.AtmosphereFramework configureAtmosphereInterceptor
INFO: Dropping Interceptor org.atmosphere.interceptor.HeartbeatInterceptor
May 07, 2025 5:12:30 PM org.atmosphere.cpr.AtmosphereFramework newAInterceptor
INFO: 	org.atmosphere.interceptor.SSEAtmosphereInterceptor : SSE Interceptor Support
May 07, 2025 5:12:30 PM org.atmosphere.cpr.AtmosphereFramework newAInterceptor
INFO: 	org.atmosphere.interceptor.JSONPAtmosphereInterceptor : JSONP Interceptor Support
May 07, 2025 5:12:30 PM org.atmosphere.cpr.AtmosphereFramework newAInterceptor
INFO: 	org.atmosphere.interceptor.JavaScriptProtocol : Atmosphere JavaScript Protocol
May 07, 2025 5:12:30 PM org.atmosphere.cpr.AtmosphereFramework newAInterceptor
INFO: 	org.atmosphere.interceptor.WebSocketMessageSuspendInterceptor : org.atmosphere.interceptor.WebSocketMessageSuspendInterceptor
May 07, 2025 5:12:30 PM org.atmosphere.cpr.AtmosphereFramework newAInterceptor
INFO: 	org.atmosphere.interceptor.OnDisconnectInterceptor : Browser disconnection detection
May 07, 2025 5:12:30 PM org.atmosphere.cpr.AtmosphereFramework newAInterceptor
INFO: 	org.atmosphere.interceptor.IdleResourceInterceptor : org.atmosphere.interceptor.IdleResourceInterceptor
May 07, 2025 5:12:30 PM org.atmosphere.cpr.AtmosphereFramework configureAtmosphereInterceptor
INFO: Set org.atmosphere.cpr.AtmosphereInterceptor.disableDefaults to disable them.
May 07, 2025 5:12:30 PM org.atmosphere.cpr.AtmosphereFramework info
INFO: Using EndpointMapper class org.atmosphere.util.DefaultEndpointMapper
May 07, 2025 5:12:30 PM org.atmosphere.cpr.AtmosphereFramework info
INFO: Using BroadcasterCache: org.atmosphere.cache.UUIDBroadcasterCache
May 07, 2025 5:12:30 PM org.atmosphere.cpr.AtmosphereFramework info
INFO: Default Broadcaster Class: org.atmosphere.cpr.DefaultBroadcaster
May 07, 2025 5:12:30 PM org.atmosphere.cpr.AtmosphereFramework info
INFO: Broadcaster Polling Wait Time 100
May 07, 2025 5:12:30 PM org.atmosphere.cpr.AtmosphereFramework info
INFO: Shared ExecutorService supported: true
May 07, 2025 5:12:30 PM org.atmosphere.cpr.AtmosphereFramework info
INFO: Messaging Thread Pool Size: Unlimited
May 07, 2025 5:12:30 PM org.atmosphere.cpr.AtmosphereFramework info
INFO: Async I/O Thread Pool Size: 200
May 07, 2025 5:12:30 PM org.atmosphere.cpr.AtmosphereFramework info
INFO: Using BroadcasterFactory: org.atmosphere.cpr.DefaultBroadcasterFactory
May 07, 2025 5:12:30 PM org.atmosphere.cpr.AtmosphereFramework info
INFO: Using WebSocketProcessor: org.atmosphere.websocket.DefaultWebSocketProcessor
May 07, 2025 5:12:30 PM org.atmosphere.cpr.AtmosphereFramework info
INFO: Invoke AtmosphereInterceptor on WebSocket message true
May 07, 2025 5:12:30 PM org.atmosphere.cpr.AtmosphereFramework info
INFO: HttpSession supported: true
May 07, 2025 5:12:30 PM org.atmosphere.cpr.AtmosphereFramework info
INFO: Atmosphere is using DefaultAtmosphereObjectFactory for dependency injection and object creation
May 07, 2025 5:12:30 PM org.atmosphere.cpr.AtmosphereFramework info
INFO: Atmosphere is using async support: org.atmosphere.container.JSR356AsyncSupport running under container: Apache Tomcat/10.1.39 using jakarta.servlet/3.0 and jsr356/WebSocket API
May 07, 2025 5:12:30 PM org.atmosphere.cpr.AtmosphereFramework info
INFO: Atmosphere Framework 2.2.13.vaadin1 started.
May 07, 2025 5:12:30 PM org.atmosphere.cpr.AtmosphereFramework interceptor
INFO: Installed AtmosphereInterceptor  Track Message Size Interceptor using | with priority BEFORE_DEFAULT 
07-May-2025 17:12:30.426 INFO [main] org.apache.catalina.startup.HostConfig.deployWAR Deployment of web application archive [/home/radu/TAK-Server/src/oidf-server/tomcat/webapps/oidc-client.war] has finished in [2,105] ms
07-May-2025 17:12:30.427 INFO [main] org.apache.catalina.startup.HostConfig.deployWAR Deploying web application archive [/home/radu/TAK-Server/src/oidf-server/tomcat/webapps/c2id-logout.war]
07-May-2025 17:12:30.752 INFO [main] org.apache.jasper.servlet.TldScanner.scanJars At least one JAR was scanned for TLDs yet contained no TLDs. Enable debug logging for this logger for a complete list of JARs that were scanned but no TLDs were found in them. Skipping unneeded JARs during scanning can improve startup time and JSP compilation time.
07-May-2025 17:12:30.774 INFO [main] org.apache.catalina.startup.HostConfig.deployWAR Deployment of web application archive [/home/radu/TAK-Server/src/oidf-server/tomcat/webapps/c2id-logout.war] has finished in [348] ms
07-May-2025 17:12:30.777 INFO [main] org.apache.catalina.startup.HostConfig.deployWAR Deploying web application archive [/home/radu/TAK-Server/src/oidf-server/tomcat/webapps/c2id.war]
07-May-2025 17:12:37.134 INFO [main] org.apache.jasper.servlet.TldScanner.scanJars At least one JAR was scanned for TLDs yet contained no TLDs. Enable debug logging for this logger for a complete list of JARs that were scanned but no TLDs were found in them. Skipping unneeded JARs during scanning can improve startup time and JSP compilation time.
SLF4J(W): No SLF4J providers were found.
SLF4J(W): Defaulting to no-operation (NOP) logger implementation
SLF4J(W): See https://www.slf4j.org/codes.html#noProviders for further details.
SLF4J(W): Class path contains SLF4J bindings targeting slf4j-api versions 1.7.x or earlier.
SLF4J(W): Ignoring binding found at [jar:file:/home/radu/TAK-Server/src/oidf-server/tomcat/webapps/c2id/WEB-INF/lib/log4j-slf4j-impl-2.24.2.jar!/org/slf4j/impl/StaticLoggerBinder.class]
SLF4J(W): See https://www.slf4j.org/codes.html#ignoredBindings for an explanation.
07-May-2025 17:12:43.615 WARNING [main] org.glassfish.jersey.message.internal.MessagingBinders$EnabledProvidersBinder.bindToBinder A class jakarta.activation.DataSource for a default provider MessageBodyWriter<jakarta.activation.DataSource> was not found. The provider is not available.
07-May-2025 17:12:43.637 WARNING [main] org.glassfish.jersey.server.wadl.WadlFeature.configure JAX-B API not found . WADL feature is disabled.
07-May-2025 17:12:43.714 WARNING [main] org.glassfish.jersey.internal.inject.Providers.checkProviderRuntime A provider com.nimbusds.openid.connect.provider.sts.STSEndpoint registered in SERVER runtime does not implement any provider interfaces applicable in the SERVER runtime. Due to constraint configuration problems the provider com.nimbusds.openid.connect.provider.sts.STSEndpoint will be ignored. 
07-May-2025 17:12:43.832 WARNING [main] org.glassfish.jersey.server.wadl.WadlFeature.configure JAX-B API not found . WADL feature is disabled.
07-May-2025 17:12:43.840 WARNING [main] org.glassfish.jersey.internal.inject.Providers.checkProviderRuntime A provider com.nimbusds.authzstore.rest.WebAPI registered in SERVER runtime does not implement any provider interfaces applicable in the SERVER runtime. Due to constraint configuration problems the provider com.nimbusds.authzstore.rest.WebAPI will be ignored. 
07-May-2025 17:12:43.905 WARNING [main] org.glassfish.jersey.server.wadl.WadlFeature.configure JAX-B API not found . WADL feature is disabled.
07-May-2025 17:12:43.908 WARNING [main] org.glassfish.jersey.internal.inject.Providers.checkProviderRuntime A provider com.nimbusds.openid.connect.provider.ciba.sessions.CIBASessionsEndpoint registered in SERVER runtime does not implement any provider interfaces applicable in the SERVER runtime. Due to constraint configuration problems the provider com.nimbusds.openid.connect.provider.ciba.sessions.CIBASessionsEndpoint will be ignored. 
07-May-2025 17:12:43.937 WARNING [main] org.glassfish.jersey.server.wadl.WadlFeature.configure JAX-B API not found . WADL feature is disabled.
07-May-2025 17:12:43.940 WARNING [main] org.glassfish.jersey.internal.inject.Providers.checkProviderRuntime A provider com.nimbusds.openid.connect.provider.checksession.CheckSessionBackendEndpoint registered in SERVER runtime does not implement any provider interfaces applicable in the SERVER runtime. Due to constraint configuration problems the provider com.nimbusds.openid.connect.provider.checksession.CheckSessionBackendEndpoint will be ignored. 
07-May-2025 17:12:43.971 WARNING [main] org.glassfish.jersey.server.wadl.WadlFeature.configure JAX-B API not found . WADL feature is disabled.
07-May-2025 17:12:44.024 WARNING [main] org.glassfish.jersey.server.wadl.WadlFeature.configure JAX-B API not found . WADL feature is disabled.
07-May-2025 17:12:44.031 WARNING [main] org.glassfish.jersey.internal.inject.Providers.checkProviderRuntime A provider com.nimbusds.sessionstore.rest.WebAPI registered in SERVER runtime does not implement any provider interfaces applicable in the SERVER runtime. Due to constraint configuration problems the provider com.nimbusds.sessionstore.rest.WebAPI will be ignored. 
07-May-2025 17:12:44.074 WARNING [main] org.glassfish.jersey.server.wadl.WadlFeature.configure JAX-B API not found . WADL feature is disabled.
07-May-2025 17:12:44.079 WARNING [main] org.glassfish.jersey.internal.inject.Providers.checkProviderRuntime A provider com.nimbusds.openid.connect.provider.authz.AuthorizationSessionEndpoint registered in SERVER runtime does not implement any provider interfaces applicable in the SERVER runtime. Due to constraint configuration problems the provider com.nimbusds.openid.connect.provider.authz.AuthorizationSessionEndpoint will be ignored. 
07-May-2025 17:12:44.106 WARNING [main] org.glassfish.jersey.server.wadl.WadlFeature.configure JAX-B API not found . WADL feature is disabled.
07-May-2025 17:12:44.109 WARNING [main] org.glassfish.jersey.internal.inject.Providers.checkProviderRuntime A provider com.nimbusds.openid.connect.provider.config.ConfigurationEndpoint registered in SERVER runtime does not implement any provider interfaces applicable in the SERVER runtime. Due to constraint configuration problems the provider com.nimbusds.openid.connect.provider.config.ConfigurationEndpoint will be ignored. 
07-May-2025 17:12:44.130 WARNING [main] org.glassfish.jersey.server.wadl.WadlFeature.configure JAX-B API not found . WADL feature is disabled.
07-May-2025 17:12:44.133 WARNING [main] org.glassfish.jersey.internal.inject.Providers.checkProviderRuntime A provider com.nimbusds.openid.connect.provider.authz.DirectAuthorizationEndpoint registered in SERVER runtime does not implement any provider interfaces applicable in the SERVER runtime. Due to constraint configuration problems the provider com.nimbusds.openid.connect.provider.authz.DirectAuthorizationEndpoint will be ignored. 
07-May-2025 17:12:44.160 WARNING [main] org.glassfish.jersey.server.wadl.WadlFeature.configure JAX-B API not found . WADL feature is disabled.
07-May-2025 17:12:44.163 WARNING [main] org.glassfish.jersey.internal.inject.Providers.checkProviderRuntime A provider com.nimbusds.openid.connect.provider.logout.endpoint.LogoutSessionEndpoint registered in SERVER runtime does not implement any provider interfaces applicable in the SERVER runtime. Due to constraint configuration problems the provider com.nimbusds.openid.connect.provider.logout.endpoint.LogoutSessionEndpoint will be ignored. 
07-May-2025 17:12:44.286 INFO [main] org.apache.catalina.startup.HostConfig.deployWAR Deployment of web application archive [/home/radu/TAK-Server/src/oidf-server/tomcat/webapps/c2id.war] has finished in [13,509] ms
07-May-2025 17:12:44.286 INFO [main] org.apache.catalina.startup.HostConfig.deployDirectory Deploying web application directory [/home/radu/TAK-Server/src/oidf-server/tomcat/webapps/manager]
07-May-2025 17:12:44.311 INFO [main] org.apache.catalina.startup.HostConfig.deployDirectory Deployment of web application directory [/home/radu/TAK-Server/src/oidf-server/tomcat/webapps/manager] has finished in [25] ms
07-May-2025 17:12:44.311 INFO [main] org.apache.catalina.startup.HostConfig.deployDirectory Deploying web application directory [/home/radu/TAK-Server/src/oidf-server/tomcat/webapps/ROOT]
07-May-2025 17:12:44.322 INFO [main] org.apache.catalina.startup.HostConfig.deployDirectory Deployment of web application directory [/home/radu/TAK-Server/src/oidf-server/tomcat/webapps/ROOT] has finished in [11] ms
07-May-2025 17:12:44.323 INFO [main] org.apache.catalina.startup.HostConfig.deployDirectory Deploying web application directory [/home/radu/TAK-Server/src/oidf-server/tomcat/webapps/host-manager]
07-May-2025 17:12:44.338 INFO [main] org.apache.catalina.startup.HostConfig.deployDirectory Deployment of web application directory [/home/radu/TAK-Server/src/oidf-server/tomcat/webapps/host-manager] has finished in [14] ms
07-May-2025 17:12:44.343 INFO [main] org.apache.coyote.AbstractProtocol.start Starting ProtocolHandler ["http-nio-8080"]
07-May-2025 17:12:44.355 INFO [main] org.apache.catalina.startup.Catalina.start Server startup in [30909] milliseconds
07-May-2025 17:13:10.135 INFO [main] org.apache.catalina.core.StandardServer.await A valid shutdown command was received via the shutdown port. Stopping the Server instance.
07-May-2025 17:13:10.135 INFO [main] org.apache.coyote.AbstractProtocol.pause Pausing ProtocolHandler ["http-nio-8080"]
07-May-2025 17:13:10.137 INFO [main] org.apache.catalina.core.StandardService.stopInternal Stopping service [Catalina]
[CM8005] Stopping Infinispan...
[CM8015] Stopped Infinispan cache clients.remoteRequestJWTClaimsCache in 3 ms
[CM8015] Stopped Infinispan cache op.loginHintTokenMap in 5 ms
[CM8015] Stopped Infinispan cache op.dPoPJTICache in 5 ms
[CM8015] Stopped Infinispan cache keyStore.jwkSetMap in 364 ms
[CM8015] Stopped Infinispan cache sessionStore.sessionMap in 376 ms
[CM8015] Stopped Infinispan cache federation.registrationsMap in 377 ms
[CM8015] Stopped Infinispan cache op.authSessionMap in 377 ms
[CM8015] Stopped Infinispan cache authzStore.revocationJournalMap in 378 ms
[CM8015] Stopped Infinispan cache clients.registrationsMap in 378 ms
[CM8015] Stopped Infinispan cache authzStore.expendedTokenMap in 378 ms
[CM8015] Stopped Infinispan cache clients.remoteJWKSetCache in 379 ms
[CM8015] Stopped Infinispan cache authzStore.codeMap in 379 ms
[CM8015] Stopped Infinispan cache authzStore.longLivedAuthzMap in 379 ms
[CM8015] Stopped Infinispan cache keyStore.jwkSetHistoryMap in 380 ms
[CM8015] Stopped Infinispan cache authzStore.idAccessTokenMap in 381 ms
[CM8015] Stopped Infinispan cache op.consentSessionMap in 382 ms
[CM8015] Stopped Infinispan cache sessionStore.subjectMap in 383 ms
[CM8015] Stopped Infinispan cache org.infinispan.CONFIG in 383 ms
07-May-2025 17:13:10.601 WARNING [main] org.apache.catalina.loader.WebappClassLoaderBase.clearReferencesThreads The web application [c2id] appears to have started a thread named [RxCachedWorkerPoolEvictor-1] but has failed to stop it. This is very likely to create a memory leak. Stack trace of thread:
 java.base@17.0.15/jdk.internal.misc.Unsafe.park(Native Method)
 java.base@17.0.15/java.util.concurrent.locks.LockSupport.parkNanos(LockSupport.java:252)
 java.base@17.0.15/java.util.concurrent.locks.AbstractQueuedSynchronizer$ConditionObject.awaitNanos(AbstractQueuedSynchronizer.java:1679)
 java.base@17.0.15/java.util.concurrent.ScheduledThreadPoolExecutor$DelayedWorkQueue.take(ScheduledThreadPoolExecutor.java:1182)
 java.base@17.0.15/java.util.concurrent.ScheduledThreadPoolExecutor$DelayedWorkQueue.take(ScheduledThreadPoolExecutor.java:899)
 java.base@17.0.15/java.util.concurrent.ThreadPoolExecutor.getTask(ThreadPoolExecutor.java:1062)
 java.base@17.0.15/java.util.concurrent.ThreadPoolExecutor.runWorker(ThreadPoolExecutor.java:1122)
 java.base@17.0.15/java.util.concurrent.ThreadPoolExecutor$Worker.run(ThreadPoolExecutor.java:635)
 java.base@17.0.15/java.lang.Thread.run(Thread.java:840)
07-May-2025 17:13:10.602 WARNING [main] org.apache.catalina.loader.WebappClassLoaderBase.clearReferencesThreads The web application [c2id] appears to have started a thread named [HttpClient-1-SelectorManager] but has failed to stop it. This is very likely to create a memory leak. Stack trace of thread:
 java.base@17.0.15/sun.nio.ch.EPoll.wait(Native Method)
 java.base@17.0.15/sun.nio.ch.EPollSelectorImpl.doSelect(EPollSelectorImpl.java:118)
 java.base@17.0.15/sun.nio.ch.SelectorImpl.lockAndDoSelect(SelectorImpl.java:129)
 java.base@17.0.15/sun.nio.ch.SelectorImpl.select(SelectorImpl.java:141)
 platform/java.net.http@17.0.15/jdk.internal.net.http.HttpClientImpl$SelectorManager.run(HttpClientImpl.java:894)
07-May-2025 17:13:10.621 INFO [main] org.apache.coyote.AbstractProtocol.stop Stopping ProtocolHandler ["http-nio-8080"]
07-May-2025 17:13:10.624 INFO [main] org.apache.coyote.AbstractProtocol.destroy Destroying ProtocolHandler ["http-nio-8080"]
NOTE: Picked up JDK_JAVA_OPTIONS: -Dloader.path=WEB-INF/lib-provided,WEB-INF/lib,WEB-INF/classes,file:lib/ -Djava.net.preferIPv4Stack=true -Djava.security.egd=file:/dev/./urandom -DIGNITE_UPDATE_NOTIFIER=false -DIGNITE_QUIET=true -Dio.netty.tmpdir=/home/radu/TAK-Server/src/takserver-core/example -Djava.io.tmpdir=/home/radu/TAK-Server/src/takserver-core/example -Dio.netty.native.workdir=/home/radu/TAK-Server/src/takserver-core/example -Djdk.tls.client.protocols=TLSv1.2 --add-opens=java.base/sun.security.pkcs=ALL-UNNAMED --add-opens=java.base/sun.security.pkcs10=ALL-UNNAMED --add-opens=java.base/sun.security.util=ALL-UNNAMED --add-opens=java.base/sun.security.x509=ALL-UNNAMED --add-opens=java.base/sun.security.tools.keytool=ALL-UNNAMED --add-opens=java.base/jdk.internal.misc=ALL-UNNAMED --add-opens=java.base/sun.nio.ch=ALL-UNNAMED --add-opens=java.management/com.sun.jmx.mbeanserver=ALL-UNNAMED --add-opens=jdk.internal.jvmstat/sun.jvmstat.monitor=ALL-UNNAMED --add-opens=java.base/sun.reflect.generics.reflectiveObjects=ALL-UNNAMED --add-opens=jdk.management/com.sun.management.internal=ALL-UNNAMED --add-opens=java.base/java.io=ALL-UNNAMED --add-opens=java.base/java.nio=ALL-UNNAMED --add-opens=java.base/java.util=ALL-UNNAMED --add-opens=java.base/java.util.concurrent=ALL-UNNAMED --add-opens=java.base/java.util.concurrent.locks=ALL-UNNAMED --add-opens=java.base/java.util.concurrent.atomic=ALL-UNNAMED --add-opens=java.base/java.lang=ALL-UNNAMED --add-opens=java.base/java.lang.invoke=ALL-UNNAMED --add-opens=java.base/java.math=ALL-UNNAMED --add-opens=java.sql/java.sql=ALL-UNNAMED --add-opens=java.base/javax.net.ssl=ALL-UNNAMED --add-opens=java.base/java.net=ALL-UNNAMED --add-opens=jdk.unsupported/sun.misc=ALL-UNNAMED --add-opens=java.base/java.lang.ref=ALL-UNNAMED --add-opens=java.base/java.lang.reflect=ALL-UNNAMED --add-opens=java.base/java.security=ALL-UNNAMED --add-opens=java.base/java.security.ssl=ALL-UNNAMED --add-opens=java.base/java.security.cert=ALL-UNNAMED --add-opens=java.base/sun.security.rsa=ALL-UNNAMED --add-opens=java.base/sun.security.ssl=ALL-UNNAMED --add-opens=java.base/sun.security.x500=ALL-UNNAMED --add-opens=java.base/sun.security.pkcs12=ALL-UNNAMED --add-opens=java.base/sun.security.provider=ALL-UNNAMED --add-opens=java.base/javax.security.auth.x500=ALL-UNNAMED
WARNING: package java.security.ssl not in java.base
WARNING: package sun.security.x500 not in java.base
08-May-2025 13:58:36.261 INFO [main] org.apache.catalina.startup.VersionLoggerListener.log Server version name:   Apache Tomcat/10.1.39
08-May-2025 13:58:36.279 INFO [main] org.apache.catalina.startup.VersionLoggerListener.log Server built:          Mar 4 2025 19:02:32 UTC
08-May-2025 13:58:36.279 INFO [main] org.apache.catalina.startup.VersionLoggerListener.log Server version number: 10.1.39.0
08-May-2025 13:58:36.279 INFO [main] org.apache.catalina.startup.VersionLoggerListener.log OS Name:               Linux
08-May-2025 13:58:36.279 INFO [main] org.apache.catalina.startup.VersionLoggerListener.log OS Version:            6.8.0-59-generic
08-May-2025 13:58:36.279 INFO [main] org.apache.catalina.startup.VersionLoggerListener.log Architecture:          amd64
08-May-2025 13:58:36.279 INFO [main] org.apache.catalina.startup.VersionLoggerListener.log Java Home:             /usr/lib/jvm/java-17-openjdk-amd64
08-May-2025 13:58:36.280 INFO [main] org.apache.catalina.startup.VersionLoggerListener.log JVM Version:           17.0.15+6-Ubuntu-0ubuntu122.04
08-May-2025 13:58:36.280 INFO [main] org.apache.catalina.startup.VersionLoggerListener.log JVM Vendor:            Ubuntu
08-May-2025 13:58:36.284 INFO [main] org.apache.catalina.startup.VersionLoggerListener.log CATALINA_BASE:         /home/radu/TAK-Server/src/oidf-server/tomcat
08-May-2025 13:58:36.284 INFO [main] org.apache.catalina.startup.VersionLoggerListener.log CATALINA_HOME:         /home/radu/TAK-Server/src/oidf-server/tomcat
08-May-2025 13:58:36.292 INFO [main] org.apache.catalina.core.AprLifecycleListener.lifecycleEvent The Apache Tomcat Native library which allows using OpenSSL was not found on the java.library.path: [/home/radu/opt/lib::/usr/java/packages/lib:/usr/lib/x86_64-linux-gnu/jni:/lib/x86_64-linux-gnu:/usr/lib/x86_64-linux-gnu:/usr/lib/jni:/lib:/usr/lib]
08-May-2025 13:58:37.394 INFO [main] org.apache.coyote.AbstractProtocol.init Initializing ProtocolHandler ["http-nio-8080"]
08-May-2025 13:58:37.476 INFO [main] org.apache.catalina.startup.Catalina.load Server initialization in [1958] milliseconds
08-May-2025 13:58:37.713 INFO [main] org.apache.catalina.core.StandardService.startInternal Starting service [Catalina]
08-May-2025 13:58:37.714 INFO [main] org.apache.catalina.core.StandardEngine.startInternal Starting Servlet engine: [Apache Tomcat/10.1.39]
08-May-2025 13:58:37.796 INFO [main] org.apache.catalina.startup.HostConfig.deployWAR Deploying web application archive [/home/radu/TAK-Server/src/oidf-server/tomcat/webapps/ldapauth.war]
08-May-2025 13:58:39.006 INFO [main] org.apache.jasper.servlet.TldScanner.scanJars At least one JAR was scanned for TLDs yet contained no TLDs. Enable debug logging for this logger for a complete list of JARs that were scanned but no TLDs were found in them. Skipping unneeded JARs during scanning can improve startup time and JSP compilation time.
08-May-2025 13:58:41.273 INFO [main] org.apache.catalina.startup.HostConfig.deployWAR Deployment of web application archive [/home/radu/TAK-Server/src/oidf-server/tomcat/webapps/ldapauth.war] has finished in [3,464] ms
08-May-2025 13:58:41.276 INFO [main] org.apache.catalina.startup.HostConfig.deployWAR Deploying web application archive [/home/radu/TAK-Server/src/oidf-server/tomcat/webapps/password-grant-handler.war]
08-May-2025 13:58:41.785 INFO [main] org.apache.jasper.servlet.TldScanner.scanJars At least one JAR was scanned for TLDs yet contained no TLDs. Enable debug logging for this logger for a complete list of JARs that were scanned but no TLDs were found in them. Skipping unneeded JARs during scanning can improve startup time and JSP compilation time.
08-May-2025 13:58:42.689 INFO [main] org.apache.catalina.startup.HostConfig.deployWAR Deployment of web application archive [/home/radu/TAK-Server/src/oidf-server/tomcat/webapps/password-grant-handler.war] has finished in [1,413] ms
08-May-2025 13:58:42.694 INFO [main] org.apache.catalina.startup.HostConfig.deployWAR Deploying web application archive [/home/radu/TAK-Server/src/oidf-server/tomcat/webapps/c2id-login.war]
08-May-2025 13:58:45.997 INFO [main] org.apache.jasper.servlet.TldScanner.scanJars At least one JAR was scanned for TLDs yet contained no TLDs. Enable debug logging for this logger for a complete list of JARs that were scanned but no TLDs were found in them. Skipping unneeded JARs during scanning can improve startup time and JSP compilation time.

                                  _   ___  _     _
                                 | | |__ \(_)   | |
   ___ ___  _ __  _ __   ___  ___| |_   ) )_  __| |
  / __/ _ \| '_ \| '_ \ / _ \/ __| __| / /| |/ _` |
 | (_| (_) | | | | | | |  __/ (__| |_ / /_| | (_| |
  \___\___/|_| |_|_| |_|\___|\___|\__|____|_|\__,_|  Login  (v3.4.5-migrated-1.0.9)

2025-05-08 13:58:49.162  INFO 99000 --- [           main] com.nimbusds.login.C2idLogin             : Starting C2idLogin v3.4.5-migrated-1.0.9 using Java 17.0.15 on lenss-10 with PID 99000 (/home/radu/TAK-Server/src/oidf-server/tomcat/webapps/c2id-login/WEB-INF/classes started by radu in /home/radu/TAK-Server/src/takserver-core/example)
2025-05-08 13:58:49.191  INFO 99000 --- [           main] com.nimbusds.login.C2idLogin             : The following profiles are active: prod
2025-05-08 13:58:56.348  INFO 99000 --- [           main] com.nimbusds.login.C2idLogin             : Started C2idLogin in 9.761 seconds (JVM running for 21.475)
08-May-2025 13:58:56.386 INFO [main] org.apache.catalina.startup.HostConfig.deployWAR Deployment of web application archive [/home/radu/TAK-Server/src/oidf-server/tomcat/webapps/c2id-login.war] has finished in [13,691] ms
08-May-2025 13:58:56.390 INFO [main] org.apache.catalina.startup.HostConfig.deployWAR Deploying web application archive [/home/radu/TAK-Server/src/oidf-server/tomcat/webapps/oidc-client.war]
May 08, 2025 1:58:57 PM org.apache.jasper.servlet.TldScanner scanJars
INFO: At least one JAR was scanned for TLDs yet contained no TLDs. Enable debug logging for this logger for a complete list of JARs that were scanned but no TLDs were found in them. Skipping unneeded JARs during scanning can improve startup time and JSP compilation time.
May 08, 2025 1:58:57 PM org.apache.catalina.core.ApplicationContext log
INFO: Initializing AtmosphereFramework
May 08, 2025 1:58:58 PM org.atmosphere.cpr.AtmosphereFramework addAtmosphereHandler
INFO: Installed AtmosphereHandler com.vaadin.server.communication.PushAtmosphereHandler mapped to context-path: /*
May 08, 2025 1:58:58 PM org.atmosphere.cpr.AtmosphereFramework addAtmosphereHandler
INFO: Installed the following AtmosphereInterceptor mapped to AtmosphereHandler com.vaadin.server.communication.PushAtmosphereHandler
May 08, 2025 1:58:58 PM org.atmosphere.util.IOUtils readServiceFile
INFO: META-INF/services/org.atmosphere.cpr.AtmosphereFramework not found in class loader
May 08, 2025 1:58:58 PM org.atmosphere.cpr.AtmosphereFramework autoConfigureService
INFO: Atmosphere is using org.atmosphere.util.VoidAnnotationProcessor for processing annotation
May 08, 2025 1:58:58 PM org.atmosphere.cpr.AtmosphereFramework initWebSocket
INFO: Installed WebSocketProtocol org.atmosphere.websocket.protocol.SimpleHttpProtocol 
May 08, 2025 1:58:58 PM org.atmosphere.container.JSR356AsyncSupport <init>
INFO: JSR 356 Mapping path /cb
May 08, 2025 1:58:58 PM org.atmosphere.cpr.AtmosphereFramework configureAtmosphereInterceptor
INFO: Installing Default AtmosphereInterceptors
May 08, 2025 1:58:58 PM org.atmosphere.cpr.AtmosphereFramework newAInterceptor
INFO: 	org.atmosphere.interceptor.CorsInterceptor : CORS Interceptor Support
May 08, 2025 1:58:58 PM org.atmosphere.cpr.AtmosphereFramework newAInterceptor
INFO: 	org.atmosphere.interceptor.CacheHeadersInterceptor : Default Response's Headers Interceptor
May 08, 2025 1:58:58 PM org.atmosphere.cpr.AtmosphereFramework newAInterceptor
INFO: 	org.atmosphere.interceptor.PaddingAtmosphereInterceptor : Browser Padding Interceptor Support
May 08, 2025 1:58:58 PM org.atmosphere.cpr.AtmosphereFramework newAInterceptor
INFO: 	org.atmosphere.interceptor.AndroidAtmosphereInterceptor : Android Interceptor Support
May 08, 2025 1:58:58 PM org.atmosphere.cpr.AtmosphereFramework configureAtmosphereInterceptor
INFO: Dropping Interceptor org.atmosphere.interceptor.HeartbeatInterceptor
May 08, 2025 1:58:58 PM org.atmosphere.cpr.AtmosphereFramework newAInterceptor
INFO: 	org.atmosphere.interceptor.SSEAtmosphereInterceptor : SSE Interceptor Support
May 08, 2025 1:58:58 PM org.atmosphere.cpr.AtmosphereFramework newAInterceptor
INFO: 	org.atmosphere.interceptor.JSONPAtmosphereInterceptor : JSONP Interceptor Support
May 08, 2025 1:58:58 PM org.atmosphere.cpr.AtmosphereFramework newAInterceptor
INFO: 	org.atmosphere.interceptor.JavaScriptProtocol : Atmosphere JavaScript Protocol
May 08, 2025 1:58:58 PM org.atmosphere.cpr.AtmosphereFramework newAInterceptor
INFO: 	org.atmosphere.interceptor.WebSocketMessageSuspendInterceptor : org.atmosphere.interceptor.WebSocketMessageSuspendInterceptor
May 08, 2025 1:58:58 PM org.atmosphere.cpr.AtmosphereFramework newAInterceptor
INFO: 	org.atmosphere.interceptor.OnDisconnectInterceptor : Browser disconnection detection
May 08, 2025 1:58:58 PM org.atmosphere.cpr.AtmosphereFramework newAInterceptor
INFO: 	org.atmosphere.interceptor.IdleResourceInterceptor : org.atmosphere.interceptor.IdleResourceInterceptor
May 08, 2025 1:58:58 PM org.atmosphere.cpr.AtmosphereFramework configureAtmosphereInterceptor
INFO: Set org.atmosphere.cpr.AtmosphereInterceptor.disableDefaults to disable them.
May 08, 2025 1:58:58 PM org.atmosphere.cpr.AtmosphereFramework info
INFO: Using EndpointMapper class org.atmosphere.util.DefaultEndpointMapper
May 08, 2025 1:58:58 PM org.atmosphere.cpr.AtmosphereFramework info
INFO: Using BroadcasterCache: org.atmosphere.cache.UUIDBroadcasterCache
May 08, 2025 1:58:58 PM org.atmosphere.cpr.AtmosphereFramework info
INFO: Default Broadcaster Class: org.atmosphere.cpr.DefaultBroadcaster
May 08, 2025 1:58:58 PM org.atmosphere.cpr.AtmosphereFramework info
INFO: Broadcaster Polling Wait Time 100
May 08, 2025 1:58:58 PM org.atmosphere.cpr.AtmosphereFramework info
INFO: Shared ExecutorService supported: true
May 08, 2025 1:58:58 PM org.atmosphere.cpr.AtmosphereFramework info
INFO: Messaging Thread Pool Size: Unlimited
May 08, 2025 1:58:58 PM org.atmosphere.cpr.AtmosphereFramework info
INFO: Async I/O Thread Pool Size: 200
May 08, 2025 1:58:58 PM org.atmosphere.cpr.AtmosphereFramework info
INFO: Using BroadcasterFactory: org.atmosphere.cpr.DefaultBroadcasterFactory
May 08, 2025 1:58:58 PM org.atmosphere.cpr.AtmosphereFramework info
INFO: Using WebSocketProcessor: org.atmosphere.websocket.DefaultWebSocketProcessor
May 08, 2025 1:58:58 PM org.atmosphere.cpr.AtmosphereFramework info
INFO: Invoke AtmosphereInterceptor on WebSocket message true
May 08, 2025 1:58:58 PM org.atmosphere.cpr.AtmosphereFramework info
INFO: HttpSession supported: true
May 08, 2025 1:58:58 PM org.atmosphere.cpr.AtmosphereFramework info
INFO: Atmosphere is using DefaultAtmosphereObjectFactory for dependency injection and object creation
May 08, 2025 1:58:58 PM org.atmosphere.cpr.AtmosphereFramework info
INFO: Atmosphere is using async support: org.atmosphere.container.JSR356AsyncSupport running under container: Apache Tomcat/10.1.39 using jakarta.servlet/3.0 and jsr356/WebSocket API
May 08, 2025 1:58:58 PM org.atmosphere.cpr.AtmosphereFramework info
INFO: Atmosphere Framework 2.2.13.vaadin1 started.
May 08, 2025 1:58:58 PM org.atmosphere.cpr.AtmosphereFramework interceptor
INFO: Installed AtmosphereInterceptor  Track Message Size Interceptor using | with priority BEFORE_DEFAULT 
May 08, 2025 1:58:58 PM org.atmosphere.cpr.AtmosphereFramework addAtmosphereHandler
INFO: Installed AtmosphereHandler com.vaadin.server.communication.PushAtmosphereHandler mapped to context-path: /*
May 08, 2025 1:58:58 PM org.atmosphere.cpr.AtmosphereFramework addAtmosphereHandler
INFO: Installed the following AtmosphereInterceptor mapped to AtmosphereHandler com.vaadin.server.communication.PushAtmosphereHandler
May 08, 2025 1:58:58 PM org.atmosphere.util.IOUtils readServiceFile
INFO: META-INF/services/org.atmosphere.cpr.AtmosphereFramework not found in class loader
May 08, 2025 1:58:58 PM org.atmosphere.cpr.AtmosphereFramework autoConfigureService
INFO: Atmosphere is using org.atmosphere.util.VoidAnnotationProcessor for processing annotation
May 08, 2025 1:58:58 PM org.atmosphere.cpr.AtmosphereFramework initWebSocket
INFO: Installed WebSocketProtocol org.atmosphere.websocket.protocol.SimpleHttpProtocol 
May 08, 2025 1:58:58 PM org.atmosphere.container.JSR356AsyncSupport <init>
INFO: JSR 356 Mapping path /{path}
May 08, 2025 1:58:58 PM org.atmosphere.cpr.AtmosphereFramework configureAtmosphereInterceptor
INFO: Installing Default AtmosphereInterceptors
May 08, 2025 1:58:58 PM org.atmosphere.cpr.AtmosphereFramework newAInterceptor
INFO: 	org.atmosphere.interceptor.CorsInterceptor : CORS Interceptor Support
May 08, 2025 1:58:58 PM org.atmosphere.cpr.AtmosphereFramework newAInterceptor
INFO: 	org.atmosphere.interceptor.CacheHeadersInterceptor : Default Response's Headers Interceptor
May 08, 2025 1:58:58 PM org.atmosphere.cpr.AtmosphereFramework newAInterceptor
INFO: 	org.atmosphere.interceptor.PaddingAtmosphereInterceptor : Browser Padding Interceptor Support
May 08, 2025 1:58:58 PM org.atmosphere.cpr.AtmosphereFramework newAInterceptor
INFO: 	org.atmosphere.interceptor.AndroidAtmosphereInterceptor : Android Interceptor Support
May 08, 2025 1:58:58 PM org.atmosphere.cpr.AtmosphereFramework configureAtmosphereInterceptor
INFO: Dropping Interceptor org.atmosphere.interceptor.HeartbeatInterceptor
May 08, 2025 1:58:58 PM org.atmosphere.cpr.AtmosphereFramework newAInterceptor
INFO: 	org.atmosphere.interceptor.SSEAtmosphereInterceptor : SSE Interceptor Support
May 08, 2025 1:58:58 PM org.atmosphere.cpr.AtmosphereFramework newAInterceptor
INFO: 	org.atmosphere.interceptor.JSONPAtmosphereInterceptor : JSONP Interceptor Support
May 08, 2025 1:58:58 PM org.atmosphere.cpr.AtmosphereFramework newAInterceptor
INFO: 	org.atmosphere.interceptor.JavaScriptProtocol : Atmosphere JavaScript Protocol
May 08, 2025 1:58:58 PM org.atmosphere.cpr.AtmosphereFramework newAInterceptor
INFO: 	org.atmosphere.interceptor.WebSocketMessageSuspendInterceptor : org.atmosphere.interceptor.WebSocketMessageSuspendInterceptor
May 08, 2025 1:58:58 PM org.atmosphere.cpr.AtmosphereFramework newAInterceptor
INFO: 	org.atmosphere.interceptor.OnDisconnectInterceptor : Browser disconnection detection
May 08, 2025 1:58:58 PM org.atmosphere.cpr.AtmosphereFramework newAInterceptor
INFO: 	org.atmosphere.interceptor.IdleResourceInterceptor : org.atmosphere.interceptor.IdleResourceInterceptor
May 08, 2025 1:58:58 PM org.atmosphere.cpr.AtmosphereFramework configureAtmosphereInterceptor
INFO: Set org.atmosphere.cpr.AtmosphereInterceptor.disableDefaults to disable them.
May 08, 2025 1:58:58 PM org.atmosphere.cpr.AtmosphereFramework info
INFO: Using EndpointMapper class org.atmosphere.util.DefaultEndpointMapper
May 08, 2025 1:58:58 PM org.atmosphere.cpr.AtmosphereFramework info
INFO: Using BroadcasterCache: org.atmosphere.cache.UUIDBroadcasterCache
May 08, 2025 1:58:58 PM org.atmosphere.cpr.AtmosphereFramework info
INFO: Default Broadcaster Class: org.atmosphere.cpr.DefaultBroadcaster
May 08, 2025 1:58:58 PM org.atmosphere.cpr.AtmosphereFramework info
INFO: Broadcaster Polling Wait Time 100
May 08, 2025 1:58:58 PM org.atmosphere.cpr.AtmosphereFramework info
INFO: Shared ExecutorService supported: true
May 08, 2025 1:58:58 PM org.atmosphere.cpr.AtmosphereFramework info
INFO: Messaging Thread Pool Size: Unlimited
May 08, 2025 1:58:58 PM org.atmosphere.cpr.AtmosphereFramework info
INFO: Async I/O Thread Pool Size: 200
May 08, 2025 1:58:58 PM org.atmosphere.cpr.AtmosphereFramework info
INFO: Using BroadcasterFactory: org.atmosphere.cpr.DefaultBroadcasterFactory
May 08, 2025 1:58:58 PM org.atmosphere.cpr.AtmosphereFramework info
INFO: Using WebSocketProcessor: org.atmosphere.websocket.DefaultWebSocketProcessor
May 08, 2025 1:58:58 PM org.atmosphere.cpr.AtmosphereFramework info
INFO: Invoke AtmosphereInterceptor on WebSocket message true
May 08, 2025 1:58:58 PM org.atmosphere.cpr.AtmosphereFramework info
INFO: HttpSession supported: true
May 08, 2025 1:58:58 PM org.atmosphere.cpr.AtmosphereFramework info
INFO: Atmosphere is using DefaultAtmosphereObjectFactory for dependency injection and object creation
May 08, 2025 1:58:58 PM org.atmosphere.cpr.AtmosphereFramework info
INFO: Atmosphere is using async support: org.atmosphere.container.JSR356AsyncSupport running under container: Apache Tomcat/10.1.39 using jakarta.servlet/3.0 and jsr356/WebSocket API
May 08, 2025 1:58:58 PM org.atmosphere.cpr.AtmosphereFramework info
INFO: Atmosphere Framework 2.2.13.vaadin1 started.
May 08, 2025 1:58:58 PM org.atmosphere.cpr.AtmosphereFramework interceptor
INFO: Installed AtmosphereInterceptor  Track Message Size Interceptor using | with priority BEFORE_DEFAULT 
08-May-2025 13:58:58.179 INFO [main] org.apache.catalina.startup.HostConfig.deployWAR Deployment of web application archive [/home/radu/TAK-Server/src/oidf-server/tomcat/webapps/oidc-client.war] has finished in [1,789] ms
08-May-2025 13:58:58.182 INFO [main] org.apache.catalina.startup.HostConfig.deployWAR Deploying web application archive [/home/radu/TAK-Server/src/oidf-server/tomcat/webapps/c2id-logout.war]
08-May-2025 13:58:58.513 INFO [main] org.apache.jasper.servlet.TldScanner.scanJars At least one JAR was scanned for TLDs yet contained no TLDs. Enable debug logging for this logger for a complete list of JARs that were scanned but no TLDs were found in them. Skipping unneeded JARs during scanning can improve startup time and JSP compilation time.
08-May-2025 13:58:58.543 INFO [main] org.apache.catalina.startup.HostConfig.deployWAR Deployment of web application archive [/home/radu/TAK-Server/src/oidf-server/tomcat/webapps/c2id-logout.war] has finished in [362] ms
08-May-2025 13:58:58.543 INFO [main] org.apache.catalina.startup.HostConfig.deployWAR Deploying web application archive [/home/radu/TAK-Server/src/oidf-server/tomcat/webapps/c2id.war]
08-May-2025 13:59:07.486 INFO [main] org.apache.jasper.servlet.TldScanner.scanJars At least one JAR was scanned for TLDs yet contained no TLDs. Enable debug logging for this logger for a complete list of JARs that were scanned but no TLDs were found in them. Skipping unneeded JARs during scanning can improve startup time and JSP compilation time.
SLF4J(W): No SLF4J providers were found.
SLF4J(W): Defaulting to no-operation (NOP) logger implementation
SLF4J(W): See https://www.slf4j.org/codes.html#noProviders for further details.
SLF4J(W): Class path contains SLF4J bindings targeting slf4j-api versions 1.7.x or earlier.
SLF4J(W): Ignoring binding found at [jar:file:/home/radu/TAK-Server/src/oidf-server/tomcat/webapps/c2id/WEB-INF/lib/log4j-slf4j-impl-2.24.2.jar!/org/slf4j/impl/StaticLoggerBinder.class]
SLF4J(W): See https://www.slf4j.org/codes.html#ignoredBindings for an explanation.
08-May-2025 13:59:14.544 WARNING [main] org.glassfish.jersey.message.internal.MessagingBinders$EnabledProvidersBinder.bindToBinder A class jakarta.activation.DataSource for a default provider MessageBodyWriter<jakarta.activation.DataSource> was not found. The provider is not available.
08-May-2025 13:59:14.570 WARNING [main] org.glassfish.jersey.server.wadl.WadlFeature.configure JAX-B API not found . WADL feature is disabled.
08-May-2025 13:59:14.656 WARNING [main] org.glassfish.jersey.internal.inject.Providers.checkProviderRuntime A provider com.nimbusds.openid.connect.provider.sts.STSEndpoint registered in SERVER runtime does not implement any provider interfaces applicable in the SERVER runtime. Due to constraint configuration problems the provider com.nimbusds.openid.connect.provider.sts.STSEndpoint will be ignored. 
08-May-2025 13:59:14.800 WARNING [main] org.glassfish.jersey.server.wadl.WadlFeature.configure JAX-B API not found . WADL feature is disabled.
08-May-2025 13:59:14.809 WARNING [main] org.glassfish.jersey.internal.inject.Providers.checkProviderRuntime A provider com.nimbusds.authzstore.rest.WebAPI registered in SERVER runtime does not implement any provider interfaces applicable in the SERVER runtime. Due to constraint configuration problems the provider com.nimbusds.authzstore.rest.WebAPI will be ignored. 
08-May-2025 13:59:14.872 WARNING [main] org.glassfish.jersey.server.wadl.WadlFeature.configure JAX-B API not found . WADL feature is disabled.
08-May-2025 13:59:14.875 WARNING [main] org.glassfish.jersey.internal.inject.Providers.checkProviderRuntime A provider com.nimbusds.openid.connect.provider.ciba.sessions.CIBASessionsEndpoint registered in SERVER runtime does not implement any provider interfaces applicable in the SERVER runtime. Due to constraint configuration problems the provider com.nimbusds.openid.connect.provider.ciba.sessions.CIBASessionsEndpoint will be ignored. 
08-May-2025 13:59:14.907 WARNING [main] org.glassfish.jersey.server.wadl.WadlFeature.configure JAX-B API not found . WADL feature is disabled.
08-May-2025 13:59:14.911 WARNING [main] org.glassfish.jersey.internal.inject.Providers.checkProviderRuntime A provider com.nimbusds.openid.connect.provider.checksession.CheckSessionBackendEndpoint registered in SERVER runtime does not implement any provider interfaces applicable in the SERVER runtime. Due to constraint configuration problems the provider com.nimbusds.openid.connect.provider.checksession.CheckSessionBackendEndpoint will be ignored. 
08-May-2025 13:59:14.946 WARNING [main] org.glassfish.jersey.server.wadl.WadlFeature.configure JAX-B API not found . WADL feature is disabled.
08-May-2025 13:59:15.001 WARNING [main] org.glassfish.jersey.server.wadl.WadlFeature.configure JAX-B API not found . WADL feature is disabled.
08-May-2025 13:59:15.008 WARNING [main] org.glassfish.jersey.internal.inject.Providers.checkProviderRuntime A provider com.nimbusds.sessionstore.rest.WebAPI registered in SERVER runtime does not implement any provider interfaces applicable in the SERVER runtime. Due to constraint configuration problems the provider com.nimbusds.sessionstore.rest.WebAPI will be ignored. 
08-May-2025 13:59:15.052 WARNING [main] org.glassfish.jersey.server.wadl.WadlFeature.configure JAX-B API not found . WADL feature is disabled.
08-May-2025 13:59:15.057 WARNING [main] org.glassfish.jersey.internal.inject.Providers.checkProviderRuntime A provider com.nimbusds.openid.connect.provider.authz.AuthorizationSessionEndpoint registered in SERVER runtime does not implement any provider interfaces applicable in the SERVER runtime. Due to constraint configuration problems the provider com.nimbusds.openid.connect.provider.authz.AuthorizationSessionEndpoint will be ignored. 
08-May-2025 13:59:15.084 WARNING [main] org.glassfish.jersey.server.wadl.WadlFeature.configure JAX-B API not found . WADL feature is disabled.
08-May-2025 13:59:15.086 WARNING [main] org.glassfish.jersey.internal.inject.Providers.checkProviderRuntime A provider com.nimbusds.openid.connect.provider.config.ConfigurationEndpoint registered in SERVER runtime does not implement any provider interfaces applicable in the SERVER runtime. Due to constraint configuration problems the provider com.nimbusds.openid.connect.provider.config.ConfigurationEndpoint will be ignored. 
08-May-2025 13:59:15.107 WARNING [main] org.glassfish.jersey.server.wadl.WadlFeature.configure JAX-B API not found . WADL feature is disabled.
08-May-2025 13:59:15.109 WARNING [main] org.glassfish.jersey.internal.inject.Providers.checkProviderRuntime A provider com.nimbusds.openid.connect.provider.authz.DirectAuthorizationEndpoint registered in SERVER runtime does not implement any provider interfaces applicable in the SERVER runtime. Due to constraint configuration problems the provider com.nimbusds.openid.connect.provider.authz.DirectAuthorizationEndpoint will be ignored. 
08-May-2025 13:59:15.130 WARNING [main] org.glassfish.jersey.server.wadl.WadlFeature.configure JAX-B API not found . WADL feature is disabled.
08-May-2025 13:59:15.133 WARNING [main] org.glassfish.jersey.internal.inject.Providers.checkProviderRuntime A provider com.nimbusds.openid.connect.provider.logout.endpoint.LogoutSessionEndpoint registered in SERVER runtime does not implement any provider interfaces applicable in the SERVER runtime. Due to constraint configuration problems the provider com.nimbusds.openid.connect.provider.logout.endpoint.LogoutSessionEndpoint will be ignored. 
08-May-2025 13:59:15.259 INFO [main] org.apache.catalina.startup.HostConfig.deployWAR Deployment of web application archive [/home/radu/TAK-Server/src/oidf-server/tomcat/webapps/c2id.war] has finished in [16,716] ms
08-May-2025 13:59:15.260 INFO [main] org.apache.catalina.startup.HostConfig.deployDirectory Deploying web application directory [/home/radu/TAK-Server/src/oidf-server/tomcat/webapps/manager]
08-May-2025 13:59:15.285 INFO [main] org.apache.catalina.startup.HostConfig.deployDirectory Deployment of web application directory [/home/radu/TAK-Server/src/oidf-server/tomcat/webapps/manager] has finished in [25] ms
08-May-2025 13:59:15.285 INFO [main] org.apache.catalina.startup.HostConfig.deployDirectory Deploying web application directory [/home/radu/TAK-Server/src/oidf-server/tomcat/webapps/ROOT]
08-May-2025 13:59:15.297 INFO [main] org.apache.catalina.startup.HostConfig.deployDirectory Deployment of web application directory [/home/radu/TAK-Server/src/oidf-server/tomcat/webapps/ROOT] has finished in [12] ms
08-May-2025 13:59:15.297 INFO [main] org.apache.catalina.startup.HostConfig.deployDirectory Deploying web application directory [/home/radu/TAK-Server/src/oidf-server/tomcat/webapps/host-manager]
08-May-2025 13:59:15.312 INFO [main] org.apache.catalina.startup.HostConfig.deployDirectory Deployment of web application directory [/home/radu/TAK-Server/src/oidf-server/tomcat/webapps/host-manager] has finished in [15] ms
08-May-2025 13:59:15.316 INFO [main] org.apache.coyote.AbstractProtocol.start Starting ProtocolHandler ["http-nio-8080"]
08-May-2025 13:59:15.333 INFO [main] org.apache.catalina.startup.Catalina.start Server startup in [37857] milliseconds
08-May-2025 15:01:11.824 INFO [http-nio-8080-exec-4] org.apache.coyote.http11.Http11Processor.service Error parsing HTTP request header
 Note: further occurrences of HTTP request parsing errors will be logged at DEBUG level.
	java.lang.IllegalArgumentException: Invalid character found in method name [0x160x030x010x07a0x010x000x07]0x030x030x100x86_dk0xb80xb1\0xbe0xb20x050xb9x0xe80x81L^0x110xd40x100xa70xc7}0xe20x120x1e0xd00xe7Z0xd97~ ]. HTTP method names must be tokens
		at org.apache.coyote.http11.Http11InputBuffer.parseRequestLine(Http11InputBuffer.java:409)
		at org.apache.coyote.http11.Http11Processor.service(Http11Processor.java:270)
		at org.apache.coyote.AbstractProcessorLight.process(AbstractProcessorLight.java:63)
		at org.apache.coyote.AbstractProtocol$ConnectionHandler.process(AbstractProtocol.java:905)
		at org.apache.tomcat.util.net.NioEndpoint$SocketProcessor.doRun(NioEndpoint.java:1743)
		at org.apache.tomcat.util.net.SocketProcessorBase.run(SocketProcessorBase.java:52)
		at org.apache.tomcat.util.threads.ThreadPoolExecutor.runWorker(ThreadPoolExecutor.java:1190)
		at org.apache.tomcat.util.threads.ThreadPoolExecutor$Worker.run(ThreadPoolExecutor.java:659)
		at org.apache.tomcat.util.threads.TaskThread$WrappingRunnable.run(TaskThread.java:63)
		at java.base/java.lang.Thread.run(Thread.java:840)
08-May-2025 15:01:11.827 INFO [http-nio-8080-exec-5] org.apache.coyote.http11.Http11Processor.service Error parsing HTTP request header
 Note: further occurrences of HTTP request parsing errors will be logged at DEBUG level.
	java.lang.IllegalArgumentException: Invalid character found in method name [0x160x030x010x07a0x010x000x07]0x030x03^0xf20x0f50xa30xc20xba0x160xabW)*0xef0x880xec)|O0xae0x9b|0x110x9b0x190xcc0x10"0x0bv0x9fn0xeb ]. HTTP method names must be tokens
		at org.apache.coyote.http11.Http11InputBuffer.parseRequestLine(Http11InputBuffer.java:409)
		at org.apache.coyote.http11.Http11Processor.service(Http11Processor.java:270)
		at org.apache.coyote.AbstractProcessorLight.process(AbstractProcessorLight.java:63)
		at org.apache.coyote.AbstractProtocol$ConnectionHandler.process(AbstractProtocol.java:905)
		at org.apache.tomcat.util.net.NioEndpoint$SocketProcessor.doRun(NioEndpoint.java:1743)
		at org.apache.tomcat.util.net.SocketProcessorBase.run(SocketProcessorBase.java:52)
		at org.apache.tomcat.util.threads.ThreadPoolExecutor.runWorker(ThreadPoolExecutor.java:1190)
		at org.apache.tomcat.util.threads.ThreadPoolExecutor$Worker.run(ThreadPoolExecutor.java:659)
		at org.apache.tomcat.util.threads.TaskThread$WrappingRunnable.run(TaskThread.java:63)
		at java.base/java.lang.Thread.run(Thread.java:840)
08-May-2025 16:50:16.820 INFO [main] org.apache.catalina.core.StandardServer.await A valid shutdown command was received via the shutdown port. Stopping the Server instance.
08-May-2025 16:50:16.842 INFO [main] org.apache.coyote.AbstractProtocol.pause Pausing ProtocolHandler ["http-nio-8080"]
08-May-2025 16:50:16.843 INFO [main] org.apache.catalina.core.StandardService.stopInternal Stopping service [Catalina]
[CM8005] Stopping Infinispan...
[CM8015] Stopped Infinispan cache clients.remoteRequestJWTClaimsCache in 3 ms
[CM8015] Stopped Infinispan cache op.loginHintTokenMap in 6 ms
[CM8015] Stopped Infinispan cache op.dPoPJTICache in 6 ms
[CM8015] Stopped Infinispan cache keyStore.jwkSetMap in 342 ms
[CM8015] Stopped Infinispan cache sessionStore.sessionMap in 351 ms
[CM8015] Stopped Infinispan cache federation.registrationsMap in 351 ms
[CM8015] Stopped Infinispan cache op.authSessionMap in 352 ms
[CM8015] Stopped Infinispan cache authzStore.revocationJournalMap in 352 ms
[CM8015] Stopped Infinispan cache clients.registrationsMap in 353 ms
[CM8015] Stopped Infinispan cache authzStore.expendedTokenMap in 353 ms
[CM8015] Stopped Infinispan cache clients.remoteJWKSetCache in 354 ms
[CM8015] Stopped Infinispan cache authzStore.codeMap in 354 ms
[CM8015] Stopped Infinispan cache authzStore.longLivedAuthzMap in 354 ms
[CM8015] Stopped Infinispan cache keyStore.jwkSetHistoryMap in 355 ms
[CM8015] Stopped Infinispan cache authzStore.idAccessTokenMap in 356 ms
[CM8015] Stopped Infinispan cache op.consentSessionMap in 356 ms
[CM8015] Stopped Infinispan cache sessionStore.subjectMap in 357 ms
[CM8015] Stopped Infinispan cache org.infinispan.CONFIG in 358 ms
08-May-2025 16:50:17.317 WARNING [main] org.apache.catalina.loader.WebappClassLoaderBase.clearReferencesThreads The web application [c2id] appears to have started a thread named [RxCachedWorkerPoolEvictor-1] but has failed to stop it. This is very likely to create a memory leak. Stack trace of thread:
 java.base@17.0.15/jdk.internal.misc.Unsafe.park(Native Method)
 java.base@17.0.15/java.util.concurrent.locks.LockSupport.parkNanos(LockSupport.java:252)
 java.base@17.0.15/java.util.concurrent.locks.AbstractQueuedSynchronizer$ConditionObject.awaitNanos(AbstractQueuedSynchronizer.java:1679)
 java.base@17.0.15/java.util.concurrent.ScheduledThreadPoolExecutor$DelayedWorkQueue.take(ScheduledThreadPoolExecutor.java:1182)
 java.base@17.0.15/java.util.concurrent.ScheduledThreadPoolExecutor$DelayedWorkQueue.take(ScheduledThreadPoolExecutor.java:899)
 java.base@17.0.15/java.util.concurrent.ThreadPoolExecutor.getTask(ThreadPoolExecutor.java:1062)
 java.base@17.0.15/java.util.concurrent.ThreadPoolExecutor.runWorker(ThreadPoolExecutor.java:1122)
 java.base@17.0.15/java.util.concurrent.ThreadPoolExecutor$Worker.run(ThreadPoolExecutor.java:635)
 java.base@17.0.15/java.lang.Thread.run(Thread.java:840)
08-May-2025 16:50:17.318 WARNING [main] org.apache.catalina.loader.WebappClassLoaderBase.clearReferencesThreads The web application [c2id] appears to have started a thread named [HttpClient-1-SelectorManager] but has failed to stop it. This is very likely to create a memory leak. Stack trace of thread:
 java.base@17.0.15/sun.nio.ch.EPoll.wait(Native Method)
 java.base@17.0.15/sun.nio.ch.EPollSelectorImpl.doSelect(EPollSelectorImpl.java:118)
 java.base@17.0.15/sun.nio.ch.SelectorImpl.lockAndDoSelect(SelectorImpl.java:129)
 java.base@17.0.15/sun.nio.ch.SelectorImpl.select(SelectorImpl.java:141)
 platform/java.net.http@17.0.15/jdk.internal.net.http.HttpClientImpl$SelectorManager.run(HttpClientImpl.java:894)
08-May-2025 16:50:17.335 INFO [main] org.apache.coyote.AbstractProtocol.stop Stopping ProtocolHandler ["http-nio-8080"]
08-May-2025 16:50:17.342 INFO [main] org.apache.coyote.AbstractProtocol.destroy Destroying ProtocolHandler ["http-nio-8080"]
NOTE: Picked up JDK_JAVA_OPTIONS: -Dloader.path=WEB-INF/lib-provided,WEB-INF/lib,WEB-INF/classes,file:lib/ -Djava.net.preferIPv4Stack=true -Djava.security.egd=file:/dev/./urandom -DIGNITE_UPDATE_NOTIFIER=false -DIGNITE_QUIET=true -Dio.netty.tmpdir=/home/radu/TAK-Server/src/takserver-core/example -Djava.io.tmpdir=/home/radu/TAK-Server/src/takserver-core/example -Dio.netty.native.workdir=/home/radu/TAK-Server/src/takserver-core/example -Djdk.tls.client.protocols=TLSv1.2 --add-opens=java.base/sun.security.pkcs=ALL-UNNAMED --add-opens=java.base/sun.security.pkcs10=ALL-UNNAMED --add-opens=java.base/sun.security.util=ALL-UNNAMED --add-opens=java.base/sun.security.x509=ALL-UNNAMED --add-opens=java.base/sun.security.tools.keytool=ALL-UNNAMED --add-opens=java.base/jdk.internal.misc=ALL-UNNAMED --add-opens=java.base/sun.nio.ch=ALL-UNNAMED --add-opens=java.management/com.sun.jmx.mbeanserver=ALL-UNNAMED --add-opens=jdk.internal.jvmstat/sun.jvmstat.monitor=ALL-UNNAMED --add-opens=java.base/sun.reflect.generics.reflectiveObjects=ALL-UNNAMED --add-opens=jdk.management/com.sun.management.internal=ALL-UNNAMED --add-opens=java.base/java.io=ALL-UNNAMED --add-opens=java.base/java.nio=ALL-UNNAMED --add-opens=java.base/java.util=ALL-UNNAMED --add-opens=java.base/java.util.concurrent=ALL-UNNAMED --add-opens=java.base/java.util.concurrent.locks=ALL-UNNAMED --add-opens=java.base/java.util.concurrent.atomic=ALL-UNNAMED --add-opens=java.base/java.lang=ALL-UNNAMED --add-opens=java.base/java.lang.invoke=ALL-UNNAMED --add-opens=java.base/java.math=ALL-UNNAMED --add-opens=java.sql/java.sql=ALL-UNNAMED --add-opens=java.base/javax.net.ssl=ALL-UNNAMED --add-opens=java.base/java.net=ALL-UNNAMED --add-opens=jdk.unsupported/sun.misc=ALL-UNNAMED --add-opens=java.base/java.lang.ref=ALL-UNNAMED --add-opens=java.base/java.lang.reflect=ALL-UNNAMED --add-opens=java.base/java.security=ALL-UNNAMED --add-opens=java.base/java.security.ssl=ALL-UNNAMED --add-opens=java.base/java.security.cert=ALL-UNNAMED --add-opens=java.base/sun.security.rsa=ALL-UNNAMED --add-opens=java.base/sun.security.ssl=ALL-UNNAMED --add-opens=java.base/sun.security.x500=ALL-UNNAMED --add-opens=java.base/sun.security.pkcs12=ALL-UNNAMED --add-opens=java.base/sun.security.provider=ALL-UNNAMED --add-opens=java.base/javax.security.auth.x500=ALL-UNNAMED
WARNING: package java.security.ssl not in java.base
WARNING: package sun.security.x500 not in java.base
08-May-2025 18:25:52.796 INFO [main] org.apache.catalina.startup.VersionLoggerListener.log Server version name:   Apache Tomcat/10.1.39
08-May-2025 18:25:52.810 INFO [main] org.apache.catalina.startup.VersionLoggerListener.log Server built:          Mar 4 2025 19:02:32 UTC
08-May-2025 18:25:52.810 INFO [main] org.apache.catalina.startup.VersionLoggerListener.log Server version number: 10.1.39.0
08-May-2025 18:25:52.810 INFO [main] org.apache.catalina.startup.VersionLoggerListener.log OS Name:               Linux
08-May-2025 18:25:52.814 INFO [main] org.apache.catalina.startup.VersionLoggerListener.log OS Version:            6.8.0-59-generic
08-May-2025 18:25:52.814 INFO [main] org.apache.catalina.startup.VersionLoggerListener.log Architecture:          amd64
08-May-2025 18:25:52.814 INFO [main] org.apache.catalina.startup.VersionLoggerListener.log Java Home:             /usr/lib/jvm/java-17-openjdk-amd64
08-May-2025 18:25:52.814 INFO [main] org.apache.catalina.startup.VersionLoggerListener.log JVM Version:           17.0.15+6-Ubuntu-0ubuntu122.04
08-May-2025 18:25:52.814 INFO [main] org.apache.catalina.startup.VersionLoggerListener.log JVM Vendor:            Ubuntu
08-May-2025 18:25:52.815 INFO [main] org.apache.catalina.startup.VersionLoggerListener.log CATALINA_BASE:         /home/radu/TAK-Server/src/oidf-server/tomcat
08-May-2025 18:25:52.815 INFO [main] org.apache.catalina.startup.VersionLoggerListener.log CATALINA_HOME:         /home/radu/TAK-Server/src/oidf-server/tomcat
08-May-2025 18:25:52.822 INFO [main] org.apache.catalina.core.AprLifecycleListener.lifecycleEvent The Apache Tomcat Native library which allows using OpenSSL was not found on the java.library.path: [/home/radu/opt/lib::/usr/java/packages/lib:/usr/lib/x86_64-linux-gnu/jni:/lib/x86_64-linux-gnu:/usr/lib/x86_64-linux-gnu:/usr/lib/jni:/lib:/usr/lib]
08-May-2025 18:25:53.923 INFO [main] org.apache.coyote.AbstractProtocol.init Initializing ProtocolHandler ["http-nio-8080"]
08-May-2025 18:25:54.024 INFO [main] org.apache.catalina.startup.Catalina.load Server initialization in [1797] milliseconds
08-May-2025 18:25:54.191 INFO [main] org.apache.catalina.core.StandardService.startInternal Starting service [Catalina]
08-May-2025 18:25:54.191 INFO [main] org.apache.catalina.core.StandardEngine.startInternal Starting Servlet engine: [Apache Tomcat/10.1.39]
08-May-2025 18:25:54.243 INFO [main] org.apache.catalina.startup.HostConfig.deployWAR Deploying web application archive [/home/radu/TAK-Server/src/oidf-server/tomcat/webapps/ldapauth.war]
08-May-2025 18:25:55.539 INFO [main] org.apache.jasper.servlet.TldScanner.scanJars At least one JAR was scanned for TLDs yet contained no TLDs. Enable debug logging for this logger for a complete list of JARs that were scanned but no TLDs were found in them. Skipping unneeded JARs during scanning can improve startup time and JSP compilation time.
08-May-2025 18:25:57.360 INFO [main] org.apache.catalina.startup.HostConfig.deployWAR Deployment of web application archive [/home/radu/TAK-Server/src/oidf-server/tomcat/webapps/ldapauth.war] has finished in [3,113] ms
08-May-2025 18:25:57.362 INFO [main] org.apache.catalina.startup.HostConfig.deployWAR Deploying web application archive [/home/radu/TAK-Server/src/oidf-server/tomcat/webapps/password-grant-handler.war]
08-May-2025 18:25:57.882 INFO [main] org.apache.jasper.servlet.TldScanner.scanJars At least one JAR was scanned for TLDs yet contained no TLDs. Enable debug logging for this logger for a complete list of JARs that were scanned but no TLDs were found in them. Skipping unneeded JARs during scanning can improve startup time and JSP compilation time.
08-May-2025 18:25:58.749 INFO [main] org.apache.catalina.startup.HostConfig.deployWAR Deployment of web application archive [/home/radu/TAK-Server/src/oidf-server/tomcat/webapps/password-grant-handler.war] has finished in [1,386] ms
08-May-2025 18:25:58.751 INFO [main] org.apache.catalina.startup.HostConfig.deployWAR Deploying web application archive [/home/radu/TAK-Server/src/oidf-server/tomcat/webapps/c2id-login.war]
08-May-2025 18:26:01.472 INFO [main] org.apache.jasper.servlet.TldScanner.scanJars At least one JAR was scanned for TLDs yet contained no TLDs. Enable debug logging for this logger for a complete list of JARs that were scanned but no TLDs were found in them. Skipping unneeded JARs during scanning can improve startup time and JSP compilation time.

                                  _   ___  _     _
                                 | | |__ \(_)   | |
   ___ ___  _ __  _ __   ___  ___| |_   ) )_  __| |
  / __/ _ \| '_ \| '_ \ / _ \/ __| __| / /| |/ _` |
 | (_| (_) | | | | | | |  __/ (__| |_ / /_| | (_| |
  \___\___/|_| |_|_| |_|\___|\___|\__|____|_|\__,_|  Login  (v3.4.5-migrated-1.0.9)

2025-05-08 18:26:04.065  INFO 120761 --- [           main] com.nimbusds.login.C2idLogin             : Starting C2idLogin v3.4.5-migrated-1.0.9 using Java 17.0.15 on lenss-10 with PID 120761 (/home/radu/TAK-Server/src/oidf-server/tomcat/webapps/c2id-login/WEB-INF/classes started by radu in /home/radu/TAK-Server/src/takserver-core/example)
2025-05-08 18:26:04.073  INFO 120761 --- [           main] com.nimbusds.login.C2idLogin             : The following profiles are active: prod
2025-05-08 18:26:09.131  INFO 120761 --- [           main] com.nimbusds.login.C2idLogin             : Started C2idLogin in 7.039 seconds (JVM running for 17.585)
08-May-2025 18:26:09.161 INFO [main] org.apache.catalina.startup.HostConfig.deployWAR Deployment of web application archive [/home/radu/TAK-Server/src/oidf-server/tomcat/webapps/c2id-login.war] has finished in [10,410] ms
08-May-2025 18:26:09.175 INFO [main] org.apache.catalina.startup.HostConfig.deployWAR Deploying web application archive [/home/radu/TAK-Server/src/oidf-server/tomcat/webapps/oidc-client.war]
May 08, 2025 6:26:10 PM org.apache.jasper.servlet.TldScanner scanJars
INFO: At least one JAR was scanned for TLDs yet contained no TLDs. Enable debug logging for this logger for a complete list of JARs that were scanned but no TLDs were found in them. Skipping unneeded JARs during scanning can improve startup time and JSP compilation time.
May 08, 2025 6:26:11 PM org.apache.catalina.core.ApplicationContext log
INFO: Initializing AtmosphereFramework
May 08, 2025 6:26:11 PM org.atmosphere.cpr.AtmosphereFramework addAtmosphereHandler
INFO: Installed AtmosphereHandler com.vaadin.server.communication.PushAtmosphereHandler mapped to context-path: /*
May 08, 2025 6:26:11 PM org.atmosphere.cpr.AtmosphereFramework addAtmosphereHandler
INFO: Installed the following AtmosphereInterceptor mapped to AtmosphereHandler com.vaadin.server.communication.PushAtmosphereHandler
May 08, 2025 6:26:11 PM org.atmosphere.util.IOUtils readServiceFile
INFO: META-INF/services/org.atmosphere.cpr.AtmosphereFramework not found in class loader
May 08, 2025 6:26:11 PM org.atmosphere.cpr.AtmosphereFramework autoConfigureService
INFO: Atmosphere is using org.atmosphere.util.VoidAnnotationProcessor for processing annotation
May 08, 2025 6:26:11 PM org.atmosphere.cpr.AtmosphereFramework initWebSocket
INFO: Installed WebSocketProtocol org.atmosphere.websocket.protocol.SimpleHttpProtocol 
May 08, 2025 6:26:11 PM org.atmosphere.container.JSR356AsyncSupport <init>
INFO: JSR 356 Mapping path /cb
May 08, 2025 6:26:11 PM org.atmosphere.cpr.AtmosphereFramework configureAtmosphereInterceptor
INFO: Installing Default AtmosphereInterceptors
May 08, 2025 6:26:11 PM org.atmosphere.cpr.AtmosphereFramework newAInterceptor
INFO: 	org.atmosphere.interceptor.CorsInterceptor : CORS Interceptor Support
May 08, 2025 6:26:11 PM org.atmosphere.cpr.AtmosphereFramework newAInterceptor
INFO: 	org.atmosphere.interceptor.CacheHeadersInterceptor : Default Response's Headers Interceptor
May 08, 2025 6:26:11 PM org.atmosphere.cpr.AtmosphereFramework newAInterceptor
INFO: 	org.atmosphere.interceptor.PaddingAtmosphereInterceptor : Browser Padding Interceptor Support
May 08, 2025 6:26:11 PM org.atmosphere.cpr.AtmosphereFramework newAInterceptor
INFO: 	org.atmosphere.interceptor.AndroidAtmosphereInterceptor : Android Interceptor Support
May 08, 2025 6:26:11 PM org.atmosphere.cpr.AtmosphereFramework configureAtmosphereInterceptor
INFO: Dropping Interceptor org.atmosphere.interceptor.HeartbeatInterceptor
May 08, 2025 6:26:11 PM org.atmosphere.cpr.AtmosphereFramework newAInterceptor
INFO: 	org.atmosphere.interceptor.SSEAtmosphereInterceptor : SSE Interceptor Support
May 08, 2025 6:26:11 PM org.atmosphere.cpr.AtmosphereFramework newAInterceptor
INFO: 	org.atmosphere.interceptor.JSONPAtmosphereInterceptor : JSONP Interceptor Support
May 08, 2025 6:26:11 PM org.atmosphere.cpr.AtmosphereFramework newAInterceptor
INFO: 	org.atmosphere.interceptor.JavaScriptProtocol : Atmosphere JavaScript Protocol
May 08, 2025 6:26:11 PM org.atmosphere.cpr.AtmosphereFramework newAInterceptor
INFO: 	org.atmosphere.interceptor.WebSocketMessageSuspendInterceptor : org.atmosphere.interceptor.WebSocketMessageSuspendInterceptor
May 08, 2025 6:26:11 PM org.atmosphere.cpr.AtmosphereFramework newAInterceptor
INFO: 	org.atmosphere.interceptor.OnDisconnectInterceptor : Browser disconnection detection
May 08, 2025 6:26:11 PM org.atmosphere.cpr.AtmosphereFramework newAInterceptor
INFO: 	org.atmosphere.interceptor.IdleResourceInterceptor : org.atmosphere.interceptor.IdleResourceInterceptor
May 08, 2025 6:26:11 PM org.atmosphere.cpr.AtmosphereFramework configureAtmosphereInterceptor
INFO: Set org.atmosphere.cpr.AtmosphereInterceptor.disableDefaults to disable them.
May 08, 2025 6:26:11 PM org.atmosphere.cpr.AtmosphereFramework info
INFO: Using EndpointMapper class org.atmosphere.util.DefaultEndpointMapper
May 08, 2025 6:26:11 PM org.atmosphere.cpr.AtmosphereFramework info
INFO: Using BroadcasterCache: org.atmosphere.cache.UUIDBroadcasterCache
May 08, 2025 6:26:11 PM org.atmosphere.cpr.AtmosphereFramework info
INFO: Default Broadcaster Class: org.atmosphere.cpr.DefaultBroadcaster
May 08, 2025 6:26:11 PM org.atmosphere.cpr.AtmosphereFramework info
INFO: Broadcaster Polling Wait Time 100
May 08, 2025 6:26:11 PM org.atmosphere.cpr.AtmosphereFramework info
INFO: Shared ExecutorService supported: true
May 08, 2025 6:26:11 PM org.atmosphere.cpr.AtmosphereFramework info
INFO: Messaging Thread Pool Size: Unlimited
May 08, 2025 6:26:11 PM org.atmosphere.cpr.AtmosphereFramework info
INFO: Async I/O Thread Pool Size: 200
May 08, 2025 6:26:11 PM org.atmosphere.cpr.AtmosphereFramework info
INFO: Using BroadcasterFactory: org.atmosphere.cpr.DefaultBroadcasterFactory
May 08, 2025 6:26:11 PM org.atmosphere.cpr.AtmosphereFramework info
INFO: Using WebSocketProcessor: org.atmosphere.websocket.DefaultWebSocketProcessor
May 08, 2025 6:26:11 PM org.atmosphere.cpr.AtmosphereFramework info
INFO: Invoke AtmosphereInterceptor on WebSocket message true
May 08, 2025 6:26:11 PM org.atmosphere.cpr.AtmosphereFramework info
INFO: HttpSession supported: true
May 08, 2025 6:26:11 PM org.atmosphere.cpr.AtmosphereFramework info
INFO: Atmosphere is using DefaultAtmosphereObjectFactory for dependency injection and object creation
May 08, 2025 6:26:11 PM org.atmosphere.cpr.AtmosphereFramework info
INFO: Atmosphere is using async support: org.atmosphere.container.JSR356AsyncSupport running under container: Apache Tomcat/10.1.39 using jakarta.servlet/3.0 and jsr356/WebSocket API
May 08, 2025 6:26:11 PM org.atmosphere.cpr.AtmosphereFramework info
INFO: Atmosphere Framework 2.2.13.vaadin1 started.
May 08, 2025 6:26:11 PM org.atmosphere.cpr.AtmosphereFramework interceptor
INFO: Installed AtmosphereInterceptor  Track Message Size Interceptor using | with priority BEFORE_DEFAULT 
May 08, 2025 6:26:11 PM org.atmosphere.cpr.AtmosphereFramework addAtmosphereHandler
INFO: Installed AtmosphereHandler com.vaadin.server.communication.PushAtmosphereHandler mapped to context-path: /*
May 08, 2025 6:26:11 PM org.atmosphere.cpr.AtmosphereFramework addAtmosphereHandler
INFO: Installed the following AtmosphereInterceptor mapped to AtmosphereHandler com.vaadin.server.communication.PushAtmosphereHandler
May 08, 2025 6:26:11 PM org.atmosphere.util.IOUtils readServiceFile
INFO: META-INF/services/org.atmosphere.cpr.AtmosphereFramework not found in class loader
May 08, 2025 6:26:11 PM org.atmosphere.cpr.AtmosphereFramework autoConfigureService
INFO: Atmosphere is using org.atmosphere.util.VoidAnnotationProcessor for processing annotation
May 08, 2025 6:26:11 PM org.atmosphere.cpr.AtmosphereFramework initWebSocket
INFO: Installed WebSocketProtocol org.atmosphere.websocket.protocol.SimpleHttpProtocol 
May 08, 2025 6:26:11 PM org.atmosphere.container.JSR356AsyncSupport <init>
INFO: JSR 356 Mapping path /{path}
May 08, 2025 6:26:11 PM org.atmosphere.cpr.AtmosphereFramework configureAtmosphereInterceptor
INFO: Installing Default AtmosphereInterceptors
May 08, 2025 6:26:11 PM org.atmosphere.cpr.AtmosphereFramework newAInterceptor
INFO: 	org.atmosphere.interceptor.CorsInterceptor : CORS Interceptor Support
May 08, 2025 6:26:11 PM org.atmosphere.cpr.AtmosphereFramework newAInterceptor
INFO: 	org.atmosphere.interceptor.CacheHeadersInterceptor : Default Response's Headers Interceptor
May 08, 2025 6:26:11 PM org.atmosphere.cpr.AtmosphereFramework newAInterceptor
INFO: 	org.atmosphere.interceptor.PaddingAtmosphereInterceptor : Browser Padding Interceptor Support
May 08, 2025 6:26:11 PM org.atmosphere.cpr.AtmosphereFramework newAInterceptor
INFO: 	org.atmosphere.interceptor.AndroidAtmosphereInterceptor : Android Interceptor Support
May 08, 2025 6:26:11 PM org.atmosphere.cpr.AtmosphereFramework configureAtmosphereInterceptor
INFO: Dropping Interceptor org.atmosphere.interceptor.HeartbeatInterceptor
May 08, 2025 6:26:11 PM org.atmosphere.cpr.AtmosphereFramework newAInterceptor
INFO: 	org.atmosphere.interceptor.SSEAtmosphereInterceptor : SSE Interceptor Support
May 08, 2025 6:26:11 PM org.atmosphere.cpr.AtmosphereFramework newAInterceptor
INFO: 	org.atmosphere.interceptor.JSONPAtmosphereInterceptor : JSONP Interceptor Support
May 08, 2025 6:26:11 PM org.atmosphere.cpr.AtmosphereFramework newAInterceptor
INFO: 	org.atmosphere.interceptor.JavaScriptProtocol : Atmosphere JavaScript Protocol
May 08, 2025 6:26:11 PM org.atmosphere.cpr.AtmosphereFramework newAInterceptor
INFO: 	org.atmosphere.interceptor.WebSocketMessageSuspendInterceptor : org.atmosphere.interceptor.WebSocketMessageSuspendInterceptor
May 08, 2025 6:26:11 PM org.atmosphere.cpr.AtmosphereFramework newAInterceptor
INFO: 	org.atmosphere.interceptor.OnDisconnectInterceptor : Browser disconnection detection
May 08, 2025 6:26:11 PM org.atmosphere.cpr.AtmosphereFramework newAInterceptor
INFO: 	org.atmosphere.interceptor.IdleResourceInterceptor : org.atmosphere.interceptor.IdleResourceInterceptor
May 08, 2025 6:26:11 PM org.atmosphere.cpr.AtmosphereFramework configureAtmosphereInterceptor
INFO: Set org.atmosphere.cpr.AtmosphereInterceptor.disableDefaults to disable them.
May 08, 2025 6:26:11 PM org.atmosphere.cpr.AtmosphereFramework info
INFO: Using EndpointMapper class org.atmosphere.util.DefaultEndpointMapper
May 08, 2025 6:26:11 PM org.atmosphere.cpr.AtmosphereFramework info
INFO: Using BroadcasterCache: org.atmosphere.cache.UUIDBroadcasterCache
May 08, 2025 6:26:11 PM org.atmosphere.cpr.AtmosphereFramework info
INFO: Default Broadcaster Class: org.atmosphere.cpr.DefaultBroadcaster
May 08, 2025 6:26:11 PM org.atmosphere.cpr.AtmosphereFramework info
INFO: Broadcaster Polling Wait Time 100
May 08, 2025 6:26:11 PM org.atmosphere.cpr.AtmosphereFramework info
INFO: Shared ExecutorService supported: true
May 08, 2025 6:26:11 PM org.atmosphere.cpr.AtmosphereFramework info
INFO: Messaging Thread Pool Size: Unlimited
May 08, 2025 6:26:11 PM org.atmosphere.cpr.AtmosphereFramework info
INFO: Async I/O Thread Pool Size: 200
May 08, 2025 6:26:11 PM org.atmosphere.cpr.AtmosphereFramework info
INFO: Using BroadcasterFactory: org.atmosphere.cpr.DefaultBroadcasterFactory
May 08, 2025 6:26:11 PM org.atmosphere.cpr.AtmosphereFramework info
INFO: Using WebSocketProcessor: org.atmosphere.websocket.DefaultWebSocketProcessor
May 08, 2025 6:26:11 PM org.atmosphere.cpr.AtmosphereFramework info
INFO: Invoke AtmosphereInterceptor on WebSocket message true
May 08, 2025 6:26:11 PM org.atmosphere.cpr.AtmosphereFramework info
INFO: HttpSession supported: true
May 08, 2025 6:26:11 PM org.atmosphere.cpr.AtmosphereFramework info
INFO: Atmosphere is using DefaultAtmosphereObjectFactory for dependency injection and object creation
May 08, 2025 6:26:11 PM org.atmosphere.cpr.AtmosphereFramework info
INFO: Atmosphere is using async support: org.atmosphere.container.JSR356AsyncSupport running under container: Apache Tomcat/10.1.39 using jakarta.servlet/3.0 and jsr356/WebSocket API
May 08, 2025 6:26:11 PM org.atmosphere.cpr.AtmosphereFramework info
INFO: Atmosphere Framework 2.2.13.vaadin1 started.
May 08, 2025 6:26:11 PM org.atmosphere.cpr.AtmosphereFramework interceptor
INFO: Installed AtmosphereInterceptor  Track Message Size Interceptor using | with priority BEFORE_DEFAULT 
08-May-2025 18:26:11.706 INFO [main] org.apache.catalina.startup.HostConfig.deployWAR Deployment of web application archive [/home/radu/TAK-Server/src/oidf-server/tomcat/webapps/oidc-client.war] has finished in [2,530] ms
08-May-2025 18:26:11.711 INFO [main] org.apache.catalina.startup.HostConfig.deployWAR Deploying web application archive [/home/radu/TAK-Server/src/oidf-server/tomcat/webapps/c2id-logout.war]
08-May-2025 18:26:11.918 INFO [main] org.apache.jasper.servlet.TldScanner.scanJars At least one JAR was scanned for TLDs yet contained no TLDs. Enable debug logging for this logger for a complete list of JARs that were scanned but no TLDs were found in them. Skipping unneeded JARs during scanning can improve startup time and JSP compilation time.
08-May-2025 18:26:11.931 INFO [main] org.apache.catalina.startup.HostConfig.deployWAR Deployment of web application archive [/home/radu/TAK-Server/src/oidf-server/tomcat/webapps/c2id-logout.war] has finished in [220] ms
08-May-2025 18:26:11.931 INFO [main] org.apache.catalina.startup.HostConfig.deployWAR Deploying web application archive [/home/radu/TAK-Server/src/oidf-server/tomcat/webapps/c2id.war]
08-May-2025 18:26:19.113 INFO [main] org.apache.jasper.servlet.TldScanner.scanJars At least one JAR was scanned for TLDs yet contained no TLDs. Enable debug logging for this logger for a complete list of JARs that were scanned but no TLDs were found in them. Skipping unneeded JARs during scanning can improve startup time and JSP compilation time.
SLF4J(W): No SLF4J providers were found.
SLF4J(W): Defaulting to no-operation (NOP) logger implementation
SLF4J(W): See https://www.slf4j.org/codes.html#noProviders for further details.
SLF4J(W): Class path contains SLF4J bindings targeting slf4j-api versions 1.7.x or earlier.
SLF4J(W): Ignoring binding found at [jar:file:/home/radu/TAK-Server/src/oidf-server/tomcat/webapps/c2id/WEB-INF/lib/log4j-slf4j-impl-2.24.2.jar!/org/slf4j/impl/StaticLoggerBinder.class]
SLF4J(W): See https://www.slf4j.org/codes.html#ignoredBindings for an explanation.
08-May-2025 18:26:26.387 WARNING [main] org.glassfish.jersey.message.internal.MessagingBinders$EnabledProvidersBinder.bindToBinder A class jakarta.activation.DataSource for a default provider MessageBodyWriter<jakarta.activation.DataSource> was not found. The provider is not available.
08-May-2025 18:26:26.415 WARNING [main] org.glassfish.jersey.server.wadl.WadlFeature.configure JAX-B API not found . WADL feature is disabled.
08-May-2025 18:26:26.499 WARNING [main] org.glassfish.jersey.internal.inject.Providers.checkProviderRuntime A provider com.nimbusds.openid.connect.provider.sts.STSEndpoint registered in SERVER runtime does not implement any provider interfaces applicable in the SERVER runtime. Due to constraint configuration problems the provider com.nimbusds.openid.connect.provider.sts.STSEndpoint will be ignored. 
08-May-2025 18:26:26.640 WARNING [main] org.glassfish.jersey.server.wadl.WadlFeature.configure JAX-B API not found . WADL feature is disabled.
08-May-2025 18:26:26.649 WARNING [main] org.glassfish.jersey.internal.inject.Providers.checkProviderRuntime A provider com.nimbusds.authzstore.rest.WebAPI registered in SERVER runtime does not implement any provider interfaces applicable in the SERVER runtime. Due to constraint configuration problems the provider com.nimbusds.authzstore.rest.WebAPI will be ignored. 
08-May-2025 18:26:26.718 WARNING [main] org.glassfish.jersey.server.wadl.WadlFeature.configure JAX-B API not found . WADL feature is disabled.
08-May-2025 18:26:26.721 WARNING [main] org.glassfish.jersey.internal.inject.Providers.checkProviderRuntime A provider com.nimbusds.openid.connect.provider.ciba.sessions.CIBASessionsEndpoint registered in SERVER runtime does not implement any provider interfaces applicable in the SERVER runtime. Due to constraint configuration problems the provider com.nimbusds.openid.connect.provider.ciba.sessions.CIBASessionsEndpoint will be ignored. 
08-May-2025 18:26:26.752 WARNING [main] org.glassfish.jersey.server.wadl.WadlFeature.configure JAX-B API not found . WADL feature is disabled.
08-May-2025 18:26:26.754 WARNING [main] org.glassfish.jersey.internal.inject.Providers.checkProviderRuntime A provider com.nimbusds.openid.connect.provider.checksession.CheckSessionBackendEndpoint registered in SERVER runtime does not implement any provider interfaces applicable in the SERVER runtime. Due to constraint configuration problems the provider com.nimbusds.openid.connect.provider.checksession.CheckSessionBackendEndpoint will be ignored. 
08-May-2025 18:26:26.786 WARNING [main] org.glassfish.jersey.server.wadl.WadlFeature.configure JAX-B API not found . WADL feature is disabled.
08-May-2025 18:26:26.852 WARNING [main] org.glassfish.jersey.server.wadl.WadlFeature.configure JAX-B API not found . WADL feature is disabled.
08-May-2025 18:26:26.860 WARNING [main] org.glassfish.jersey.internal.inject.Providers.checkProviderRuntime A provider com.nimbusds.sessionstore.rest.WebAPI registered in SERVER runtime does not implement any provider interfaces applicable in the SERVER runtime. Due to constraint configuration problems the provider com.nimbusds.sessionstore.rest.WebAPI will be ignored. 
08-May-2025 18:26:26.910 WARNING [main] org.glassfish.jersey.server.wadl.WadlFeature.configure JAX-B API not found . WADL feature is disabled.
08-May-2025 18:26:26.914 WARNING [main] org.glassfish.jersey.internal.inject.Providers.checkProviderRuntime A provider com.nimbusds.openid.connect.provider.authz.AuthorizationSessionEndpoint registered in SERVER runtime does not implement any provider interfaces applicable in the SERVER runtime. Due to constraint configuration problems the provider com.nimbusds.openid.connect.provider.authz.AuthorizationSessionEndpoint will be ignored. 
08-May-2025 18:26:26.946 WARNING [main] org.glassfish.jersey.server.wadl.WadlFeature.configure JAX-B API not found . WADL feature is disabled.
08-May-2025 18:26:26.949 WARNING [main] org.glassfish.jersey.internal.inject.Providers.checkProviderRuntime A provider com.nimbusds.openid.connect.provider.config.ConfigurationEndpoint registered in SERVER runtime does not implement any provider interfaces applicable in the SERVER runtime. Due to constraint configuration problems the provider com.nimbusds.openid.connect.provider.config.ConfigurationEndpoint will be ignored. 
08-May-2025 18:26:26.972 WARNING [main] org.glassfish.jersey.server.wadl.WadlFeature.configure JAX-B API not found . WADL feature is disabled.
08-May-2025 18:26:26.975 WARNING [main] org.glassfish.jersey.internal.inject.Providers.checkProviderRuntime A provider com.nimbusds.openid.connect.provider.authz.DirectAuthorizationEndpoint registered in SERVER runtime does not implement any provider interfaces applicable in the SERVER runtime. Due to constraint configuration problems the provider com.nimbusds.openid.connect.provider.authz.DirectAuthorizationEndpoint will be ignored. 
08-May-2025 18:26:27.000 WARNING [main] org.glassfish.jersey.server.wadl.WadlFeature.configure JAX-B API not found . WADL feature is disabled.
08-May-2025 18:26:27.004 WARNING [main] org.glassfish.jersey.internal.inject.Providers.checkProviderRuntime A provider com.nimbusds.openid.connect.provider.logout.endpoint.LogoutSessionEndpoint registered in SERVER runtime does not implement any provider interfaces applicable in the SERVER runtime. Due to constraint configuration problems the provider com.nimbusds.openid.connect.provider.logout.endpoint.LogoutSessionEndpoint will be ignored. 
08-May-2025 18:26:27.131 INFO [main] org.apache.catalina.startup.HostConfig.deployWAR Deployment of web application archive [/home/radu/TAK-Server/src/oidf-server/tomcat/webapps/c2id.war] has finished in [15,200] ms
08-May-2025 18:26:27.132 INFO [main] org.apache.catalina.startup.HostConfig.deployDirectory Deploying web application directory [/home/radu/TAK-Server/src/oidf-server/tomcat/webapps/manager]
08-May-2025 18:26:27.159 INFO [main] org.apache.catalina.startup.HostConfig.deployDirectory Deployment of web application directory [/home/radu/TAK-Server/src/oidf-server/tomcat/webapps/manager] has finished in [26] ms
08-May-2025 18:26:27.159 INFO [main] org.apache.catalina.startup.HostConfig.deployDirectory Deploying web application directory [/home/radu/TAK-Server/src/oidf-server/tomcat/webapps/ROOT]
08-May-2025 18:26:27.170 INFO [main] org.apache.catalina.startup.HostConfig.deployDirectory Deployment of web application directory [/home/radu/TAK-Server/src/oidf-server/tomcat/webapps/ROOT] has finished in [11] ms
08-May-2025 18:26:27.170 INFO [main] org.apache.catalina.startup.HostConfig.deployDirectory Deploying web application directory [/home/radu/TAK-Server/src/oidf-server/tomcat/webapps/host-manager]
08-May-2025 18:26:27.185 INFO [main] org.apache.catalina.startup.HostConfig.deployDirectory Deployment of web application directory [/home/radu/TAK-Server/src/oidf-server/tomcat/webapps/host-manager] has finished in [14] ms
08-May-2025 18:26:27.188 INFO [main] org.apache.coyote.AbstractProtocol.start Starting ProtocolHandler ["http-nio-8080"]
08-May-2025 18:26:27.197 INFO [main] org.apache.catalina.startup.Catalina.start Server startup in [33172] milliseconds
08-May-2025 18:26:43.570 INFO [main] org.apache.catalina.core.StandardServer.await A valid shutdown command was received via the shutdown port. Stopping the Server instance.
08-May-2025 18:26:43.571 INFO [main] org.apache.coyote.AbstractProtocol.pause Pausing ProtocolHandler ["http-nio-8080"]
08-May-2025 18:26:43.573 INFO [main] org.apache.catalina.core.StandardService.stopInternal Stopping service [Catalina]
[CM8005] Stopping Infinispan...
[CM8015] Stopped Infinispan cache clients.remoteRequestJWTClaimsCache in 3 ms
[CM8015] Stopped Infinispan cache op.loginHintTokenMap in 6 ms
[CM8015] Stopped Infinispan cache op.dPoPJTICache in 6 ms
[CM8015] Stopped Infinispan cache keyStore.jwkSetMap in 312 ms
[CM8015] Stopped Infinispan cache sessionStore.sessionMap in 325 ms
[CM8015] Stopped Infinispan cache federation.registrationsMap in 325 ms
[CM8015] Stopped Infinispan cache op.authSessionMap in 326 ms
[CM8015] Stopped Infinispan cache authzStore.revocationJournalMap in 326 ms
[CM8015] Stopped Infinispan cache clients.registrationsMap in 327 ms
[CM8015] Stopped Infinispan cache authzStore.expendedTokenMap in 327 ms
[CM8015] Stopped Infinispan cache clients.remoteJWKSetCache in 327 ms
[CM8015] Stopped Infinispan cache authzStore.codeMap in 328 ms
[CM8015] Stopped Infinispan cache authzStore.longLivedAuthzMap in 328 ms
[CM8015] Stopped Infinispan cache keyStore.jwkSetHistoryMap in 329 ms
[CM8015] Stopped Infinispan cache authzStore.idAccessTokenMap in 329 ms
[CM8015] Stopped Infinispan cache op.consentSessionMap in 330 ms
[CM8015] Stopped Infinispan cache sessionStore.subjectMap in 330 ms
[CM8015] Stopped Infinispan cache org.infinispan.CONFIG in 331 ms
08-May-2025 18:26:43.989 WARNING [main] org.apache.catalina.loader.WebappClassLoaderBase.clearReferencesThreads The web application [c2id] appears to have started a thread named [RxCachedWorkerPoolEvictor-1] but has failed to stop it. This is very likely to create a memory leak. Stack trace of thread:
 java.base@17.0.15/jdk.internal.misc.Unsafe.park(Native Method)
 java.base@17.0.15/java.util.concurrent.locks.LockSupport.parkNanos(LockSupport.java:252)
 java.base@17.0.15/java.util.concurrent.locks.AbstractQueuedSynchronizer$ConditionObject.awaitNanos(AbstractQueuedSynchronizer.java:1679)
 java.base@17.0.15/java.util.concurrent.ScheduledThreadPoolExecutor$DelayedWorkQueue.take(ScheduledThreadPoolExecutor.java:1182)
 java.base@17.0.15/java.util.concurrent.ScheduledThreadPoolExecutor$DelayedWorkQueue.take(ScheduledThreadPoolExecutor.java:899)
 java.base@17.0.15/java.util.concurrent.ThreadPoolExecutor.getTask(ThreadPoolExecutor.java:1062)
 java.base@17.0.15/java.util.concurrent.ThreadPoolExecutor.runWorker(ThreadPoolExecutor.java:1122)
 java.base@17.0.15/java.util.concurrent.ThreadPoolExecutor$Worker.run(ThreadPoolExecutor.java:635)
 java.base@17.0.15/java.lang.Thread.run(Thread.java:840)
08-May-2025 18:26:43.989 WARNING [main] org.apache.catalina.loader.WebappClassLoaderBase.clearReferencesThreads The web application [c2id] appears to have started a thread named [HttpClient-1-SelectorManager] but has failed to stop it. This is very likely to create a memory leak. Stack trace of thread:
 java.base@17.0.15/sun.nio.ch.EPoll.wait(Native Method)
 java.base@17.0.15/sun.nio.ch.EPollSelectorImpl.doSelect(EPollSelectorImpl.java:118)
 java.base@17.0.15/sun.nio.ch.SelectorImpl.lockAndDoSelect(SelectorImpl.java:129)
 java.base@17.0.15/sun.nio.ch.SelectorImpl.select(SelectorImpl.java:141)
 platform/java.net.http@17.0.15/jdk.internal.net.http.HttpClientImpl$SelectorManager.run(HttpClientImpl.java:894)
08-May-2025 18:26:44.011 INFO [main] org.apache.coyote.AbstractProtocol.stop Stopping ProtocolHandler ["http-nio-8080"]
08-May-2025 18:26:44.014 INFO [main] org.apache.coyote.AbstractProtocol.destroy Destroying ProtocolHandler ["http-nio-8080"]
14-May-2025 12:40:18.180 INFO [main] org.apache.catalina.startup.VersionLoggerListener.log Server version name:   Apache Tomcat/10.1.39
14-May-2025 12:40:18.185 INFO [main] org.apache.catalina.startup.VersionLoggerListener.log Server built:          Mar 4 2025 19:02:32 UTC
14-May-2025 12:40:18.192 INFO [main] org.apache.catalina.startup.VersionLoggerListener.log Server version number: 10.1.39.0
14-May-2025 12:40:18.192 INFO [main] org.apache.catalina.startup.VersionLoggerListener.log OS Name:               Linux
14-May-2025 12:40:18.192 INFO [main] org.apache.catalina.startup.VersionLoggerListener.log OS Version:            6.8.0-59-generic
14-May-2025 12:40:18.193 INFO [main] org.apache.catalina.startup.VersionLoggerListener.log Architecture:          amd64
14-May-2025 12:40:18.193 INFO [main] org.apache.catalina.startup.VersionLoggerListener.log Java Home:             /usr/lib/jvm/java-17-openjdk-amd64
14-May-2025 12:40:18.193 INFO [main] org.apache.catalina.startup.VersionLoggerListener.log JVM Version:           17.0.15+6-Ubuntu-0ubuntu122.04
14-May-2025 12:40:18.193 INFO [main] org.apache.catalina.startup.VersionLoggerListener.log JVM Vendor:            Ubuntu
14-May-2025 12:40:18.193 INFO [main] org.apache.catalina.startup.VersionLoggerListener.log CATALINA_BASE:         /home/radu/TAK-Server/src/oidf-server/tomcat
14-May-2025 12:40:18.193 INFO [main] org.apache.catalina.startup.VersionLoggerListener.log CATALINA_HOME:         /home/radu/TAK-Server/src/oidf-server/tomcat
14-May-2025 12:40:18.206 INFO [main] org.apache.catalina.core.AprLifecycleListener.lifecycleEvent The Apache Tomcat Native library which allows using OpenSSL was not found on the java.library.path: [/home/radu/opt/lib::/usr/java/packages/lib:/usr/lib/x86_64-linux-gnu/jni:/lib/x86_64-linux-gnu:/usr/lib/x86_64-linux-gnu:/usr/lib/jni:/lib:/usr/lib]
14-May-2025 12:40:18.745 INFO [main] org.apache.coyote.AbstractProtocol.init Initializing ProtocolHandler ["http-nio-8080"]
14-May-2025 12:40:18.884 INFO [main] org.apache.catalina.startup.Catalina.load Server initialization in [1583] milliseconds
14-May-2025 12:40:19.009 INFO [main] org.apache.catalina.core.StandardService.startInternal Starting service [Catalina]
14-May-2025 12:40:19.009 INFO [main] org.apache.catalina.core.StandardEngine.startInternal Starting Servlet engine: [Apache Tomcat/10.1.39]
14-May-2025 12:40:19.152 INFO [main] org.apache.catalina.startup.HostConfig.deployWAR Deploying web application archive [/home/radu/TAK-Server/src/oidf-server/tomcat/webapps/ldapauth.war]
14-May-2025 12:40:20.766 INFO [main] org.apache.jasper.servlet.TldScanner.scanJars At least one JAR was scanned for TLDs yet contained no TLDs. Enable debug logging for this logger for a complete list of JARs that were scanned but no TLDs were found in them. Skipping unneeded JARs during scanning can improve startup time and JSP compilation time.
14-May-2025 12:40:21.973 INFO [main] org.apache.catalina.startup.HostConfig.deployWAR Deployment of web application archive [/home/radu/TAK-Server/src/oidf-server/tomcat/webapps/ldapauth.war] has finished in [2,804] ms
14-May-2025 12:40:21.993 INFO [main] org.apache.catalina.startup.HostConfig.deployWAR Deploying web application archive [/home/radu/TAK-Server/src/oidf-server/tomcat/webapps/password-grant-handler.war]
14-May-2025 12:40:22.698 INFO [main] org.apache.jasper.servlet.TldScanner.scanJars At least one JAR was scanned for TLDs yet contained no TLDs. Enable debug logging for this logger for a complete list of JARs that were scanned but no TLDs were found in them. Skipping unneeded JARs during scanning can improve startup time and JSP compilation time.
14-May-2025 12:40:23.037 INFO [main] org.apache.catalina.startup.HostConfig.deployWAR Deployment of web application archive [/home/radu/TAK-Server/src/oidf-server/tomcat/webapps/password-grant-handler.war] has finished in [1,044] ms
14-May-2025 12:40:23.082 INFO [main] org.apache.catalina.startup.HostConfig.deployWAR Deploying web application archive [/home/radu/TAK-Server/src/oidf-server/tomcat/webapps/c2id-login.war]
14-May-2025 12:40:27.376 INFO [main] org.apache.jasper.servlet.TldScanner.scanJars At least one JAR was scanned for TLDs yet contained no TLDs. Enable debug logging for this logger for a complete list of JARs that were scanned but no TLDs were found in them. Skipping unneeded JARs during scanning can improve startup time and JSP compilation time.

                                  _   ___  _     _
                                 | | |__ \(_)   | |
   ___ ___  _ __  _ __   ___  ___| |_   ) )_  __| |
  / __/ _ \| '_ \| '_ \ / _ \/ __| __| / /| |/ _` |
 | (_| (_) | | | | | | |  __/ (__| |_ / /_| | (_| |
  \___\___/|_| |_|_| |_|\___|\___|\__|____|_|\__,_|  Login  (v3.4.5-migrated-1.0.9)

2025-05-14 12:40:28.439  INFO 250946 --- [           main] com.nimbusds.login.C2idLogin             : Starting C2idLogin v3.4.5-migrated-1.0.9 using Java 17.0.15 on lenss-10 with PID 250946 (/home/radu/TAK-Server/src/oidf-server/tomcat/webapps/c2id-login/WEB-INF/classes started by radu in /home/radu/TAK-Server/src/oidf-server/tomcat/bin)
2025-05-14 12:40:28.444  INFO 250946 --- [           main] com.nimbusds.login.C2idLogin             : The following profiles are active: prod
2025-05-14 12:40:30.303  INFO 250946 --- [           main] com.nimbusds.login.C2idLogin             : Started C2idLogin in 2.615 seconds (JVM running for 14.366)
14-May-2025 12:40:30.318 INFO [main] org.apache.catalina.startup.HostConfig.deployWAR Deployment of web application archive [/home/radu/TAK-Server/src/oidf-server/tomcat/webapps/c2id-login.war] has finished in [7,237] ms
14-May-2025 12:40:30.362 INFO [main] org.apache.catalina.startup.HostConfig.deployWAR Deploying web application archive [/home/radu/TAK-Server/src/oidf-server/tomcat/webapps/oidc-client.war]
14-May-2025 12:40:30.594 INFO [main] org.apache.catalina.startup.VersionLoggerListener.log Server version name:   Apache Tomcat/10.1.39
14-May-2025 12:40:30.601 INFO [main] org.apache.catalina.startup.VersionLoggerListener.log Server built:          Mar 4 2025 19:02:32 UTC
14-May-2025 12:40:30.603 INFO [main] org.apache.catalina.startup.VersionLoggerListener.log Server version number: 10.1.39.0
14-May-2025 12:40:30.604 INFO [main] org.apache.catalina.startup.VersionLoggerListener.log OS Name:               Linux
14-May-2025 12:40:30.604 INFO [main] org.apache.catalina.startup.VersionLoggerListener.log OS Version:            6.8.0-59-generic
14-May-2025 12:40:30.604 INFO [main] org.apache.catalina.startup.VersionLoggerListener.log Architecture:          amd64
14-May-2025 12:40:30.604 INFO [main] org.apache.catalina.startup.VersionLoggerListener.log Java Home:             /usr/lib/jvm/java-17-openjdk-amd64
14-May-2025 12:40:30.604 INFO [main] org.apache.catalina.startup.VersionLoggerListener.log JVM Version:           17.0.15+6-Ubuntu-0ubuntu122.04
14-May-2025 12:40:30.604 INFO [main] org.apache.catalina.startup.VersionLoggerListener.log JVM Vendor:            Ubuntu
14-May-2025 12:40:30.604 INFO [main] org.apache.catalina.startup.VersionLoggerListener.log CATALINA_BASE:         /home/radu/TAK-Server/src/oidf-server/tomcat
14-May-2025 12:40:30.604 INFO [main] org.apache.catalina.startup.VersionLoggerListener.log CATALINA_HOME:         /home/radu/TAK-Server/src/oidf-server/tomcat
14-May-2025 12:40:30.608 INFO [main] org.apache.catalina.core.AprLifecycleListener.lifecycleEvent The Apache Tomcat Native library which allows using OpenSSL was not found on the java.library.path: [/home/radu/opt/lib::/usr/java/packages/lib:/usr/lib/x86_64-linux-gnu/jni:/lib/x86_64-linux-gnu:/usr/lib/x86_64-linux-gnu:/usr/lib/jni:/lib:/usr/lib]
14-May-2025 12:40:30.994 INFO [main] org.apache.coyote.AbstractProtocol.init Initializing ProtocolHandler ["http-nio-8080"]
14-May-2025 12:40:31.014 SEVERE [main] org.apache.catalina.util.LifecycleBase.handleSubClassException Failed to initialize component [Connector["http-nio-8080"]]
	org.apache.catalina.LifecycleException: Protocol handler initialization failed
		at org.apache.catalina.connector.Connector.initInternal(Connector.java:1051)
		at org.apache.catalina.util.LifecycleBase.init(LifecycleBase.java:122)
		at org.apache.catalina.core.StandardService.initInternal(StandardService.java:525)
		at org.apache.catalina.util.LifecycleBase.init(LifecycleBase.java:122)
		at org.apache.catalina.core.StandardServer.initInternal(StandardServer.java:957)
		at org.apache.catalina.util.LifecycleBase.init(LifecycleBase.java:122)
		at org.apache.catalina.startup.Catalina.load(Catalina.java:712)
		at org.apache.catalina.startup.Catalina.load(Catalina.java:735)
		at java.base/jdk.internal.reflect.NativeMethodAccessorImpl.invoke0(Native Method)
		at java.base/jdk.internal.reflect.NativeMethodAccessorImpl.invoke(NativeMethodAccessorImpl.java:77)
		at java.base/jdk.internal.reflect.DelegatingMethodAccessorImpl.invoke(DelegatingMethodAccessorImpl.java:43)
		at java.base/java.lang.reflect.Method.invoke(Method.java:569)
		at org.apache.catalina.startup.Bootstrap.load(Bootstrap.java:302)
		at org.apache.catalina.startup.Bootstrap.main(Bootstrap.java:472)
	Caused by: java.net.BindException: Address already in use
		at java.base/sun.nio.ch.Net.bind0(Native Method)
		at java.base/sun.nio.ch.Net.bind(Net.java:555)
		at java.base/sun.nio.ch.ServerSocketChannelImpl.netBind(ServerSocketChannelImpl.java:337)
		at java.base/sun.nio.ch.ServerSocketChannelImpl.bind(ServerSocketChannelImpl.java:294)
		at org.apache.tomcat.util.net.NioEndpoint.initServerSocket(NioEndpoint.java:239)
		at org.apache.tomcat.util.net.NioEndpoint.bind(NioEndpoint.java:194)
		at org.apache.tomcat.util.net.AbstractEndpoint.bindWithCleanup(AbstractEndpoint.java:1304)
		at org.apache.tomcat.util.net.AbstractEndpoint.init(AbstractEndpoint.java:1317)
		at org.apache.coyote.AbstractProtocol.init(AbstractProtocol.java:633)
		at org.apache.coyote.http11.AbstractHttp11Protocol.init(AbstractHttp11Protocol.java:82)
		at org.apache.catalina.connector.Connector.initInternal(Connector.java:1049)
		... 13 more
14-May-2025 12:40:31.016 INFO [main] org.apache.catalina.startup.Catalina.load Server initialization in [692] milliseconds
14-May-2025 12:40:31.077 INFO [main] org.apache.catalina.core.StandardService.startInternal Starting service [Catalina]
14-May-2025 12:40:31.079 INFO [main] org.apache.catalina.core.StandardEngine.startInternal Starting Servlet engine: [Apache Tomcat/10.1.39]
14-May-2025 12:40:31.097 INFO [main] org.apache.catalina.startup.HostConfig.deployWAR Deploying web application archive [/home/radu/TAK-Server/src/oidf-server/tomcat/webapps/ldapauth.war]
14-May-2025 12:40:31.616 INFO [main] org.apache.jasper.servlet.TldScanner.scanJars At least one JAR was scanned for TLDs yet contained no TLDs. Enable debug logging for this logger for a complete list of JARs that were scanned but no TLDs were found in them. Skipping unneeded JARs during scanning can improve startup time and JSP compilation time.
May 14, 2025 12:40:32 PM org.apache.jasper.servlet.TldScanner scanJars
INFO: At least one JAR was scanned for TLDs yet contained no TLDs. Enable debug logging for this logger for a complete list of JARs that were scanned but no TLDs were found in them. Skipping unneeded JARs during scanning can improve startup time and JSP compilation time.
12:40:32.578 [main] ERROR MAIN - Couldn't start sample directory server: An error occurred while attempting to start listener 'sample-ds':  BindException(Address already in use), ldapSDKVersion=6.0.11, revision=8b21d0a4c6eb8b5c3e60a96fc3e9e13b9c2f650f
14-May-2025 12:40:32.667 INFO [main] org.apache.catalina.startup.HostConfig.deployWAR Deployment of web application archive [/home/radu/TAK-Server/src/oidf-server/tomcat/webapps/ldapauth.war] has finished in [1,569] ms
14-May-2025 12:40:32.668 INFO [main] org.apache.catalina.startup.HostConfig.deployWAR Deploying web application archive [/home/radu/TAK-Server/src/oidf-server/tomcat/webapps/password-grant-handler.war]
14-May-2025 12:40:32.935 INFO [main] org.apache.jasper.servlet.TldScanner.scanJars At least one JAR was scanned for TLDs yet contained no TLDs. Enable debug logging for this logger for a complete list of JARs that were scanned but no TLDs were found in them. Skipping unneeded JARs during scanning can improve startup time and JSP compilation time.
May 14, 2025 12:40:33 PM org.apache.catalina.core.ApplicationContext log
INFO: Initializing AtmosphereFramework
May 14, 2025 12:40:33 PM org.atmosphere.cpr.AtmosphereFramework addAtmosphereHandler
INFO: Installed AtmosphereHandler com.vaadin.server.communication.PushAtmosphereHandler mapped to context-path: /*
May 14, 2025 12:40:33 PM org.atmosphere.cpr.AtmosphereFramework addAtmosphereHandler
INFO: Installed the following AtmosphereInterceptor mapped to AtmosphereHandler com.vaadin.server.communication.PushAtmosphereHandler
May 14, 2025 12:40:33 PM org.atmosphere.util.IOUtils readServiceFile
INFO: META-INF/services/org.atmosphere.cpr.AtmosphereFramework not found in class loader
May 14, 2025 12:40:33 PM org.atmosphere.cpr.AtmosphereFramework autoConfigureService
INFO: Atmosphere is using org.atmosphere.util.VoidAnnotationProcessor for processing annotation
May 14, 2025 12:40:33 PM org.atmosphere.cpr.AtmosphereFramework initWebSocket
INFO: Installed WebSocketProtocol org.atmosphere.websocket.protocol.SimpleHttpProtocol 
May 14, 2025 12:40:33 PM org.atmosphere.container.JSR356AsyncSupport <init>
INFO: JSR 356 Mapping path /cb
May 14, 2025 12:40:33 PM org.atmosphere.cpr.AtmosphereFramework configureAtmosphereInterceptor
INFO: Installing Default AtmosphereInterceptors
May 14, 2025 12:40:33 PM org.atmosphere.cpr.AtmosphereFramework newAInterceptor
INFO: 	org.atmosphere.interceptor.CorsInterceptor : CORS Interceptor Support
May 14, 2025 12:40:33 PM org.atmosphere.cpr.AtmosphereFramework newAInterceptor
INFO: 	org.atmosphere.interceptor.CacheHeadersInterceptor : Default Response's Headers Interceptor
14-May-2025 12:40:33.240 INFO [main] org.apache.catalina.startup.HostConfig.deployWAR Deployment of web application archive [/home/radu/TAK-Server/src/oidf-server/tomcat/webapps/password-grant-handler.war] has finished in [572] ms
14-May-2025 12:40:33.241 INFO [main] org.apache.catalina.startup.HostConfig.deployWAR Deploying web application archive [/home/radu/TAK-Server/src/oidf-server/tomcat/webapps/c2id-login.war]
May 14, 2025 12:40:33 PM org.atmosphere.cpr.AtmosphereFramework newAInterceptor
INFO: 	org.atmosphere.interceptor.PaddingAtmosphereInterceptor : Browser Padding Interceptor Support
May 14, 2025 12:40:33 PM org.atmosphere.cpr.AtmosphereFramework newAInterceptor
INFO: 	org.atmosphere.interceptor.AndroidAtmosphereInterceptor : Android Interceptor Support
May 14, 2025 12:40:33 PM org.atmosphere.cpr.AtmosphereFramework configureAtmosphereInterceptor
INFO: Dropping Interceptor org.atmosphere.interceptor.HeartbeatInterceptor
May 14, 2025 12:40:33 PM org.atmosphere.cpr.AtmosphereFramework newAInterceptor
INFO: 	org.atmosphere.interceptor.SSEAtmosphereInterceptor : SSE Interceptor Support
May 14, 2025 12:40:33 PM org.atmosphere.cpr.AtmosphereFramework newAInterceptor
INFO: 	org.atmosphere.interceptor.JSONPAtmosphereInterceptor : JSONP Interceptor Support
May 14, 2025 12:40:33 PM org.atmosphere.cpr.AtmosphereFramework newAInterceptor
INFO: 	org.atmosphere.interceptor.JavaScriptProtocol : Atmosphere JavaScript Protocol
May 14, 2025 12:40:33 PM org.atmosphere.cpr.AtmosphereFramework newAInterceptor
INFO: 	org.atmosphere.interceptor.WebSocketMessageSuspendInterceptor : org.atmosphere.interceptor.WebSocketMessageSuspendInterceptor
May 14, 2025 12:40:33 PM org.atmosphere.cpr.AtmosphereFramework newAInterceptor
INFO: 	org.atmosphere.interceptor.OnDisconnectInterceptor : Browser disconnection detection
May 14, 2025 12:40:33 PM org.atmosphere.cpr.AtmosphereFramework newAInterceptor
INFO: 	org.atmosphere.interceptor.IdleResourceInterceptor : org.atmosphere.interceptor.IdleResourceInterceptor
May 14, 2025 12:40:33 PM org.atmosphere.cpr.AtmosphereFramework configureAtmosphereInterceptor
INFO: Set org.atmosphere.cpr.AtmosphereInterceptor.disableDefaults to disable them.
May 14, 2025 12:40:33 PM org.atmosphere.cpr.AtmosphereFramework info
INFO: Using EndpointMapper class org.atmosphere.util.DefaultEndpointMapper
May 14, 2025 12:40:33 PM org.atmosphere.cpr.AtmosphereFramework info
INFO: Using BroadcasterCache: org.atmosphere.cache.UUIDBroadcasterCache
May 14, 2025 12:40:33 PM org.atmosphere.cpr.AtmosphereFramework info
INFO: Default Broadcaster Class: org.atmosphere.cpr.DefaultBroadcaster
May 14, 2025 12:40:33 PM org.atmosphere.cpr.AtmosphereFramework info
INFO: Broadcaster Polling Wait Time 100
May 14, 2025 12:40:33 PM org.atmosphere.cpr.AtmosphereFramework info
INFO: Shared ExecutorService supported: true
May 14, 2025 12:40:33 PM org.atmosphere.cpr.AtmosphereFramework info
INFO: Messaging Thread Pool Size: Unlimited
May 14, 2025 12:40:33 PM org.atmosphere.cpr.AtmosphereFramework info
INFO: Async I/O Thread Pool Size: 200
May 14, 2025 12:40:33 PM org.atmosphere.cpr.AtmosphereFramework info
INFO: Using BroadcasterFactory: org.atmosphere.cpr.DefaultBroadcasterFactory
May 14, 2025 12:40:33 PM org.atmosphere.cpr.AtmosphereFramework info
INFO: Using WebSocketProcessor: org.atmosphere.websocket.DefaultWebSocketProcessor
May 14, 2025 12:40:33 PM org.atmosphere.cpr.AtmosphereFramework info
INFO: Invoke AtmosphereInterceptor on WebSocket message true
May 14, 2025 12:40:33 PM org.atmosphere.cpr.AtmosphereFramework info
INFO: HttpSession supported: true
May 14, 2025 12:40:33 PM org.atmosphere.cpr.AtmosphereFramework info
INFO: Atmosphere is using DefaultAtmosphereObjectFactory for dependency injection and object creation
May 14, 2025 12:40:33 PM org.atmosphere.cpr.AtmosphereFramework info
INFO: Atmosphere is using async support: org.atmosphere.container.JSR356AsyncSupport running under container: Apache Tomcat/10.1.39 using jakarta.servlet/3.0 and jsr356/WebSocket API
May 14, 2025 12:40:33 PM org.atmosphere.cpr.AtmosphereFramework info
INFO: Atmosphere Framework 2.2.13.vaadin1 started.
May 14, 2025 12:40:33 PM org.atmosphere.cpr.AtmosphereFramework interceptor
INFO: Installed AtmosphereInterceptor  Track Message Size Interceptor using | with priority BEFORE_DEFAULT 
May 14, 2025 12:40:33 PM org.atmosphere.cpr.AtmosphereFramework addAtmosphereHandler
INFO: Installed AtmosphereHandler com.vaadin.server.communication.PushAtmosphereHandler mapped to context-path: /*
May 14, 2025 12:40:33 PM org.atmosphere.cpr.AtmosphereFramework addAtmosphereHandler
INFO: Installed the following AtmosphereInterceptor mapped to AtmosphereHandler com.vaadin.server.communication.PushAtmosphereHandler
May 14, 2025 12:40:33 PM org.atmosphere.util.IOUtils readServiceFile
INFO: META-INF/services/org.atmosphere.cpr.AtmosphereFramework not found in class loader
May 14, 2025 12:40:33 PM org.atmosphere.cpr.AtmosphereFramework autoConfigureService
INFO: Atmosphere is using org.atmosphere.util.VoidAnnotationProcessor for processing annotation
May 14, 2025 12:40:33 PM org.atmosphere.cpr.AtmosphereFramework initWebSocket
INFO: Installed WebSocketProtocol org.atmosphere.websocket.protocol.SimpleHttpProtocol 
May 14, 2025 12:40:33 PM org.atmosphere.container.JSR356AsyncSupport <init>
INFO: JSR 356 Mapping path /{path}
May 14, 2025 12:40:33 PM org.atmosphere.cpr.AtmosphereFramework configureAtmosphereInterceptor
INFO: Installing Default AtmosphereInterceptors
May 14, 2025 12:40:33 PM org.atmosphere.cpr.AtmosphereFramework newAInterceptor
INFO: 	org.atmosphere.interceptor.CorsInterceptor : CORS Interceptor Support
May 14, 2025 12:40:33 PM org.atmosphere.cpr.AtmosphereFramework newAInterceptor
INFO: 	org.atmosphere.interceptor.CacheHeadersInterceptor : Default Response's Headers Interceptor
May 14, 2025 12:40:33 PM org.atmosphere.cpr.AtmosphereFramework newAInterceptor
INFO: 	org.atmosphere.interceptor.PaddingAtmosphereInterceptor : Browser Padding Interceptor Support
May 14, 2025 12:40:33 PM org.atmosphere.cpr.AtmosphereFramework newAInterceptor
INFO: 	org.atmosphere.interceptor.AndroidAtmosphereInterceptor : Android Interceptor Support
May 14, 2025 12:40:33 PM org.atmosphere.cpr.AtmosphereFramework configureAtmosphereInterceptor
INFO: Dropping Interceptor org.atmosphere.interceptor.HeartbeatInterceptor
May 14, 2025 12:40:33 PM org.atmosphere.cpr.AtmosphereFramework newAInterceptor
INFO: 	org.atmosphere.interceptor.SSEAtmosphereInterceptor : SSE Interceptor Support
May 14, 2025 12:40:33 PM org.atmosphere.cpr.AtmosphereFramework newAInterceptor
INFO: 	org.atmosphere.interceptor.JSONPAtmosphereInterceptor : JSONP Interceptor Support
May 14, 2025 12:40:33 PM org.atmosphere.cpr.AtmosphereFramework newAInterceptor
INFO: 	org.atmosphere.interceptor.JavaScriptProtocol : Atmosphere JavaScript Protocol
May 14, 2025 12:40:33 PM org.atmosphere.cpr.AtmosphereFramework newAInterceptor
INFO: 	org.atmosphere.interceptor.WebSocketMessageSuspendInterceptor : org.atmosphere.interceptor.WebSocketMessageSuspendInterceptor
May 14, 2025 12:40:33 PM org.atmosphere.cpr.AtmosphereFramework newAInterceptor
INFO: 	org.atmosphere.interceptor.OnDisconnectInterceptor : Browser disconnection detection
May 14, 2025 12:40:33 PM org.atmosphere.cpr.AtmosphereFramework newAInterceptor
INFO: 	org.atmosphere.interceptor.IdleResourceInterceptor : org.atmosphere.interceptor.IdleResourceInterceptor
May 14, 2025 12:40:33 PM org.atmosphere.cpr.AtmosphereFramework configureAtmosphereInterceptor
INFO: Set org.atmosphere.cpr.AtmosphereInterceptor.disableDefaults to disable them.
May 14, 2025 12:40:33 PM org.atmosphere.cpr.AtmosphereFramework info
INFO: Using EndpointMapper class org.atmosphere.util.DefaultEndpointMapper
May 14, 2025 12:40:33 PM org.atmosphere.cpr.AtmosphereFramework info
INFO: Using BroadcasterCache: org.atmosphere.cache.UUIDBroadcasterCache
May 14, 2025 12:40:33 PM org.atmosphere.cpr.AtmosphereFramework info
INFO: Default Broadcaster Class: org.atmosphere.cpr.DefaultBroadcaster
May 14, 2025 12:40:33 PM org.atmosphere.cpr.AtmosphereFramework info
INFO: Broadcaster Polling Wait Time 100
May 14, 2025 12:40:33 PM org.atmosphere.cpr.AtmosphereFramework info
INFO: Shared ExecutorService supported: true
May 14, 2025 12:40:33 PM org.atmosphere.cpr.AtmosphereFramework info
INFO: Messaging Thread Pool Size: Unlimited
May 14, 2025 12:40:33 PM org.atmosphere.cpr.AtmosphereFramework info
INFO: Async I/O Thread Pool Size: 200
May 14, 2025 12:40:33 PM org.atmosphere.cpr.AtmosphereFramework info
INFO: Using BroadcasterFactory: org.atmosphere.cpr.DefaultBroadcasterFactory
May 14, 2025 12:40:33 PM org.atmosphere.cpr.AtmosphereFramework info
INFO: Using WebSocketProcessor: org.atmosphere.websocket.DefaultWebSocketProcessor
May 14, 2025 12:40:33 PM org.atmosphere.cpr.AtmosphereFramework info
INFO: Invoke AtmosphereInterceptor on WebSocket message true
May 14, 2025 12:40:33 PM org.atmosphere.cpr.AtmosphereFramework info
INFO: HttpSession supported: true
May 14, 2025 12:40:33 PM org.atmosphere.cpr.AtmosphereFramework info
INFO: Atmosphere is using DefaultAtmosphereObjectFactory for dependency injection and object creation
May 14, 2025 12:40:33 PM org.atmosphere.cpr.AtmosphereFramework info
INFO: Atmosphere is using async support: org.atmosphere.container.JSR356AsyncSupport running under container: Apache Tomcat/10.1.39 using jakarta.servlet/3.0 and jsr356/WebSocket API
May 14, 2025 12:40:33 PM org.atmosphere.cpr.AtmosphereFramework info
INFO: Atmosphere Framework 2.2.13.vaadin1 started.
May 14, 2025 12:40:33 PM org.atmosphere.cpr.AtmosphereFramework interceptor
INFO: Installed AtmosphereInterceptor  Track Message Size Interceptor using | with priority BEFORE_DEFAULT 
14-May-2025 12:40:33.289 INFO [main] org.apache.catalina.startup.HostConfig.deployWAR Deployment of web application archive [/home/radu/TAK-Server/src/oidf-server/tomcat/webapps/oidc-client.war] has finished in [2,927] ms
14-May-2025 12:40:33.311 INFO [main] org.apache.catalina.startup.HostConfig.deployWAR Deploying web application archive [/home/radu/TAK-Server/src/oidf-server/tomcat/webapps/c2id-logout.war]
14-May-2025 12:40:33.660 INFO [main] org.apache.jasper.servlet.TldScanner.scanJars At least one JAR was scanned for TLDs yet contained no TLDs. Enable debug logging for this logger for a complete list of JARs that were scanned but no TLDs were found in them. Skipping unneeded JARs during scanning can improve startup time and JSP compilation time.
14-May-2025 12:40:33.670 INFO [main] org.apache.catalina.startup.HostConfig.deployWAR Deployment of web application archive [/home/radu/TAK-Server/src/oidf-server/tomcat/webapps/c2id-logout.war] has finished in [359] ms
14-May-2025 12:40:33.737 INFO [main] org.apache.catalina.startup.HostConfig.deployWAR Deploying web application archive [/home/radu/TAK-Server/src/oidf-server/tomcat/webapps/c2id.war]
14-May-2025 12:40:34.236 INFO [main] org.apache.jasper.servlet.TldScanner.scanJars At least one JAR was scanned for TLDs yet contained no TLDs. Enable debug logging for this logger for a complete list of JARs that were scanned but no TLDs were found in them. Skipping unneeded JARs during scanning can improve startup time and JSP compilation time.

                                  _   ___  _     _
                                 | | |__ \(_)   | |
   ___ ___  _ __  _ __   ___  ___| |_   ) )_  __| |
  / __/ _ \| '_ \| '_ \ / _ \/ __| __| / /| |/ _` |
 | (_| (_) | | | | | | |  __/ (__| |_ / /_| | (_| |
  \___\___/|_| |_|_| |_|\___|\___|\__|____|_|\__,_|  Login  (v3.4.5-migrated-1.0.9)

2025-05-14 12:40:34.974  INFO 251115 --- [           main] com.nimbusds.login.C2idLogin             : Starting C2idLogin v3.4.5-migrated-1.0.9 using Java 17.0.15 on lenss-10 with PID 251115 (/home/radu/TAK-Server/src/oidf-server/tomcat/webapps/c2id-login/WEB-INF/classes started by radu in /home/radu/TAK-Server/src/oidf-server/tomcat/bin)
2025-05-14 12:40:34.977  INFO 251115 --- [           main] com.nimbusds.login.C2idLogin             : The following profiles are active: prod
2025-05-14 12:40:36.390  INFO 251115 --- [           main] com.nimbusds.login.C2idLogin             : Started C2idLogin in 1.972 seconds (JVM running for 6.491)
14-May-2025 12:40:36.398 INFO [main] org.apache.catalina.startup.HostConfig.deployWAR Deployment of web application archive [/home/radu/TAK-Server/src/oidf-server/tomcat/webapps/c2id-login.war] has finished in [3,157] ms
14-May-2025 12:40:36.399 INFO [main] org.apache.catalina.startup.HostConfig.deployWAR Deploying web application archive [/home/radu/TAK-Server/src/oidf-server/tomcat/webapps/oidc-client.war]
May 14, 2025 12:40:36 PM org.apache.jasper.servlet.TldScanner scanJars
INFO: At least one JAR was scanned for TLDs yet contained no TLDs. Enable debug logging for this logger for a complete list of JARs that were scanned but no TLDs were found in them. Skipping unneeded JARs during scanning can improve startup time and JSP compilation time.
May 14, 2025 12:40:37 PM org.apache.catalina.core.ApplicationContext log
INFO: Initializing AtmosphereFramework
May 14, 2025 12:40:37 PM org.atmosphere.cpr.AtmosphereFramework addAtmosphereHandler
INFO: Installed AtmosphereHandler com.vaadin.server.communication.PushAtmosphereHandler mapped to context-path: /*
May 14, 2025 12:40:37 PM org.atmosphere.cpr.AtmosphereFramework addAtmosphereHandler
INFO: Installed the following AtmosphereInterceptor mapped to AtmosphereHandler com.vaadin.server.communication.PushAtmosphereHandler
May 14, 2025 12:40:37 PM org.atmosphere.util.IOUtils readServiceFile
INFO: META-INF/services/org.atmosphere.cpr.AtmosphereFramework not found in class loader
May 14, 2025 12:40:37 PM org.atmosphere.cpr.AtmosphereFramework autoConfigureService
INFO: Atmosphere is using org.atmosphere.util.VoidAnnotationProcessor for processing annotation
May 14, 2025 12:40:37 PM org.atmosphere.cpr.AtmosphereFramework initWebSocket
INFO: Installed WebSocketProtocol org.atmosphere.websocket.protocol.SimpleHttpProtocol 
May 14, 2025 12:40:37 PM org.atmosphere.container.JSR356AsyncSupport <init>
INFO: JSR 356 Mapping path /cb
May 14, 2025 12:40:37 PM org.atmosphere.cpr.AtmosphereFramework configureAtmosphereInterceptor
INFO: Installing Default AtmosphereInterceptors
May 14, 2025 12:40:37 PM org.atmosphere.cpr.AtmosphereFramework newAInterceptor
INFO: 	org.atmosphere.interceptor.CorsInterceptor : CORS Interceptor Support
May 14, 2025 12:40:37 PM org.atmosphere.cpr.AtmosphereFramework newAInterceptor
INFO: 	org.atmosphere.interceptor.CacheHeadersInterceptor : Default Response's Headers Interceptor
May 14, 2025 12:40:37 PM org.atmosphere.cpr.AtmosphereFramework newAInterceptor
INFO: 	org.atmosphere.interceptor.PaddingAtmosphereInterceptor : Browser Padding Interceptor Support
May 14, 2025 12:40:37 PM org.atmosphere.cpr.AtmosphereFramework newAInterceptor
INFO: 	org.atmosphere.interceptor.AndroidAtmosphereInterceptor : Android Interceptor Support
May 14, 2025 12:40:37 PM org.atmosphere.cpr.AtmosphereFramework configureAtmosphereInterceptor
INFO: Dropping Interceptor org.atmosphere.interceptor.HeartbeatInterceptor
May 14, 2025 12:40:37 PM org.atmosphere.cpr.AtmosphereFramework newAInterceptor
INFO: 	org.atmosphere.interceptor.SSEAtmosphereInterceptor : SSE Interceptor Support
May 14, 2025 12:40:37 PM org.atmosphere.cpr.AtmosphereFramework newAInterceptor
INFO: 	org.atmosphere.interceptor.JSONPAtmosphereInterceptor : JSONP Interceptor Support
May 14, 2025 12:40:37 PM org.atmosphere.cpr.AtmosphereFramework newAInterceptor
INFO: 	org.atmosphere.interceptor.JavaScriptProtocol : Atmosphere JavaScript Protocol
May 14, 2025 12:40:37 PM org.atmosphere.cpr.AtmosphereFramework newAInterceptor
INFO: 	org.atmosphere.interceptor.WebSocketMessageSuspendInterceptor : org.atmosphere.interceptor.WebSocketMessageSuspendInterceptor
May 14, 2025 12:40:37 PM org.atmosphere.cpr.AtmosphereFramework newAInterceptor
INFO: 	org.atmosphere.interceptor.OnDisconnectInterceptor : Browser disconnection detection
May 14, 2025 12:40:37 PM org.atmosphere.cpr.AtmosphereFramework newAInterceptor
INFO: 	org.atmosphere.interceptor.IdleResourceInterceptor : org.atmosphere.interceptor.IdleResourceInterceptor
May 14, 2025 12:40:37 PM org.atmosphere.cpr.AtmosphereFramework configureAtmosphereInterceptor
INFO: Set org.atmosphere.cpr.AtmosphereInterceptor.disableDefaults to disable them.
May 14, 2025 12:40:37 PM org.atmosphere.cpr.AtmosphereFramework info
INFO: Using EndpointMapper class org.atmosphere.util.DefaultEndpointMapper
May 14, 2025 12:40:37 PM org.atmosphere.cpr.AtmosphereFramework info
INFO: Using BroadcasterCache: org.atmosphere.cache.UUIDBroadcasterCache
May 14, 2025 12:40:37 PM org.atmosphere.cpr.AtmosphereFramework info
INFO: Default Broadcaster Class: org.atmosphere.cpr.DefaultBroadcaster
May 14, 2025 12:40:37 PM org.atmosphere.cpr.AtmosphereFramework info
INFO: Broadcaster Polling Wait Time 100
May 14, 2025 12:40:37 PM org.atmosphere.cpr.AtmosphereFramework info
INFO: Shared ExecutorService supported: true
May 14, 2025 12:40:37 PM org.atmosphere.cpr.AtmosphereFramework info
INFO: Messaging Thread Pool Size: Unlimited
May 14, 2025 12:40:37 PM org.atmosphere.cpr.AtmosphereFramework info
INFO: Async I/O Thread Pool Size: 200
May 14, 2025 12:40:37 PM org.atmosphere.cpr.AtmosphereFramework info
INFO: Using BroadcasterFactory: org.atmosphere.cpr.DefaultBroadcasterFactory
May 14, 2025 12:40:37 PM org.atmosphere.cpr.AtmosphereFramework info
INFO: Using WebSocketProcessor: org.atmosphere.websocket.DefaultWebSocketProcessor
May 14, 2025 12:40:37 PM org.atmosphere.cpr.AtmosphereFramework info
INFO: Invoke AtmosphereInterceptor on WebSocket message true
May 14, 2025 12:40:37 PM org.atmosphere.cpr.AtmosphereFramework info
INFO: HttpSession supported: true
May 14, 2025 12:40:37 PM org.atmosphere.cpr.AtmosphereFramework info
INFO: Atmosphere is using DefaultAtmosphereObjectFactory for dependency injection and object creation
May 14, 2025 12:40:37 PM org.atmosphere.cpr.AtmosphereFramework info
INFO: Atmosphere is using async support: org.atmosphere.container.JSR356AsyncSupport running under container: Apache Tomcat/10.1.39 using jakarta.servlet/3.0 and jsr356/WebSocket API
May 14, 2025 12:40:37 PM org.atmosphere.cpr.AtmosphereFramework info
INFO: Atmosphere Framework 2.2.13.vaadin1 started.
May 14, 2025 12:40:37 PM org.atmosphere.cpr.AtmosphereFramework interceptor
INFO: Installed AtmosphereInterceptor  Track Message Size Interceptor using | with priority BEFORE_DEFAULT 
May 14, 2025 12:40:37 PM org.atmosphere.cpr.AtmosphereFramework addAtmosphereHandler
INFO: Installed AtmosphereHandler com.vaadin.server.communication.PushAtmosphereHandler mapped to context-path: /*
May 14, 2025 12:40:37 PM org.atmosphere.cpr.AtmosphereFramework addAtmosphereHandler
INFO: Installed the following AtmosphereInterceptor mapped to AtmosphereHandler com.vaadin.server.communication.PushAtmosphereHandler
May 14, 2025 12:40:37 PM org.atmosphere.util.IOUtils readServiceFile
INFO: META-INF/services/org.atmosphere.cpr.AtmosphereFramework not found in class loader
May 14, 2025 12:40:37 PM org.atmosphere.cpr.AtmosphereFramework autoConfigureService
INFO: Atmosphere is using org.atmosphere.util.VoidAnnotationProcessor for processing annotation
May 14, 2025 12:40:37 PM org.atmosphere.cpr.AtmosphereFramework initWebSocket
INFO: Installed WebSocketProtocol org.atmosphere.websocket.protocol.SimpleHttpProtocol 
May 14, 2025 12:40:37 PM org.atmosphere.container.JSR356AsyncSupport <init>
INFO: JSR 356 Mapping path /{path}
May 14, 2025 12:40:37 PM org.atmosphere.cpr.AtmosphereFramework configureAtmosphereInterceptor
INFO: Installing Default AtmosphereInterceptors
May 14, 2025 12:40:37 PM org.atmosphere.cpr.AtmosphereFramework newAInterceptor
INFO: 	org.atmosphere.interceptor.CorsInterceptor : CORS Interceptor Support
May 14, 2025 12:40:37 PM org.atmosphere.cpr.AtmosphereFramework newAInterceptor
INFO: 	org.atmosphere.interceptor.CacheHeadersInterceptor : Default Response's Headers Interceptor
May 14, 2025 12:40:37 PM org.atmosphere.cpr.AtmosphereFramework newAInterceptor
INFO: 	org.atmosphere.interceptor.PaddingAtmosphereInterceptor : Browser Padding Interceptor Support
May 14, 2025 12:40:37 PM org.atmosphere.cpr.AtmosphereFramework newAInterceptor
INFO: 	org.atmosphere.interceptor.AndroidAtmosphereInterceptor : Android Interceptor Support
May 14, 2025 12:40:37 PM org.atmosphere.cpr.AtmosphereFramework configureAtmosphereInterceptor
INFO: Dropping Interceptor org.atmosphere.interceptor.HeartbeatInterceptor
May 14, 2025 12:40:37 PM org.atmosphere.cpr.AtmosphereFramework newAInterceptor
INFO: 	org.atmosphere.interceptor.SSEAtmosphereInterceptor : SSE Interceptor Support
May 14, 2025 12:40:37 PM org.atmosphere.cpr.AtmosphereFramework newAInterceptor
INFO: 	org.atmosphere.interceptor.JSONPAtmosphereInterceptor : JSONP Interceptor Support
May 14, 2025 12:40:37 PM org.atmosphere.cpr.AtmosphereFramework newAInterceptor
INFO: 	org.atmosphere.interceptor.JavaScriptProtocol : Atmosphere JavaScript Protocol
May 14, 2025 12:40:37 PM org.atmosphere.cpr.AtmosphereFramework newAInterceptor
INFO: 	org.atmosphere.interceptor.WebSocketMessageSuspendInterceptor : org.atmosphere.interceptor.WebSocketMessageSuspendInterceptor
May 14, 2025 12:40:37 PM org.atmosphere.cpr.AtmosphereFramework newAInterceptor
INFO: 	org.atmosphere.interceptor.OnDisconnectInterceptor : Browser disconnection detection
May 14, 2025 12:40:37 PM org.atmosphere.cpr.AtmosphereFramework newAInterceptor
INFO: 	org.atmosphere.interceptor.IdleResourceInterceptor : org.atmosphere.interceptor.IdleResourceInterceptor
May 14, 2025 12:40:37 PM org.atmosphere.cpr.AtmosphereFramework configureAtmosphereInterceptor
INFO: Set org.atmosphere.cpr.AtmosphereInterceptor.disableDefaults to disable them.
May 14, 2025 12:40:37 PM org.atmosphere.cpr.AtmosphereFramework info
INFO: Using EndpointMapper class org.atmosphere.util.DefaultEndpointMapper
May 14, 2025 12:40:37 PM org.atmosphere.cpr.AtmosphereFramework info
INFO: Using BroadcasterCache: org.atmosphere.cache.UUIDBroadcasterCache
May 14, 2025 12:40:37 PM org.atmosphere.cpr.AtmosphereFramework info
INFO: Default Broadcaster Class: org.atmosphere.cpr.DefaultBroadcaster
May 14, 2025 12:40:37 PM org.atmosphere.cpr.AtmosphereFramework info
INFO: Broadcaster Polling Wait Time 100
May 14, 2025 12:40:37 PM org.atmosphere.cpr.AtmosphereFramework info
INFO: Shared ExecutorService supported: true
May 14, 2025 12:40:37 PM org.atmosphere.cpr.AtmosphereFramework info
INFO: Messaging Thread Pool Size: Unlimited
May 14, 2025 12:40:37 PM org.atmosphere.cpr.AtmosphereFramework info
INFO: Async I/O Thread Pool Size: 200
May 14, 2025 12:40:37 PM org.atmosphere.cpr.AtmosphereFramework info
INFO: Using BroadcasterFactory: org.atmosphere.cpr.DefaultBroadcasterFactory
May 14, 2025 12:40:37 PM org.atmosphere.cpr.AtmosphereFramework info
INFO: Using WebSocketProcessor: org.atmosphere.websocket.DefaultWebSocketProcessor
May 14, 2025 12:40:37 PM org.atmosphere.cpr.AtmosphereFramework info
INFO: Invoke AtmosphereInterceptor on WebSocket message true
May 14, 2025 12:40:37 PM org.atmosphere.cpr.AtmosphereFramework info
INFO: HttpSession supported: true
May 14, 2025 12:40:37 PM org.atmosphere.cpr.AtmosphereFramework info
INFO: Atmosphere is using DefaultAtmosphereObjectFactory for dependency injection and object creation
May 14, 2025 12:40:37 PM org.atmosphere.cpr.AtmosphereFramework info
INFO: Atmosphere is using async support: org.atmosphere.container.JSR356AsyncSupport running under container: Apache Tomcat/10.1.39 using jakarta.servlet/3.0 and jsr356/WebSocket API
May 14, 2025 12:40:37 PM org.atmosphere.cpr.AtmosphereFramework info
INFO: Atmosphere Framework 2.2.13.vaadin1 started.
May 14, 2025 12:40:37 PM org.atmosphere.cpr.AtmosphereFramework interceptor
INFO: Installed AtmosphereInterceptor  Track Message Size Interceptor using | with priority BEFORE_DEFAULT 
14-May-2025 12:40:37.200 INFO [main] org.apache.catalina.startup.HostConfig.deployWAR Deployment of web application archive [/home/radu/TAK-Server/src/oidf-server/tomcat/webapps/oidc-client.war] has finished in [800] ms
14-May-2025 12:40:37.200 INFO [main] org.apache.catalina.startup.HostConfig.deployWAR Deploying web application archive [/home/radu/TAK-Server/src/oidf-server/tomcat/webapps/c2id-logout.war]
14-May-2025 12:40:37.341 INFO [main] org.apache.jasper.servlet.TldScanner.scanJars At least one JAR was scanned for TLDs yet contained no TLDs. Enable debug logging for this logger for a complete list of JARs that were scanned but no TLDs were found in them. Skipping unneeded JARs during scanning can improve startup time and JSP compilation time.
14-May-2025 12:40:37.349 INFO [main] org.apache.catalina.startup.HostConfig.deployWAR Deployment of web application archive [/home/radu/TAK-Server/src/oidf-server/tomcat/webapps/c2id-logout.war] has finished in [149] ms
14-May-2025 12:40:37.350 INFO [main] org.apache.catalina.startup.HostConfig.deployWAR Deploying web application archive [/home/radu/TAK-Server/src/oidf-server/tomcat/webapps/c2id.war]
14-May-2025 12:40:54.949 INFO [main] org.apache.catalina.startup.VersionLoggerListener.log Server version name:   Apache Tomcat/10.1.39
14-May-2025 12:40:54.955 INFO [main] org.apache.catalina.startup.VersionLoggerListener.log Server built:          Mar 4 2025 19:02:32 UTC
14-May-2025 12:40:54.957 INFO [main] org.apache.catalina.startup.VersionLoggerListener.log Server version number: 10.1.39.0
14-May-2025 12:40:54.957 INFO [main] org.apache.catalina.startup.VersionLoggerListener.log OS Name:               Linux
14-May-2025 12:40:54.957 INFO [main] org.apache.catalina.startup.VersionLoggerListener.log OS Version:            6.8.0-59-generic
14-May-2025 12:40:54.957 INFO [main] org.apache.catalina.startup.VersionLoggerListener.log Architecture:          amd64
14-May-2025 12:40:54.958 INFO [main] org.apache.catalina.startup.VersionLoggerListener.log Java Home:             /usr/lib/jvm/java-17-openjdk-amd64
14-May-2025 12:40:54.958 INFO [main] org.apache.catalina.startup.VersionLoggerListener.log JVM Version:           17.0.15+6-Ubuntu-0ubuntu122.04
14-May-2025 12:40:54.958 INFO [main] org.apache.catalina.startup.VersionLoggerListener.log JVM Vendor:            Ubuntu
14-May-2025 12:40:54.959 INFO [main] org.apache.catalina.startup.VersionLoggerListener.log CATALINA_BASE:         /home/radu/TAK-Server/src/oidf-server/tomcat
14-May-2025 12:40:54.959 INFO [main] org.apache.catalina.startup.VersionLoggerListener.log CATALINA_HOME:         /home/radu/TAK-Server/src/oidf-server/tomcat
14-May-2025 12:40:54.962 INFO [main] org.apache.catalina.core.AprLifecycleListener.lifecycleEvent The Apache Tomcat Native library which allows using OpenSSL was not found on the java.library.path: [/home/radu/opt/lib::/usr/java/packages/lib:/usr/lib/x86_64-linux-gnu/jni:/lib/x86_64-linux-gnu:/usr/lib/x86_64-linux-gnu:/usr/lib/jni:/lib:/usr/lib]
14-May-2025 12:40:55.577 INFO [main] org.apache.coyote.AbstractProtocol.init Initializing ProtocolHandler ["http-nio-8080"]
14-May-2025 12:40:55.592 SEVERE [main] org.apache.catalina.util.LifecycleBase.handleSubClassException Failed to initialize component [Connector["http-nio-8080"]]
	org.apache.catalina.LifecycleException: Protocol handler initialization failed
		at org.apache.catalina.connector.Connector.initInternal(Connector.java:1051)
		at org.apache.catalina.util.LifecycleBase.init(LifecycleBase.java:122)
		at org.apache.catalina.core.StandardService.initInternal(StandardService.java:525)
		at org.apache.catalina.util.LifecycleBase.init(LifecycleBase.java:122)
		at org.apache.catalina.core.StandardServer.initInternal(StandardServer.java:957)
		at org.apache.catalina.util.LifecycleBase.init(LifecycleBase.java:122)
		at org.apache.catalina.startup.Catalina.load(Catalina.java:712)
		at org.apache.catalina.startup.Catalina.load(Catalina.java:735)
		at java.base/jdk.internal.reflect.NativeMethodAccessorImpl.invoke0(Native Method)
		at java.base/jdk.internal.reflect.NativeMethodAccessorImpl.invoke(NativeMethodAccessorImpl.java:77)
		at java.base/jdk.internal.reflect.DelegatingMethodAccessorImpl.invoke(DelegatingMethodAccessorImpl.java:43)
		at java.base/java.lang.reflect.Method.invoke(Method.java:569)
		at org.apache.catalina.startup.Bootstrap.load(Bootstrap.java:302)
		at org.apache.catalina.startup.Bootstrap.main(Bootstrap.java:472)
	Caused by: java.net.BindException: Address already in use
		at java.base/sun.nio.ch.Net.bind0(Native Method)
		at java.base/sun.nio.ch.Net.bind(Net.java:555)
		at java.base/sun.nio.ch.ServerSocketChannelImpl.netBind(ServerSocketChannelImpl.java:337)
		at java.base/sun.nio.ch.ServerSocketChannelImpl.bind(ServerSocketChannelImpl.java:294)
		at org.apache.tomcat.util.net.NioEndpoint.initServerSocket(NioEndpoint.java:239)
		at org.apache.tomcat.util.net.NioEndpoint.bind(NioEndpoint.java:194)
		at org.apache.tomcat.util.net.AbstractEndpoint.bindWithCleanup(AbstractEndpoint.java:1304)
		at org.apache.tomcat.util.net.AbstractEndpoint.init(AbstractEndpoint.java:1317)
		at org.apache.coyote.AbstractProtocol.init(AbstractProtocol.java:633)
		at org.apache.coyote.http11.AbstractHttp11Protocol.init(AbstractHttp11Protocol.java:82)
		at org.apache.catalina.connector.Connector.initInternal(Connector.java:1049)
		... 13 more
14-May-2025 12:40:55.594 INFO [main] org.apache.catalina.startup.Catalina.load Server initialization in [811] milliseconds
14-May-2025 12:40:55.664 INFO [main] org.apache.catalina.core.StandardService.startInternal Starting service [Catalina]
14-May-2025 12:40:55.665 INFO [main] org.apache.catalina.core.StandardEngine.startInternal Starting Servlet engine: [Apache Tomcat/10.1.39]
14-May-2025 12:40:55.687 INFO [main] org.apache.catalina.startup.HostConfig.deployWAR Deploying web application archive [/home/radu/TAK-Server/src/oidf-server/tomcat/webapps/ldapauth.war]
14-May-2025 12:40:56.908 INFO [main] org.apache.jasper.servlet.TldScanner.scanJars At least one JAR was scanned for TLDs yet contained no TLDs. Enable debug logging for this logger for a complete list of JARs that were scanned but no TLDs were found in them. Skipping unneeded JARs during scanning can improve startup time and JSP compilation time.
12:40:57.699 [main] ERROR MAIN - Couldn't start sample directory server: An error occurred while attempting to start listener 'sample-ds':  BindException(Address already in use), ldapSDKVersion=6.0.11, revision=8b21d0a4c6eb8b5c3e60a96fc3e9e13b9c2f650f
14-May-2025 12:40:57.785 INFO [main] org.apache.catalina.startup.HostConfig.deployWAR Deployment of web application archive [/home/radu/TAK-Server/src/oidf-server/tomcat/webapps/ldapauth.war] has finished in [2,097] ms
14-May-2025 12:40:57.786 INFO [main] org.apache.catalina.startup.HostConfig.deployWAR Deploying web application archive [/home/radu/TAK-Server/src/oidf-server/tomcat/webapps/password-grant-handler.war]
14-May-2025 12:40:57.980 INFO [main] org.apache.jasper.servlet.TldScanner.scanJars At least one JAR was scanned for TLDs yet contained no TLDs. Enable debug logging for this logger for a complete list of JARs that were scanned but no TLDs were found in them. Skipping unneeded JARs during scanning can improve startup time and JSP compilation time.
14-May-2025 12:40:58.247 INFO [main] org.apache.catalina.startup.HostConfig.deployWAR Deployment of web application archive [/home/radu/TAK-Server/src/oidf-server/tomcat/webapps/password-grant-handler.war] has finished in [461] ms
14-May-2025 12:40:58.248 INFO [main] org.apache.catalina.startup.HostConfig.deployWAR Deploying web application archive [/home/radu/TAK-Server/src/oidf-server/tomcat/webapps/c2id-login.war]
14-May-2025 12:40:59.190 INFO [main] org.apache.jasper.servlet.TldScanner.scanJars At least one JAR was scanned for TLDs yet contained no TLDs. Enable debug logging for this logger for a complete list of JARs that were scanned but no TLDs were found in them. Skipping unneeded JARs during scanning can improve startup time and JSP compilation time.

                                  _   ___  _     _
                                 | | |__ \(_)   | |
   ___ ___  _ __  _ __   ___  ___| |_   ) )_  __| |
  / __/ _ \| '_ \| '_ \ / _ \/ __| __| / /| |/ _` |
 | (_| (_) | | | | | | |  __/ (__| |_ / /_| | (_| |
  \___\___/|_| |_|_| |_|\___|\___|\__|____|_|\__,_|  Login  (v3.4.5-migrated-1.0.9)

2025-05-14 12:41:00.054  INFO 251252 --- [           main] com.nimbusds.login.C2idLogin             : Starting C2idLogin v3.4.5-migrated-1.0.9 using Java 17.0.15 on lenss-10 with PID 251252 (/home/radu/TAK-Server/src/oidf-server/tomcat/webapps/c2id-login/WEB-INF/classes started by radu in /home/radu/TAK-Server/src/oidf-server/tomcat/bin)
2025-05-14 12:41:00.056  INFO 251252 --- [           main] com.nimbusds.login.C2idLogin             : The following profiles are active: prod
2025-05-14 12:41:02.062  INFO 251252 --- [           main] com.nimbusds.login.C2idLogin             : Started C2idLogin in 2.677 seconds (JVM running for 8.211)
14-May-2025 12:41:02.071 INFO [main] org.apache.catalina.startup.HostConfig.deployWAR Deployment of web application archive [/home/radu/TAK-Server/src/oidf-server/tomcat/webapps/c2id-login.war] has finished in [3,823] ms
14-May-2025 12:41:02.072 INFO [main] org.apache.catalina.startup.HostConfig.deployWAR Deploying web application archive [/home/radu/TAK-Server/src/oidf-server/tomcat/webapps/oidc-client.war]
May 14, 2025 12:41:02 PM org.apache.jasper.servlet.TldScanner scanJars
INFO: At least one JAR was scanned for TLDs yet contained no TLDs. Enable debug logging for this logger for a complete list of JARs that were scanned but no TLDs were found in them. Skipping unneeded JARs during scanning can improve startup time and JSP compilation time.
May 14, 2025 12:41:02 PM org.apache.catalina.core.ApplicationContext log
INFO: Initializing AtmosphereFramework
May 14, 2025 12:41:02 PM org.atmosphere.cpr.AtmosphereFramework addAtmosphereHandler
INFO: Installed AtmosphereHandler com.vaadin.server.communication.PushAtmosphereHandler mapped to context-path: /*
May 14, 2025 12:41:02 PM org.atmosphere.cpr.AtmosphereFramework addAtmosphereHandler
INFO: Installed the following AtmosphereInterceptor mapped to AtmosphereHandler com.vaadin.server.communication.PushAtmosphereHandler
May 14, 2025 12:41:02 PM org.atmosphere.util.IOUtils readServiceFile
INFO: META-INF/services/org.atmosphere.cpr.AtmosphereFramework not found in class loader
May 14, 2025 12:41:02 PM org.atmosphere.cpr.AtmosphereFramework autoConfigureService
INFO: Atmosphere is using org.atmosphere.util.VoidAnnotationProcessor for processing annotation
May 14, 2025 12:41:02 PM org.atmosphere.cpr.AtmosphereFramework initWebSocket
INFO: Installed WebSocketProtocol org.atmosphere.websocket.protocol.SimpleHttpProtocol 
May 14, 2025 12:41:02 PM org.atmosphere.container.JSR356AsyncSupport <init>
INFO: JSR 356 Mapping path /cb
May 14, 2025 12:41:02 PM org.atmosphere.cpr.AtmosphereFramework configureAtmosphereInterceptor
INFO: Installing Default AtmosphereInterceptors
May 14, 2025 12:41:02 PM org.atmosphere.cpr.AtmosphereFramework newAInterceptor
INFO: 	org.atmosphere.interceptor.CorsInterceptor : CORS Interceptor Support
May 14, 2025 12:41:02 PM org.atmosphere.cpr.AtmosphereFramework newAInterceptor
INFO: 	org.atmosphere.interceptor.CacheHeadersInterceptor : Default Response's Headers Interceptor
May 14, 2025 12:41:02 PM org.atmosphere.cpr.AtmosphereFramework newAInterceptor
INFO: 	org.atmosphere.interceptor.PaddingAtmosphereInterceptor : Browser Padding Interceptor Support
May 14, 2025 12:41:02 PM org.atmosphere.cpr.AtmosphereFramework newAInterceptor
INFO: 	org.atmosphere.interceptor.AndroidAtmosphereInterceptor : Android Interceptor Support
May 14, 2025 12:41:02 PM org.atmosphere.cpr.AtmosphereFramework configureAtmosphereInterceptor
INFO: Dropping Interceptor org.atmosphere.interceptor.HeartbeatInterceptor
May 14, 2025 12:41:02 PM org.atmosphere.cpr.AtmosphereFramework newAInterceptor
INFO: 	org.atmosphere.interceptor.SSEAtmosphereInterceptor : SSE Interceptor Support
May 14, 2025 12:41:02 PM org.atmosphere.cpr.AtmosphereFramework newAInterceptor
INFO: 	org.atmosphere.interceptor.JSONPAtmosphereInterceptor : JSONP Interceptor Support
May 14, 2025 12:41:02 PM org.atmosphere.cpr.AtmosphereFramework newAInterceptor
INFO: 	org.atmosphere.interceptor.JavaScriptProtocol : Atmosphere JavaScript Protocol
May 14, 2025 12:41:02 PM org.atmosphere.cpr.AtmosphereFramework newAInterceptor
INFO: 	org.atmosphere.interceptor.WebSocketMessageSuspendInterceptor : org.atmosphere.interceptor.WebSocketMessageSuspendInterceptor
May 14, 2025 12:41:02 PM org.atmosphere.cpr.AtmosphereFramework newAInterceptor
INFO: 	org.atmosphere.interceptor.OnDisconnectInterceptor : Browser disconnection detection
May 14, 2025 12:41:02 PM org.atmosphere.cpr.AtmosphereFramework newAInterceptor
INFO: 	org.atmosphere.interceptor.IdleResourceInterceptor : org.atmosphere.interceptor.IdleResourceInterceptor
May 14, 2025 12:41:02 PM org.atmosphere.cpr.AtmosphereFramework configureAtmosphereInterceptor
INFO: Set org.atmosphere.cpr.AtmosphereInterceptor.disableDefaults to disable them.
May 14, 2025 12:41:02 PM org.atmosphere.cpr.AtmosphereFramework info
INFO: Using EndpointMapper class org.atmosphere.util.DefaultEndpointMapper
May 14, 2025 12:41:02 PM org.atmosphere.cpr.AtmosphereFramework info
INFO: Using BroadcasterCache: org.atmosphere.cache.UUIDBroadcasterCache
May 14, 2025 12:41:02 PM org.atmosphere.cpr.AtmosphereFramework info
INFO: Default Broadcaster Class: org.atmosphere.cpr.DefaultBroadcaster
May 14, 2025 12:41:02 PM org.atmosphere.cpr.AtmosphereFramework info
INFO: Broadcaster Polling Wait Time 100
May 14, 2025 12:41:02 PM org.atmosphere.cpr.AtmosphereFramework info
INFO: Shared ExecutorService supported: true
May 14, 2025 12:41:02 PM org.atmosphere.cpr.AtmosphereFramework info
INFO: Messaging Thread Pool Size: Unlimited
May 14, 2025 12:41:02 PM org.atmosphere.cpr.AtmosphereFramework info
INFO: Async I/O Thread Pool Size: 200
May 14, 2025 12:41:02 PM org.atmosphere.cpr.AtmosphereFramework info
INFO: Using BroadcasterFactory: org.atmosphere.cpr.DefaultBroadcasterFactory
May 14, 2025 12:41:02 PM org.atmosphere.cpr.AtmosphereFramework info
INFO: Using WebSocketProcessor: org.atmosphere.websocket.DefaultWebSocketProcessor
May 14, 2025 12:41:02 PM org.atmosphere.cpr.AtmosphereFramework info
INFO: Invoke AtmosphereInterceptor on WebSocket message true
May 14, 2025 12:41:02 PM org.atmosphere.cpr.AtmosphereFramework info
INFO: HttpSession supported: true
May 14, 2025 12:41:02 PM org.atmosphere.cpr.AtmosphereFramework info
INFO: Atmosphere is using DefaultAtmosphereObjectFactory for dependency injection and object creation
May 14, 2025 12:41:02 PM org.atmosphere.cpr.AtmosphereFramework info
INFO: Atmosphere is using async support: org.atmosphere.container.JSR356AsyncSupport running under container: Apache Tomcat/10.1.39 using jakarta.servlet/3.0 and jsr356/WebSocket API
May 14, 2025 12:41:02 PM org.atmosphere.cpr.AtmosphereFramework info
INFO: Atmosphere Framework 2.2.13.vaadin1 started.
May 14, 2025 12:41:02 PM org.atmosphere.cpr.AtmosphereFramework interceptor
INFO: Installed AtmosphereInterceptor  Track Message Size Interceptor using | with priority BEFORE_DEFAULT 
May 14, 2025 12:41:02 PM org.atmosphere.cpr.AtmosphereFramework addAtmosphereHandler
INFO: Installed AtmosphereHandler com.vaadin.server.communication.PushAtmosphereHandler mapped to context-path: /*
May 14, 2025 12:41:02 PM org.atmosphere.cpr.AtmosphereFramework addAtmosphereHandler
INFO: Installed the following AtmosphereInterceptor mapped to AtmosphereHandler com.vaadin.server.communication.PushAtmosphereHandler
May 14, 2025 12:41:02 PM org.atmosphere.util.IOUtils readServiceFile
INFO: META-INF/services/org.atmosphere.cpr.AtmosphereFramework not found in class loader
May 14, 2025 12:41:02 PM org.atmosphere.cpr.AtmosphereFramework autoConfigureService
INFO: Atmosphere is using org.atmosphere.util.VoidAnnotationProcessor for processing annotation
May 14, 2025 12:41:02 PM org.atmosphere.cpr.AtmosphereFramework initWebSocket
INFO: Installed WebSocketProtocol org.atmosphere.websocket.protocol.SimpleHttpProtocol 
May 14, 2025 12:41:02 PM org.atmosphere.container.JSR356AsyncSupport <init>
INFO: JSR 356 Mapping path /{path}
May 14, 2025 12:41:02 PM org.atmosphere.cpr.AtmosphereFramework configureAtmosphereInterceptor
INFO: Installing Default AtmosphereInterceptors
May 14, 2025 12:41:02 PM org.atmosphere.cpr.AtmosphereFramework newAInterceptor
INFO: 	org.atmosphere.interceptor.CorsInterceptor : CORS Interceptor Support
May 14, 2025 12:41:02 PM org.atmosphere.cpr.AtmosphereFramework newAInterceptor
INFO: 	org.atmosphere.interceptor.CacheHeadersInterceptor : Default Response's Headers Interceptor
May 14, 2025 12:41:02 PM org.atmosphere.cpr.AtmosphereFramework newAInterceptor
INFO: 	org.atmosphere.interceptor.PaddingAtmosphereInterceptor : Browser Padding Interceptor Support
May 14, 2025 12:41:02 PM org.atmosphere.cpr.AtmosphereFramework newAInterceptor
INFO: 	org.atmosphere.interceptor.AndroidAtmosphereInterceptor : Android Interceptor Support
May 14, 2025 12:41:02 PM org.atmosphere.cpr.AtmosphereFramework configureAtmosphereInterceptor
INFO: Dropping Interceptor org.atmosphere.interceptor.HeartbeatInterceptor
May 14, 2025 12:41:02 PM org.atmosphere.cpr.AtmosphereFramework newAInterceptor
INFO: 	org.atmosphere.interceptor.SSEAtmosphereInterceptor : SSE Interceptor Support
May 14, 2025 12:41:02 PM org.atmosphere.cpr.AtmosphereFramework newAInterceptor
INFO: 	org.atmosphere.interceptor.JSONPAtmosphereInterceptor : JSONP Interceptor Support
May 14, 2025 12:41:02 PM org.atmosphere.cpr.AtmosphereFramework newAInterceptor
INFO: 	org.atmosphere.interceptor.JavaScriptProtocol : Atmosphere JavaScript Protocol
May 14, 2025 12:41:02 PM org.atmosphere.cpr.AtmosphereFramework newAInterceptor
INFO: 	org.atmosphere.interceptor.WebSocketMessageSuspendInterceptor : org.atmosphere.interceptor.WebSocketMessageSuspendInterceptor
May 14, 2025 12:41:02 PM org.atmosphere.cpr.AtmosphereFramework newAInterceptor
INFO: 	org.atmosphere.interceptor.OnDisconnectInterceptor : Browser disconnection detection
May 14, 2025 12:41:02 PM org.atmosphere.cpr.AtmosphereFramework newAInterceptor
INFO: 	org.atmosphere.interceptor.IdleResourceInterceptor : org.atmosphere.interceptor.IdleResourceInterceptor
May 14, 2025 12:41:02 PM org.atmosphere.cpr.AtmosphereFramework configureAtmosphereInterceptor
INFO: Set org.atmosphere.cpr.AtmosphereInterceptor.disableDefaults to disable them.
May 14, 2025 12:41:02 PM org.atmosphere.cpr.AtmosphereFramework info
INFO: Using EndpointMapper class org.atmosphere.util.DefaultEndpointMapper
May 14, 2025 12:41:02 PM org.atmosphere.cpr.AtmosphereFramework info
INFO: Using BroadcasterCache: org.atmosphere.cache.UUIDBroadcasterCache
May 14, 2025 12:41:02 PM org.atmosphere.cpr.AtmosphereFramework info
INFO: Default Broadcaster Class: org.atmosphere.cpr.DefaultBroadcaster
May 14, 2025 12:41:02 PM org.atmosphere.cpr.AtmosphereFramework info
INFO: Broadcaster Polling Wait Time 100
May 14, 2025 12:41:02 PM org.atmosphere.cpr.AtmosphereFramework info
INFO: Shared ExecutorService supported: true
May 14, 2025 12:41:02 PM org.atmosphere.cpr.AtmosphereFramework info
INFO: Messaging Thread Pool Size: Unlimited
May 14, 2025 12:41:02 PM org.atmosphere.cpr.AtmosphereFramework info
INFO: Async I/O Thread Pool Size: 200
May 14, 2025 12:41:02 PM org.atmosphere.cpr.AtmosphereFramework info
INFO: Using BroadcasterFactory: org.atmosphere.cpr.DefaultBroadcasterFactory
May 14, 2025 12:41:02 PM org.atmosphere.cpr.AtmosphereFramework info
INFO: Using WebSocketProcessor: org.atmosphere.websocket.DefaultWebSocketProcessor
May 14, 2025 12:41:02 PM org.atmosphere.cpr.AtmosphereFramework info
INFO: Invoke AtmosphereInterceptor on WebSocket message true
May 14, 2025 12:41:02 PM org.atmosphere.cpr.AtmosphereFramework info
INFO: HttpSession supported: true
May 14, 2025 12:41:02 PM org.atmosphere.cpr.AtmosphereFramework info
INFO: Atmosphere is using DefaultAtmosphereObjectFactory for dependency injection and object creation
May 14, 2025 12:41:02 PM org.atmosphere.cpr.AtmosphereFramework info
INFO: Atmosphere is using async support: org.atmosphere.container.JSR356AsyncSupport running under container: Apache Tomcat/10.1.39 using jakarta.servlet/3.0 and jsr356/WebSocket API
May 14, 2025 12:41:02 PM org.atmosphere.cpr.AtmosphereFramework info
INFO: Atmosphere Framework 2.2.13.vaadin1 started.
May 14, 2025 12:41:02 PM org.atmosphere.cpr.AtmosphereFramework interceptor
INFO: Installed AtmosphereInterceptor  Track Message Size Interceptor using | with priority BEFORE_DEFAULT 
14-May-2025 12:41:02.995 INFO [main] org.apache.catalina.startup.HostConfig.deployWAR Deployment of web application archive [/home/radu/TAK-Server/src/oidf-server/tomcat/webapps/oidc-client.war] has finished in [922] ms
14-May-2025 12:41:02.995 INFO [main] org.apache.catalina.startup.HostConfig.deployWAR Deploying web application archive [/home/radu/TAK-Server/src/oidf-server/tomcat/webapps/c2id-logout.war]
14-May-2025 12:41:03.152 INFO [main] org.apache.jasper.servlet.TldScanner.scanJars At least one JAR was scanned for TLDs yet contained no TLDs. Enable debug logging for this logger for a complete list of JARs that were scanned but no TLDs were found in them. Skipping unneeded JARs during scanning can improve startup time and JSP compilation time.
14-May-2025 12:41:03.163 INFO [main] org.apache.catalina.startup.HostConfig.deployWAR Deployment of web application archive [/home/radu/TAK-Server/src/oidf-server/tomcat/webapps/c2id-logout.war] has finished in [167] ms
14-May-2025 12:41:03.163 INFO [main] org.apache.catalina.startup.HostConfig.deployWAR Deploying web application archive [/home/radu/TAK-Server/src/oidf-server/tomcat/webapps/c2id.war]
14-May-2025 12:41:18.396 INFO [main] org.apache.jasper.servlet.TldScanner.scanJars At least one JAR was scanned for TLDs yet contained no TLDs. Enable debug logging for this logger for a complete list of JARs that were scanned but no TLDs were found in them. Skipping unneeded JARs during scanning can improve startup time and JSP compilation time.
14-May-2025 12:41:18.738 INFO [main] org.apache.jasper.servlet.TldScanner.scanJars At least one JAR was scanned for TLDs yet contained no TLDs. Enable debug logging for this logger for a complete list of JARs that were scanned but no TLDs were found in them. Skipping unneeded JARs during scanning can improve startup time and JSP compilation time.
14-May-2025 12:41:19.909 INFO [main] org.apache.jasper.servlet.TldScanner.scanJars At least one JAR was scanned for TLDs yet contained no TLDs. Enable debug logging for this logger for a complete list of JARs that were scanned but no TLDs were found in them. Skipping unneeded JARs during scanning can improve startup time and JSP compilation time.
2025-05-14T17:41:21.771351715Z main ERROR Unable to copy file /home/radu/TAK-Server/src/oidf-server/tomcat/logs/c2id-server.log to /home/radu/TAK-Server/src/oidf-server/tomcat/logs/c2id-server-2025-05-08-1.log: java.nio.file.NoSuchFileException /home/radu/TAK-Server/src/oidf-server/tomcat/logs/c2id-server.log
2025-05-14T17:41:21.776232980Z main ERROR Unable to write to stream /home/radu/TAK-Server/src/oidf-server/tomcat/logs/c2id-server.log for appender rolling-file org.apache.logging.log4j.core.appender.AppenderLoggingException: Error writing to stream /home/radu/TAK-Server/src/oidf-server/tomcat/logs/c2id-server.log
	at org.apache.logging.log4j.core.appender.OutputStreamManager.writeToDestination(OutputStreamManager.java:265)
	at org.apache.logging.log4j.core.appender.FileManager.writeToDestination(FileManager.java:335)
	at org.apache.logging.log4j.core.appender.rolling.RollingFileManager.writeToDestination(RollingFileManager.java:385)
	at org.apache.logging.log4j.core.appender.OutputStreamManager.flushBuffer(OutputStreamManager.java:296)
	at org.apache.logging.log4j.core.appender.OutputStreamManager.flush(OutputStreamManager.java:307)
	at org.apache.logging.log4j.core.appender.AbstractOutputStreamAppender.directEncodeEvent(AbstractOutputStreamAppender.java:229)
	at org.apache.logging.log4j.core.appender.AbstractOutputStreamAppender.tryAppend(AbstractOutputStreamAppender.java:220)
	at org.apache.logging.log4j.core.appender.AbstractOutputStreamAppender.append(AbstractOutputStreamAppender.java:211)
	at org.apache.logging.log4j.core.appender.RollingFileAppender.append(RollingFileAppender.java:337)
	at org.apache.logging.log4j.core.config.AppenderControl.tryCallAppender(AppenderControl.java:160)
	at org.apache.logging.log4j.core.config.AppenderControl.callAppender0(AppenderControl.java:133)
	at org.apache.logging.log4j.core.config.AppenderControl.callAppenderPreventRecursion(AppenderControl.java:124)
	at org.apache.logging.log4j.core.config.AppenderControl.callAppender(AppenderControl.java:88)
	at org.apache.logging.log4j.core.config.LoggerConfig.callAppenders(LoggerConfig.java:714)
	at org.apache.logging.log4j.core.config.LoggerConfig.processLogEvent(LoggerConfig.java:672)
	at org.apache.logging.log4j.core.config.LoggerConfig.log(LoggerConfig.java:648)
	at org.apache.logging.log4j.core.config.LoggerConfig.log(LoggerConfig.java:584)
	at org.apache.logging.log4j.core.config.AwaitCompletionReliabilityStrategy.log(AwaitCompletionReliabilityStrategy.java:92)
	at org.apache.logging.log4j.core.Logger.log(Logger.java:240)
	at org.apache.logging.log4j.spi.AbstractLogger.tryLogMessage(AbstractLogger.java:2904)
	at org.apache.logging.log4j.spi.AbstractLogger.logMessageTrackRecursion(AbstractLogger.java:2857)
	at org.apache.logging.log4j.spi.AbstractLogger.logMessageSafely(AbstractLogger.java:2839)
	at org.apache.logging.log4j.spi.AbstractLogger.logMessage(AbstractLogger.java:2646)
	at org.apache.logging.log4j.spi.AbstractLogger.logIfEnabled(AbstractLogger.java:2413)
	at org.apache.logging.log4j.spi.AbstractLogger.info(AbstractLogger.java:1757)
	at com.nimbusds.openid.connect.provider.config.SystemPropertiesLoader.lambda$retrieveSystemPropertiesFromSources$0(SystemPropertiesLoader.java:68)
	at java.base/java.lang.Iterable.forEach(Iterable.java:75)
	at com.nimbusds.openid.connect.provider.config.SystemPropertiesLoader.retrieveSystemPropertiesFromSources(SystemPropertiesLoader.java:66)
	at com.nimbusds.openid.connect.provider.config.SystemPropertiesLoader.contextInitialized(SystemPropertiesLoader.java:92)
	at org.apache.catalina.core.StandardContext.listenerStart(StandardContext.java:4049)
	at org.apache.catalina.core.StandardContext.startInternal(StandardContext.java:4477)
	at org.apache.catalina.util.LifecycleBase.start(LifecycleBase.java:164)
	at org.apache.catalina.core.ContainerBase.addChildInternal(ContainerBase.java:599)
	at org.apache.catalina.core.ContainerBase.addChild(ContainerBase.java:571)
	at org.apache.catalina.core.StandardHost.addChild(StandardHost.java:654)
	at org.apache.catalina.startup.HostConfig.deployWAR(HostConfig.java:969)
	at org.apache.catalina.startup.HostConfig$DeployWar.run(HostConfig.java:1911)
	at java.base/java.util.concurrent.Executors$RunnableAdapter.call(Executors.java:539)
	at java.base/java.util.concurrent.FutureTask.run(FutureTask.java:264)
	at org.apache.tomcat.util.threads.InlineExecutorService.execute(InlineExecutorService.java:75)
	at java.base/java.util.concurrent.AbstractExecutorService.submit(AbstractExecutorService.java:123)
	at org.apache.catalina.startup.HostConfig.deployWARs(HostConfig.java:771)
	at org.apache.catalina.startup.HostConfig.deployApps(HostConfig.java:423)
	at org.apache.catalina.startup.HostConfig.start(HostConfig.java:1629)
	at org.apache.catalina.startup.HostConfig.lifecycleEvent(HostConfig.java:303)
	at org.apache.catalina.util.LifecycleBase.fireLifecycleEvent(LifecycleBase.java:109)
	at org.apache.catalina.util.LifecycleBase.setStateInternal(LifecycleBase.java:389)
	at org.apache.catalina.util.LifecycleBase.setState(LifecycleBase.java:336)
	at org.apache.catalina.core.ContainerBase.startInternal(ContainerBase.java:776)
	at org.apache.catalina.core.StandardHost.startInternal(StandardHost.java:772)
	at org.apache.catalina.util.LifecycleBase.start(LifecycleBase.java:164)
	at org.apache.catalina.core.ContainerBase$StartChild.call(ContainerBase.java:1203)
	at org.apache.catalina.core.ContainerBase$StartChild.call(ContainerBase.java:1193)
	at java.base/java.util.concurrent.FutureTask.run(FutureTask.java:264)
	at org.apache.tomcat.util.threads.InlineExecutorService.execute(InlineExecutorService.java:75)
	at java.base/java.util.concurrent.AbstractExecutorService.submit(AbstractExecutorService.java:145)
	at org.apache.catalina.core.ContainerBase.startInternal(ContainerBase.java:749)
	at org.apache.catalina.core.StandardEngine.startInternal(StandardEngine.java:203)
	at org.apache.catalina.util.LifecycleBase.start(LifecycleBase.java:164)
	at org.apache.catalina.core.StandardService.startInternal(StandardService.java:415)
	at org.apache.catalina.util.LifecycleBase.start(LifecycleBase.java:164)
	at org.apache.catalina.core.StandardServer.startInternal(StandardServer.java:870)
	at org.apache.catalina.util.LifecycleBase.start(LifecycleBase.java:164)
	at org.apache.catalina.startup.Catalina.start(Catalina.java:761)
	at java.base/jdk.internal.reflect.NativeMethodAccessorImpl.invoke0(Native Method)
	at java.base/jdk.internal.reflect.NativeMethodAccessorImpl.invoke(NativeMethodAccessorImpl.java:77)
	at java.base/jdk.internal.reflect.DelegatingMethodAccessorImpl.invoke(DelegatingMethodAccessorImpl.java:43)
	at java.base/java.lang.reflect.Method.invoke(Method.java:569)
	at org.apache.catalina.startup.Bootstrap.start(Bootstrap.java:345)
	at org.apache.catalina.startup.Bootstrap.main(Bootstrap.java:473)
Caused by: java.io.IOException: Stream Closed
	at java.base/java.io.FileOutputStream.writeBytes(Native Method)
	at java.base/java.io.FileOutputStream.write(FileOutputStream.java:349)
	at org.apache.logging.log4j.core.appender.OutputStreamManager.writeToDestination(OutputStreamManager.java:263)
	... 69 more

2025-05-14T17:41:21.777995782Z main ERROR An exception occurred processing Appender rolling-file org.apache.logging.log4j.core.appender.AppenderLoggingException: Error writing to stream /home/radu/TAK-Server/src/oidf-server/tomcat/logs/c2id-server.log
	at org.apache.logging.log4j.core.appender.OutputStreamManager.writeToDestination(OutputStreamManager.java:265)
	at org.apache.logging.log4j.core.appender.FileManager.writeToDestination(FileManager.java:335)
	at org.apache.logging.log4j.core.appender.rolling.RollingFileManager.writeToDestination(RollingFileManager.java:385)
	at org.apache.logging.log4j.core.appender.OutputStreamManager.flushBuffer(OutputStreamManager.java:296)
	at org.apache.logging.log4j.core.appender.OutputStreamManager.flush(OutputStreamManager.java:307)
	at org.apache.logging.log4j.core.appender.AbstractOutputStreamAppender.directEncodeEvent(AbstractOutputStreamAppender.java:229)
	at org.apache.logging.log4j.core.appender.AbstractOutputStreamAppender.tryAppend(AbstractOutputStreamAppender.java:220)
	at org.apache.logging.log4j.core.appender.AbstractOutputStreamAppender.append(AbstractOutputStreamAppender.java:211)
	at org.apache.logging.log4j.core.appender.RollingFileAppender.append(RollingFileAppender.java:337)
	at org.apache.logging.log4j.core.config.AppenderControl.tryCallAppender(AppenderControl.java:160)
	at org.apache.logging.log4j.core.config.AppenderControl.callAppender0(AppenderControl.java:133)
	at org.apache.logging.log4j.core.config.AppenderControl.callAppenderPreventRecursion(AppenderControl.java:124)
	at org.apache.logging.log4j.core.config.AppenderControl.callAppender(AppenderControl.java:88)
	at org.apache.logging.log4j.core.config.LoggerConfig.callAppenders(LoggerConfig.java:714)
	at org.apache.logging.log4j.core.config.LoggerConfig.processLogEvent(LoggerConfig.java:672)
	at org.apache.logging.log4j.core.config.LoggerConfig.log(LoggerConfig.java:648)
	at org.apache.logging.log4j.core.config.LoggerConfig.log(LoggerConfig.java:584)
	at org.apache.logging.log4j.core.config.AwaitCompletionReliabilityStrategy.log(AwaitCompletionReliabilityStrategy.java:92)
	at org.apache.logging.log4j.core.Logger.log(Logger.java:240)
	at org.apache.logging.log4j.spi.AbstractLogger.tryLogMessage(AbstractLogger.java:2904)
	at org.apache.logging.log4j.spi.AbstractLogger.logMessageTrackRecursion(AbstractLogger.java:2857)
	at org.apache.logging.log4j.spi.AbstractLogger.logMessageSafely(AbstractLogger.java:2839)
	at org.apache.logging.log4j.spi.AbstractLogger.logMessage(AbstractLogger.java:2646)
	at org.apache.logging.log4j.spi.AbstractLogger.logIfEnabled(AbstractLogger.java:2413)
	at org.apache.logging.log4j.spi.AbstractLogger.info(AbstractLogger.java:1757)
	at com.nimbusds.openid.connect.provider.config.SystemPropertiesLoader.lambda$retrieveSystemPropertiesFromSources$0(SystemPropertiesLoader.java:68)
	at java.base/java.lang.Iterable.forEach(Iterable.java:75)
	at com.nimbusds.openid.connect.provider.config.SystemPropertiesLoader.retrieveSystemPropertiesFromSources(SystemPropertiesLoader.java:66)
	at com.nimbusds.openid.connect.provider.config.SystemPropertiesLoader.contextInitialized(SystemPropertiesLoader.java:92)
	at org.apache.catalina.core.StandardContext.listenerStart(StandardContext.java:4049)
	at org.apache.catalina.core.StandardContext.startInternal(StandardContext.java:4477)
	at org.apache.catalina.util.LifecycleBase.start(LifecycleBase.java:164)
	at org.apache.catalina.core.ContainerBase.addChildInternal(ContainerBase.java:599)
	at org.apache.catalina.core.ContainerBase.addChild(ContainerBase.java:571)
	at org.apache.catalina.core.StandardHost.addChild(StandardHost.java:654)
	at org.apache.catalina.startup.HostConfig.deployWAR(HostConfig.java:969)
	at org.apache.catalina.startup.HostConfig$DeployWar.run(HostConfig.java:1911)
	at java.base/java.util.concurrent.Executors$RunnableAdapter.call(Executors.java:539)
	at java.base/java.util.concurrent.FutureTask.run(FutureTask.java:264)
	at org.apache.tomcat.util.threads.InlineExecutorService.execute(InlineExecutorService.java:75)
	at java.base/java.util.concurrent.AbstractExecutorService.submit(AbstractExecutorService.java:123)
	at org.apache.catalina.startup.HostConfig.deployWARs(HostConfig.java:771)
	at org.apache.catalina.startup.HostConfig.deployApps(HostConfig.java:423)
	at org.apache.catalina.startup.HostConfig.start(HostConfig.java:1629)
	at org.apache.catalina.startup.HostConfig.lifecycleEvent(HostConfig.java:303)
	at org.apache.catalina.util.LifecycleBase.fireLifecycleEvent(LifecycleBase.java:109)
	at org.apache.catalina.util.LifecycleBase.setStateInternal(LifecycleBase.java:389)
	at org.apache.catalina.util.LifecycleBase.setState(LifecycleBase.java:336)
	at org.apache.catalina.core.ContainerBase.startInternal(ContainerBase.java:776)
	at org.apache.catalina.core.StandardHost.startInternal(StandardHost.java:772)
	at org.apache.catalina.util.LifecycleBase.start(LifecycleBase.java:164)
	at org.apache.catalina.core.ContainerBase$StartChild.call(ContainerBase.java:1203)
	at org.apache.catalina.core.ContainerBase$StartChild.call(ContainerBase.java:1193)
	at java.base/java.util.concurrent.FutureTask.run(FutureTask.java:264)
	at org.apache.tomcat.util.threads.InlineExecutorService.execute(InlineExecutorService.java:75)
	at java.base/java.util.concurrent.AbstractExecutorService.submit(AbstractExecutorService.java:145)
	at org.apache.catalina.core.ContainerBase.startInternal(ContainerBase.java:749)
	at org.apache.catalina.core.StandardEngine.startInternal(StandardEngine.java:203)
	at org.apache.catalina.util.LifecycleBase.start(LifecycleBase.java:164)
	at org.apache.catalina.core.StandardService.startInternal(StandardService.java:415)
	at org.apache.catalina.util.LifecycleBase.start(LifecycleBase.java:164)
	at org.apache.catalina.core.StandardServer.startInternal(StandardServer.java:870)
	at org.apache.catalina.util.LifecycleBase.start(LifecycleBase.java:164)
	at org.apache.catalina.startup.Catalina.start(Catalina.java:761)
	at java.base/jdk.internal.reflect.NativeMethodAccessorImpl.invoke0(Native Method)
	at java.base/jdk.internal.reflect.NativeMethodAccessorImpl.invoke(NativeMethodAccessorImpl.java:77)
	at java.base/jdk.internal.reflect.DelegatingMethodAccessorImpl.invoke(DelegatingMethodAccessorImpl.java:43)
	at java.base/java.lang.reflect.Method.invoke(Method.java:569)
	at org.apache.catalina.startup.Bootstrap.start(Bootstrap.java:345)
	at org.apache.catalina.startup.Bootstrap.main(Bootstrap.java:473)
Caused by: java.io.IOException: Stream Closed
	at java.base/java.io.FileOutputStream.writeBytes(Native Method)
	at java.base/java.io.FileOutputStream.write(FileOutputStream.java:349)
	at org.apache.logging.log4j.core.appender.OutputStreamManager.writeToDestination(OutputStreamManager.java:263)
	... 69 more

2025-05-14T17:41:21.784887244Z main ERROR Unable to write to stream /home/radu/TAK-Server/src/oidf-server/tomcat/logs/c2id-server.log for appender rolling-file org.apache.logging.log4j.core.appender.AppenderLoggingException: Error writing to stream /home/radu/TAK-Server/src/oidf-server/tomcat/logs/c2id-server.log
	at org.apache.logging.log4j.core.appender.OutputStreamManager.writeToDestination(OutputStreamManager.java:265)
	at org.apache.logging.log4j.core.appender.FileManager.writeToDestination(FileManager.java:335)
	at org.apache.logging.log4j.core.appender.rolling.RollingFileManager.writeToDestination(RollingFileManager.java:385)
	at org.apache.logging.log4j.core.appender.OutputStreamManager.flushBuffer(OutputStreamManager.java:296)
	at org.apache.logging.log4j.core.appender.OutputStreamManager.flush(OutputStreamManager.java:307)
	at org.apache.logging.log4j.core.appender.AbstractOutputStreamAppender.directEncodeEvent(AbstractOutputStreamAppender.java:229)
	at org.apache.logging.log4j.core.appender.AbstractOutputStreamAppender.tryAppend(AbstractOutputStreamAppender.java:220)
	at org.apache.logging.log4j.core.appender.AbstractOutputStreamAppender.append(AbstractOutputStreamAppender.java:211)
	at org.apache.logging.log4j.core.appender.RollingFileAppender.append(RollingFileAppender.java:337)
	at org.apache.logging.log4j.core.config.AppenderControl.tryCallAppender(AppenderControl.java:160)
	at org.apache.logging.log4j.core.config.AppenderControl.callAppender0(AppenderControl.java:133)
	at org.apache.logging.log4j.core.config.AppenderControl.callAppenderPreventRecursion(AppenderControl.java:124)
	at org.apache.logging.log4j.core.config.AppenderControl.callAppender(AppenderControl.java:88)
	at org.apache.logging.log4j.core.config.LoggerConfig.callAppenders(LoggerConfig.java:714)
	at org.apache.logging.log4j.core.config.LoggerConfig.processLogEvent(LoggerConfig.java:672)
	at org.apache.logging.log4j.core.config.LoggerConfig.log(LoggerConfig.java:648)
	at org.apache.logging.log4j.core.config.LoggerConfig.log(LoggerConfig.java:584)
	at org.apache.logging.log4j.core.config.AwaitCompletionReliabilityStrategy.log(AwaitCompletionReliabilityStrategy.java:92)
	at org.apache.logging.log4j.core.Logger.log(Logger.java:240)
	at org.apache.logging.log4j.spi.AbstractLogger.tryLogMessage(AbstractLogger.java:2904)
	at org.apache.logging.log4j.spi.AbstractLogger.logMessageTrackRecursion(AbstractLogger.java:2857)
	at org.apache.logging.log4j.spi.AbstractLogger.logMessageSafely(AbstractLogger.java:2839)
	at org.apache.logging.log4j.spi.AbstractLogger.logMessage(AbstractLogger.java:2618)
	at org.apache.logging.log4j.spi.AbstractLogger.logIfEnabled(AbstractLogger.java:2565)
	at org.apache.logging.log4j.spi.AbstractLogger.info(AbstractLogger.java:1568)
	at com.nimbusds.openid.connect.provider.spi.config.source.URLSystemPropertiesSource.getProperties(URLSystemPropertiesSource.java:72)
	at com.nimbusds.openid.connect.provider.config.SystemPropertiesLoader.lambda$retrieveSystemPropertiesFromSources$0(SystemPropertiesLoader.java:72)
	at java.base/java.lang.Iterable.forEach(Iterable.java:75)
	at com.nimbusds.openid.connect.provider.config.SystemPropertiesLoader.retrieveSystemPropertiesFromSources(SystemPropertiesLoader.java:66)
	at com.nimbusds.openid.connect.provider.config.SystemPropertiesLoader.contextInitialized(SystemPropertiesLoader.java:92)
	at org.apache.catalina.core.StandardContext.listenerStart(StandardContext.java:4049)
	at org.apache.catalina.core.StandardContext.startInternal(StandardContext.java:4477)
	at org.apache.catalina.util.LifecycleBase.start(LifecycleBase.java:164)
	at org.apache.catalina.core.ContainerBase.addChildInternal(ContainerBase.java:599)
	at org.apache.catalina.core.ContainerBase.addChild(ContainerBase.java:571)
	at org.apache.catalina.core.StandardHost.addChild(StandardHost.java:654)
	at org.apache.catalina.startup.HostConfig.deployWAR(HostConfig.java:969)
	at org.apache.catalina.startup.HostConfig$DeployWar.run(HostConfig.java:1911)
	at java.base/java.util.concurrent.Executors$RunnableAdapter.call(Executors.java:539)
	at java.base/java.util.concurrent.FutureTask.run(FutureTask.java:264)
	at org.apache.tomcat.util.threads.InlineExecutorService.execute(InlineExecutorService.java:75)
	at java.base/java.util.concurrent.AbstractExecutorService.submit(AbstractExecutorService.java:123)
	at org.apache.catalina.startup.HostConfig.deployWARs(HostConfig.java:771)
	at org.apache.catalina.startup.HostConfig.deployApps(HostConfig.java:423)
	at org.apache.catalina.startup.HostConfig.start(HostConfig.java:1629)
	at org.apache.catalina.startup.HostConfig.lifecycleEvent(HostConfig.java:303)
	at org.apache.catalina.util.LifecycleBase.fireLifecycleEvent(LifecycleBase.java:109)
	at org.apache.catalina.util.LifecycleBase.setStateInternal(LifecycleBase.java:389)
	at org.apache.catalina.util.LifecycleBase.setState(LifecycleBase.java:336)
	at org.apache.catalina.core.ContainerBase.startInternal(ContainerBase.java:776)
	at org.apache.catalina.core.StandardHost.startInternal(StandardHost.java:772)
	at org.apache.catalina.util.LifecycleBase.start(LifecycleBase.java:164)
	at org.apache.catalina.core.ContainerBase$StartChild.call(ContainerBase.java:1203)
	at org.apache.catalina.core.ContainerBase$StartChild.call(ContainerBase.java:1193)
	at java.base/java.util.concurrent.FutureTask.run(FutureTask.java:264)
	at org.apache.tomcat.util.threads.InlineExecutorService.execute(InlineExecutorService.java:75)
	at java.base/java.util.concurrent.AbstractExecutorService.submit(AbstractExecutorService.java:145)
	at org.apache.catalina.core.ContainerBase.startInternal(ContainerBase.java:749)
	at org.apache.catalina.core.StandardEngine.startInternal(StandardEngine.java:203)
	at org.apache.catalina.util.LifecycleBase.start(LifecycleBase.java:164)
	at org.apache.catalina.core.StandardService.startInternal(StandardService.java:415)
	at org.apache.catalina.util.LifecycleBase.start(LifecycleBase.java:164)
	at org.apache.catalina.core.StandardServer.startInternal(StandardServer.java:870)
	at org.apache.catalina.util.LifecycleBase.start(LifecycleBase.java:164)
	at org.apache.catalina.startup.Catalina.start(Catalina.java:761)
	at java.base/jdk.internal.reflect.NativeMethodAccessorImpl.invoke0(Native Method)
	at java.base/jdk.internal.reflect.NativeMethodAccessorImpl.invoke(NativeMethodAccessorImpl.java:77)
	at java.base/jdk.internal.reflect.DelegatingMethodAccessorImpl.invoke(DelegatingMethodAccessorImpl.java:43)
	at java.base/java.lang.reflect.Method.invoke(Method.java:569)
	at org.apache.catalina.startup.Bootstrap.start(Bootstrap.java:345)
	at org.apache.catalina.startup.Bootstrap.main(Bootstrap.java:473)
Caused by: java.io.IOException: Stream Closed
	at java.base/java.io.FileOutputStream.writeBytes(Native Method)
	at java.base/java.io.FileOutputStream.write(FileOutputStream.java:349)
	at org.apache.logging.log4j.core.appender.OutputStreamManager.writeToDestination(OutputStreamManager.java:263)
	... 70 more

2025-05-14T17:41:21.785909861Z main ERROR An exception occurred processing Appender rolling-file org.apache.logging.log4j.core.appender.AppenderLoggingException: Error writing to stream /home/radu/TAK-Server/src/oidf-server/tomcat/logs/c2id-server.log
	at org.apache.logging.log4j.core.appender.OutputStreamManager.writeToDestination(OutputStreamManager.java:265)
	at org.apache.logging.log4j.core.appender.FileManager.writeToDestination(FileManager.java:335)
	at org.apache.logging.log4j.core.appender.rolling.RollingFileManager.writeToDestination(RollingFileManager.java:385)
	at org.apache.logging.log4j.core.appender.OutputStreamManager.flushBuffer(OutputStreamManager.java:296)
	at org.apache.logging.log4j.core.appender.OutputStreamManager.flush(OutputStreamManager.java:307)
	at org.apache.logging.log4j.core.appender.AbstractOutputStreamAppender.directEncodeEvent(AbstractOutputStreamAppender.java:229)
	at org.apache.logging.log4j.core.appender.AbstractOutputStreamAppender.tryAppend(AbstractOutputStreamAppender.java:220)
	at org.apache.logging.log4j.core.appender.AbstractOutputStreamAppender.append(AbstractOutputStreamAppender.java:211)
	at org.apache.logging.log4j.core.appender.RollingFileAppender.append(RollingFileAppender.java:337)
	at org.apache.logging.log4j.core.config.AppenderControl.tryCallAppender(AppenderControl.java:160)
	at org.apache.logging.log4j.core.config.AppenderControl.callAppender0(AppenderControl.java:133)
	at org.apache.logging.log4j.core.config.AppenderControl.callAppenderPreventRecursion(AppenderControl.java:124)
	at org.apache.logging.log4j.core.config.AppenderControl.callAppender(AppenderControl.java:88)
	at org.apache.logging.log4j.core.config.LoggerConfig.callAppenders(LoggerConfig.java:714)
	at org.apache.logging.log4j.core.config.LoggerConfig.processLogEvent(LoggerConfig.java:672)
	at org.apache.logging.log4j.core.config.LoggerConfig.log(LoggerConfig.java:648)
	at org.apache.logging.log4j.core.config.LoggerConfig.log(LoggerConfig.java:584)
	at org.apache.logging.log4j.core.config.AwaitCompletionReliabilityStrategy.log(AwaitCompletionReliabilityStrategy.java:92)
	at org.apache.logging.log4j.core.Logger.log(Logger.java:240)
	at org.apache.logging.log4j.spi.AbstractLogger.tryLogMessage(AbstractLogger.java:2904)
	at org.apache.logging.log4j.spi.AbstractLogger.logMessageTrackRecursion(AbstractLogger.java:2857)
	at org.apache.logging.log4j.spi.AbstractLogger.logMessageSafely(AbstractLogger.java:2839)
	at org.apache.logging.log4j.spi.AbstractLogger.logMessage(AbstractLogger.java:2618)
	at org.apache.logging.log4j.spi.AbstractLogger.logIfEnabled(AbstractLogger.java:2565)
	at org.apache.logging.log4j.spi.AbstractLogger.info(AbstractLogger.java:1568)
	at com.nimbusds.openid.connect.provider.spi.config.source.URLSystemPropertiesSource.getProperties(URLSystemPropertiesSource.java:72)
	at com.nimbusds.openid.connect.provider.config.SystemPropertiesLoader.lambda$retrieveSystemPropertiesFromSources$0(SystemPropertiesLoader.java:72)
	at java.base/java.lang.Iterable.forEach(Iterable.java:75)
	at com.nimbusds.openid.connect.provider.config.SystemPropertiesLoader.retrieveSystemPropertiesFromSources(SystemPropertiesLoader.java:66)
	at com.nimbusds.openid.connect.provider.config.SystemPropertiesLoader.contextInitialized(SystemPropertiesLoader.java:92)
	at org.apache.catalina.core.StandardContext.listenerStart(StandardContext.java:4049)
	at org.apache.catalina.core.StandardContext.startInternal(StandardContext.java:4477)
	at org.apache.catalina.util.LifecycleBase.start(LifecycleBase.java:164)
	at org.apache.catalina.core.ContainerBase.addChildInternal(ContainerBase.java:599)
	at org.apache.catalina.core.ContainerBase.addChild(ContainerBase.java:571)
	at org.apache.catalina.core.StandardHost.addChild(StandardHost.java:654)
	at org.apache.catalina.startup.HostConfig.deployWAR(HostConfig.java:969)
	at org.apache.catalina.startup.HostConfig$DeployWar.run(HostConfig.java:1911)
	at java.base/java.util.concurrent.Executors$RunnableAdapter.call(Executors.java:539)
	at java.base/java.util.concurrent.FutureTask.run(FutureTask.java:264)
	at org.apache.tomcat.util.threads.InlineExecutorService.execute(InlineExecutorService.java:75)
	at java.base/java.util.concurrent.AbstractExecutorService.submit(AbstractExecutorService.java:123)
	at org.apache.catalina.startup.HostConfig.deployWARs(HostConfig.java:771)
	at org.apache.catalina.startup.HostConfig.deployApps(HostConfig.java:423)
	at org.apache.catalina.startup.HostConfig.start(HostConfig.java:1629)
	at org.apache.catalina.startup.HostConfig.lifecycleEvent(HostConfig.java:303)
	at org.apache.catalina.util.LifecycleBase.fireLifecycleEvent(LifecycleBase.java:109)
	at org.apache.catalina.util.LifecycleBase.setStateInternal(LifecycleBase.java:389)
	at org.apache.catalina.util.LifecycleBase.setState(LifecycleBase.java:336)
	at org.apache.catalina.core.ContainerBase.startInternal(ContainerBase.java:776)
	at org.apache.catalina.core.StandardHost.startInternal(StandardHost.java:772)
	at org.apache.catalina.util.LifecycleBase.start(LifecycleBase.java:164)
	at org.apache.catalina.core.ContainerBase$StartChild.call(ContainerBase.java:1203)
	at org.apache.catalina.core.ContainerBase$StartChild.call(ContainerBase.java:1193)
	at java.base/java.util.concurrent.FutureTask.run(FutureTask.java:264)
	at org.apache.tomcat.util.threads.InlineExecutorService.execute(InlineExecutorService.java:75)
	at java.base/java.util.concurrent.AbstractExecutorService.submit(AbstractExecutorService.java:145)
	at org.apache.catalina.core.ContainerBase.startInternal(ContainerBase.java:749)
	at org.apache.catalina.core.StandardEngine.startInternal(StandardEngine.java:203)
	at org.apache.catalina.util.LifecycleBase.start(LifecycleBase.java:164)
	at org.apache.catalina.core.StandardService.startInternal(StandardService.java:415)
	at org.apache.catalina.util.LifecycleBase.start(LifecycleBase.java:164)
	at org.apache.catalina.core.StandardServer.startInternal(StandardServer.java:870)
	at org.apache.catalina.util.LifecycleBase.start(LifecycleBase.java:164)
	at org.apache.catalina.startup.Catalina.start(Catalina.java:761)
	at java.base/jdk.internal.reflect.NativeMethodAccessorImpl.invoke0(Native Method)
	at java.base/jdk.internal.reflect.NativeMethodAccessorImpl.invoke(NativeMethodAccessorImpl.java:77)
	at java.base/jdk.internal.reflect.DelegatingMethodAccessorImpl.invoke(DelegatingMethodAccessorImpl.java:43)
	at java.base/java.lang.reflect.Method.invoke(Method.java:569)
	at org.apache.catalina.startup.Bootstrap.start(Bootstrap.java:345)
	at org.apache.catalina.startup.Bootstrap.main(Bootstrap.java:473)
Caused by: java.io.IOException: Stream Closed
	at java.base/java.io.FileOutputStream.writeBytes(Native Method)
	at java.base/java.io.FileOutputStream.write(FileOutputStream.java:349)
	at org.apache.logging.log4j.core.appender.OutputStreamManager.writeToDestination(OutputStreamManager.java:263)
	... 70 more

SLF4J(W): No SLF4J providers were found.
SLF4J(W): Defaulting to no-operation (NOP) logger implementation
SLF4J(W): See https://www.slf4j.org/codes.html#noProviders for further details.
SLF4J(W): Class path contains SLF4J bindings targeting slf4j-api versions 1.7.x or earlier.
SLF4J(W): Ignoring binding found at [jar:file:/home/radu/TAK-Server/src/oidf-server/tomcat/webapps/c2id/WEB-INF/lib/log4j-slf4j-impl-2.24.2.jar!/org/slf4j/impl/StaticLoggerBinder.class]
SLF4J(W): See https://www.slf4j.org/codes.html#ignoredBindings for an explanation.
SLF4J(W): No SLF4J providers were found.
SLF4J(W): Defaulting to no-operation (NOP) logger implementation
SLF4J(W): See https://www.slf4j.org/codes.html#noProviders for further details.
SLF4J(W): No SLF4J providers were found.
SLF4J(W): Defaulting to no-operation (NOP) logger implementation
SLF4J(W): See https://www.slf4j.org/codes.html#noProviders for further details.
SLF4J(W): Class path contains SLF4J bindings targeting slf4j-api versions 1.7.x or earlier.
SLF4J(W): Ignoring binding found at [jar:file:/home/radu/TAK-Server/src/oidf-server/tomcat/webapps/c2id/WEB-INF/lib/log4j-slf4j-impl-2.24.2.jar!/org/slf4j/impl/StaticLoggerBinder.class]
SLF4J(W): See https://www.slf4j.org/codes.html#ignoredBindings for an explanation.
SLF4J(W): Class path contains SLF4J bindings targeting slf4j-api versions 1.7.x or earlier.
SLF4J(W): Ignoring binding found at [jar:file:/home/radu/TAK-Server/src/oidf-server/tomcat/webapps/c2id/WEB-INF/lib/log4j-slf4j-impl-2.24.2.jar!/org/slf4j/impl/StaticLoggerBinder.class]
SLF4J(W): See https://www.slf4j.org/codes.html#ignoredBindings for an explanation.
2025-05-14T17:41:28.567145449Z main ERROR Recovering from StringBuilderEncoder.encode('2025-05-14T12:41:28,524 ERROR main CONFIG - ISPN000660: Cache keyStore.jwkSetMap start failed, stopping any running components
org.infinispan.commons.CacheConfigurationException: ISPN000659: Component ComponentWrapper{name=org.infinispan.persistence.manager.PersistenceManager, instance=org.infinispan.persistence.manager.PersistenceManagerImpl@1edf9a85, status=FAILED} failed to start
	at org.infinispan.factories.impl.BasicComponentRegistryImpl.startWrapper(BasicComponentRegistryImpl.java:584) ~[infinispan-core-14.0.33.Final.jar:14.0.33.Final]
	at org.infinispan.factories.impl.BasicComponentRegistryImpl$ComponentWrapper.running(BasicComponentRegistryImpl.java:807) ~[infinispan-core-14.0.33.Final.jar:14.0.33.Final]
	at org.infinispan.factories.impl.BasicComponentRegistryImpl.startDependencies(BasicComponentRegistryImpl.java:634) ~[infinispan-core-14.0.33.Final.jar:14.0.33.Final]
	at org.infinispan.factories.impl.BasicComponentRegistryImpl.doStartWrapper(BasicComponentRegistryImpl.java:598) ~[infinispan-core-14.0.33.Final.jar:14.0.33.Final]
	at org.infinispan.factories.impl.BasicComponentRegistryImpl.startWrapper(BasicComponentRegistryImpl.java:576) ~[infinispan-core-14.0.33.Final.jar:14.0.33.Final]
	at org.infinispan.factories.impl.BasicComponentRegistryImpl$ComponentWrapper.running(BasicComponentRegistryImpl.java:807) ~[infinispan-core-14.0.33.Final.jar:14.0.33.Final]
	at org.infinispan.factories.impl.BasicComponentRegistryImpl.startDependencies(BasicComponentRegistryImpl.java:634) ~[infinispan-core-14.0.33.Final.jar:14.0.33.Final]
	at org.infinispan.factories.impl.BasicComponentRegistryImpl.doStartWrapper(BasicComponentRegistryImpl.java:598) ~[infinispan-core-14.0.33.Final.jar:14.0.33.Final]
	at org.infinispan.factories.impl.BasicComponentRegistryImpl.startWrapper(BasicComponentRegistryImpl.java:576) ~[infinispan-core-14.0.33.Final.jar:14.0.33.Final]
	at org.infinispan.factories.impl.BasicComponentRegistryImpl$ComponentWrapper.running(BasicComponentRegistryImpl.java:807) ~[infinispan-core-14.0.33.Final.jar:14.0.33.Final]
	at org.infinispan.factories.impl.BasicComponentRegistryImpl.startDependencies(BasicComponentRegistryImpl.java:634) ~[infinispan-core-14.0.33.Final.jar:14.0.33.Final]
	at org.infinispan.factories.impl.BasicComponentRegistryImpl.doStartWrapper(BasicComponentRegistryImpl.java:598) ~[infinispan-core-14.0.33.Final.jar:14.0.33.Final]
	at org.infinispan.factories.impl.BasicComponentRegistryImpl.startWrapper(BasicComponentRegistryImpl.java:576) ~[infinispan-core-14.0.33.Final.jar:14.0.33.Final]
	at org.infinispan.factories.impl.BasicComponentRegistryImpl$ComponentWrapper.running(BasicComponentRegistryImpl.java:807) ~[infinispan-core-14.0.33.Final.jar:14.0.33.Final]
	at org.infinispan.factories.impl.BasicComponentRegistryImpl.startDependencies(BasicComponentRegistryImpl.java:634) ~[infinispan-core-14.0.33.Final.jar:14.0.33.Final]
	at org.infinispan.factories.impl.BasicComponentRegistryImpl.doStartWrapper(BasicComponentRegistryImpl.java:598) ~[infinispan-core-14.0.33.Final.jar:14.0.33.Final]
	at org.infinispan.factories.impl.BasicComponentRegistryImpl.startWrapper(BasicComponentRegistryImpl.java:576) ~[infinispan-core-14.0.33.Final.jar:14.0.33.Final]
	at org.infinispan.factories.impl.BasicComponentRegistryImpl$ComponentWrapper.running(BasicComponentRegistryImpl.java:807) ~[infinispan-core-14.0.33.Final.jar:14.0.33.Final]
	at org.infinispan.factories.AbstractComponentRegistry.internalStart(AbstractComponentRegistry.java:379) [infinispan-core-14.0.33.Final.jar:14.0.33.Final]
	at org.infinispan.factories.AbstractComponentRegistry.start(AbstractComponentRegistry.java:252) [infinispan-core-14.0.33.Final.jar:14.0.33.Final]
	at org.infinispan.factories.ComponentRegistry.start(ComponentRegistry.java:222) [infinispan-core-14.0.33.Final.jar:14.0.33.Final]
	at org.infinispan.cache.impl.CacheImpl.start(CacheImpl.java:1009) [infinispan-core-14.0.33.Final.jar:14.0.33.Final]
	at org.infinispan.cache.impl.AbstractDelegatingCache.start(AbstractDelegatingCache.java:504) [infinispan-core-14.0.33.Final.jar:14.0.33.Final]
	at org.infinispan.manager.DefaultCacheManager.wireAndStartCache(DefaultCacheManager.java:726) [infinispan-core-14.0.33.Final.jar:14.0.33.Final]
	at org.infinispan.manager.DefaultCacheManager.createCache(DefaultCacheManager.java:672) [infinispan-core-14.0.33.Final.jar:14.0.33.Final]
	at org.infinispan.manager.DefaultCacheManager.internalGetCache(DefaultCacheManager.java:561) [infinispan-core-14.0.33.Final.jar:14.0.33.Final]
	at org.infinispan.manager.DefaultCacheManager.getCache(DefaultCacheManager.java:524) [infinispan-core-14.0.33.Final.jar:14.0.33.Final]
	at org.infinispan.security.actions.GetCacheAction.run(GetCacheAction.java:26) [infinispan-core-14.0.33.Final.jar:14.0.33.Final]
	at org.infinispan.security.actions.GetCacheAction.run(GetCacheAction.java:14) [infinispan-core-14.0.33.Final.jar:14.0.33.Final]
	at org.infinispan.security.Security.doPrivileged(Security.java:56) [infinispan-core-14.0.33.Final.jar:14.0.33.Final]
	at org.infinispan.globalstate.impl.SecurityActions.doPrivileged(SecurityActions.java:30) [infinispan-core-14.0.33.Final.jar:14.0.33.Final]
	at org.infinispan.globalstate.impl.SecurityActions.getCache(SecurityActions.java:39) [infinispan-core-14.0.33.Final.jar:14.0.33.Final]
	at org.infinispan.globalstate.impl.GlobalConfigurationManagerImpl.start(GlobalConfigurationManagerImpl.java:114) [infinispan-core-14.0.33.Final.jar:14.0.33.Final]
	at org.infinispan.globalstate.impl.CorePackageImpl$2.start(CorePackageImpl.java:61) [infinispan-core-14.0.33.Final.jar:14.0.33.Final]
	at org.infinispan.globalstate.impl.CorePackageImpl$2.start(CorePackageImpl.java:48) [infinispan-core-14.0.33.Final.jar:14.0.33.Final]
	at org.infinispan.factories.impl.BasicComponentRegistryImpl.invokeStart(BasicComponentRegistryImpl.java:616) [infinispan-core-14.0.33.Final.jar:14.0.33.Final]
	at org.infinispan.factories.impl.BasicComponentRegistryImpl.doStartWrapper(BasicComponentRegistryImpl.java:607) [infinispan-core-14.0.33.Final.jar:14.0.33.Final]
	at org.infinispan.factories.impl.BasicComponentRegistryImpl.startWrapper(BasicComponentRegistryImpl.java:576) [infinispan-core-14.0.33.Final.jar:14.0.33.Final]
	at org.infinispan.factories.impl.BasicComponentRegistryImpl$ComponentWrapper.running(BasicComponentRegistryImpl.java:807) [infinispan-core-14.0.33.Final.jar:14.0.33.Final]
	at org.infinispan.factories.AbstractComponentRegistry.internalStart(AbstractComponentRegistry.java:379) [infinispan-core-14.0.33.Final.jar:14.0.33.Final]
	at org.infinispan.factories.AbstractComponentRegistry.start(AbstractComponentRegistry.java:252) [infinispan-core-14.0.33.Final.jar:14.0.33.Final]
	at org.infinispan.manager.DefaultCacheManager.internalStart(DefaultCacheManager.java:778) [infinispan-core-14.0.33.Final.jar:14.0.33.Final]
	at org.infinispan.manager.DefaultCacheManager.start(DefaultCacheManager.java:746) [infinispan-core-14.0.33.Final.jar:14.0.33.Final]
	at org.infinispan.manager.DefaultCacheManager.<init>(DefaultCacheManager.java:410) [infinispan-core-14.0.33.Final.jar:14.0.33.Final]
	at org.infinispan.manager.DefaultCacheManager.<init>(DefaultCacheManager.java:356) [infinispan-core-14.0.33.Final.jar:14.0.33.Final]
	at org.infinispan.manager.DefaultCacheManager.<init>(DefaultCacheManager.java:343) [infinispan-core-14.0.33.Final.jar:14.0.33.Final]
	at com.nimbusds.common.servlet.InfinispanLauncher.contextInitialized(InfinispanLauncher.java:209) [common-3.7.jar:?]
	at org.apache.catalina.core.StandardContext.listenerStart(StandardContext.java:4049) [catalina.jar:10.1.39]
	at org.apache.catalina.core.StandardContext.startInternal(StandardContext.java:4477) [catalina.jar:10.1.39]
	at org.apache.catalina.util.LifecycleBase.start(LifecycleBase.java:164) [catalina.jar:10.1.39]
	at org.apache.catalina.core.ContainerBase.addChildInternal(ContainerBase.java:599) [catalina.jar:10.1.39]
	at org.apache.catalina.core.ContainerBase.addChild(ContainerBase.java:571) [catalina.jar:10.1.39]
	at org.apache.catalina.core.StandardHost.addChild(StandardHost.java:654) [catalina.jar:10.1.39]
	at org.apache.catalina.startup.HostConfig.deployWAR(HostConfig.java:969) [catalina.jar:10.1.39]
	at org.apache.catalina.startup.HostConfig$DeployWar.run(HostConfig.java:1911) [catalina.jar:10.1.39]
	at java.base/java.util.concurrent.Executors$RunnableAdapter.call(Executors.java:539) [?:?]
	at java.base/java.util.concurrent.FutureTask.run(FutureTask.java:264) [?:?]
	at org.apache.tomcat.util.threads.InlineExecutorService.execute(InlineExecutorService.java:75) [tomcat-util.jar:10.1.39]
	at java.base/java.util.concurrent.AbstractExecutorService.submit(AbstractExecutorService.java:123) [?:?]
	at org.apache.catalina.startup.HostConfig.deployWARs(HostConfig.java:771) [catalina.jar:10.1.39]
	at org.apache.catalina.startup.HostConfig.deployApps(HostConfig.java:423) [catalina.jar:10.1.39]
	at org.apache.catalina.startup.HostConfig.start(HostConfig.java:1629) [catalina.jar:10.1.39]
	at org.apache.catalina.startup.HostConfig.lifecycleEvent(HostConfig.java:303) [catalina.jar:10.1.39]
	at org.apache.catalina.util.LifecycleBase.fireLifecycleEvent(LifecycleBase.java:109) [catalina.jar:10.1.39]
	at org.apache.catalina.util.LifecycleBase.setStateInternal(LifecycleBase.java:389) [catalina.jar:10.1.39]
	at org.apache.catalina.util.LifecycleBase.setState(LifecycleBase.java:336) [catalina.jar:10.1.39]
	at org.apache.catalina.core.ContainerBase.startInternal(ContainerBase.java:776) [catalina.jar:10.1.39]
	at org.apache.catalina.core.StandardHost.startInternal(StandardHost.java:772) [catalina.jar:10.1.39]
	at org.apache.catalina.util.LifecycleBase.start(LifecycleBase.java:164) [catalina.jar:10.1.39]
	at org.apache.catalina.core.ContainerBase$StartChild.call(ContainerBase.java:1203) [catalina.jar:10.1.39]
	at org.apache.catalina.core.ContainerBase$StartChild.call(ContainerBase.java:1193) [catalina.jar:10.1.39]
	at java.base/java.util.concurrent.FutureTask.run(FutureTask.java:264) [?:?]
	at org.apache.tomcat.util.threads.InlineExecutorService.execute(InlineExecutorService.java:75) [tomcat-util.jar:10.1.39]
	at java.base/java.util.concurrent.AbstractExecutorService.submit(AbstractExecutorService.java:145) [?:?]
	at org.apache.catalina.core.ContainerBase.startInternal(ContainerBase.java:749) [catalina.jar:10.1.39]
	at org.apache.catalina.core.StandardEngine.startInternal(StandardEngine.java:203) [catalina.jar:10.1.39]
	at org.apache.catalina.util.LifecycleBase.start(LifecycleBase.java:164) [catalina.jar:10.1.39]
	at org.apache.catalina.core.StandardService.startInternal(StandardService.java:415) [catalina.jar:10.1.39]
	at org.apache.catalina.util.LifecycleBase.start(LifecycleBase.java:164) [catalina.jar:10.1.39]
	at org.apache.catalina.core.StandardServer.startInternal(StandardServer.java:870) [catalina.jar:10.1.39]
	at org.apache.catalina.util.LifecycleBase.start(LifecycleBase.java:164) [catalina.jar:10.1.39]
	at org.apache.catalina.startup.Catalina.start(Catalina.java:761) [catalina.jar:10.1.39]
	at java.base/jdk.internal.reflect.NativeMethodAccessorImpl.invoke0(Native Method) ~[?:?]
	at java.base/jdk.internal.reflect.NativeMethodAccessorImpl.invoke(NativeMethodAccessorImpl.java:77) ~[?:?]
	at java.base/jdk.internal.reflect.DelegatingMethodAccessorImpl.invoke(DelegatingMethodAccessorImpl.java:43) ~[?:?]
	at java.base/java.lang.reflect.Method.invoke(Method.java:569) ~[?:?]
	at org.apache.catalina.startup.Bootstrap.start(Bootstrap.java:345) [bootstrap.jar:10.1.39]
	at org.apache.catalina.startup.Bootstrap.main(Bootstrap.java:473) [bootstrap.jar:10.1.39]
Caused by: java.util.concurrent.CompletionException: com.zaxxer.hikari.pool.HikariPool$PoolInitializationException: Failed to initialize pool: Database may be already in use: "/home/radu/TAK-Server/src/oidf-server/h2/c2id.mv.db". Possible solutions: close all other connection(s); use the server mode [90020-232]
	at java.base/java.util.concurrent.CompletableFuture.encodeThrowable(CompletableFuture.java:315) ~[?:?]
	at java.base/java.util.concurrent.CompletableFuture.completeThrowable(CompletableFuture.java:320) ~[?:?]
	at java.base/java.util.concurrent.CompletableFuture$AsyncRun.run(CompletableFuture.java:1807) ~[?:?]
	at org.jboss.threads.ContextClassLoaderSavingRunnable.run(ContextClassLoaderSavingRunnable.java:35) ~[jboss-threads-2.3.6.Final.jar:2.3.6.Final]
	at org.jboss.threads.EnhancedQueueExecutor.safeRun(EnhancedQueueExecutor.java:1982) ~[jboss-threads-2.3.6.Final.jar:2.3.6.Final]
	at org.jboss.threads.EnhancedQueueExecutor$ThreadBody.doRunTask(EnhancedQueueExecutor.java:1486) ~[jboss-threads-2.3.6.Final.jar:2.3.6.Final]
	at org.jboss.threads.EnhancedQueueExecutor$ThreadBody.run(EnhancedQueueExecutor.java:1377) ~[jboss-threads-2.3.6.Final.jar:2.3.6.Final]
	at java.base/java.lang.Thread.run(Thread.java:840) ~[?:?]
Caused by: com.zaxxer.hikari.pool.HikariPool$PoolInitializationException: Failed to initialize pool: Database may be already in use: "/home/radu/TAK-Server/src/oidf-server/h2/c2id.mv.db". Possible solutions: close all other connection(s); use the server mode [90020-232]
	at com.zaxxer.hikari.pool.HikariPool.throwPoolInitializationException(HikariPool.java:584) ~[HikariCP-5.1.0.jar:?]
	at com.zaxxer.hikari.pool.HikariPool.checkFailFast(HikariPool.java:571) ~[HikariCP-5.1.0.jar:?]
	at com.zaxxer.hikari.pool.HikariPool.<init>(HikariPool.java:98) ~[HikariCP-5.1.0.jar:?]
	at com.zaxxer.hikari.HikariDataSource.<init>(HikariDataSource.java:80) ~[HikariCP-5.1.0.jar:?]
	at com.nimbusds.infinispan.persistence.sql.SQLStore.startDataSource(SQLStore.java:315) ~[infinispan-cachestore-sql-8.2.jar:?]
	at com.nimbusds.infinispan.persistence.sql.SQLStore.start(SQLStore.java:328) ~[infinispan-cachestore-sql-8.2.jar:?]
	at org.infinispan.persistence.support.NonBlockingStoreAdapter.lambda$start$0(NonBlockingStoreAdapter.java:108) ~[infinispan-core-14.0.33.Final.jar:14.0.33.Final]
	at java.base/java.util.concurrent.CompletableFuture$AsyncRun.run(CompletableFuture.java:1804) ~[?:?]
	at org.jboss.threads.ContextClassLoaderSavingRunnable.run(ContextClassLoaderSavingRunnable.java:35) ~[jboss-threads-2.3.6.Final.jar:2.3.6.Final]
	at org.jboss.threads.EnhancedQueueExecutor.safeRun(EnhancedQueueExecutor.java:1982) ~[jboss-threads-2.3.6.Final.jar:2.3.6.Final]
	at org.jboss.threads.EnhancedQueueExecutor$ThreadBody.doRunTask(EnhancedQueueExecutor.java:1486) ~[jboss-threads-2.3.6.Final.jar:2.3.6.Final]
	at org.jboss.threads.EnhancedQueueExecutor$ThreadBody.run(EnhancedQueueExecutor.java:1377) ~[jboss-threads-2.3.6.Final.jar:2.3.6.Final]
	at java.base/java.lang.Thread.run(Thread.java:840) ~[?:?]
Caused by: org.h2.jdbc.JdbcSQLNonTransientConnectionException: Database may be already in use: "/home/radu/TAK-Server/src/oidf-server/h2/c2id.mv.db". Possible solutions: close all other connection(s); use the server mode [90020-232]
	at org.h2.message.DbException.getJdbcSQLException(DbException.java:690) ~[h2-2.3.232.jar:2.3.232]
	at org.h2.message.DbException.getJdbcSQLException(DbException.java:489) ~[h2-2.3.232.jar:2.3.232]
	at org.h2.message.DbException.get(DbException.java:212) ~[h2-2.3.232.jar:2.3.232]
	at org.h2.mvstore.db.Store.convertMVStoreException(Store.java:165) ~[h2-2.3.232.jar:2.3.232]
	at org.h2.mvstore.db.Store.<init>(Store.java:142) ~[h2-2.3.232.jar:2.3.232]
	at org.h2.engine.Database.<init>(Database.java:326) ~[h2-2.3.232.jar:2.3.232]
	at org.h2.engine.Engine.openSession(Engine.java:92) ~[h2-2.3.232.jar:2.3.232]
	at org.h2.engine.Engine.openSession(Engine.java:222) ~[h2-2.3.232.jar:2.3.232]
	at org.h2.engine.Engine.createSession(Engine.java:201) ~[h2-2.3.232.jar:2.3.232]
	at org.h2.engine.SessionRemote.connectEmbeddedOrServer(SessionRemote.java:344) ~[h2-2.3.232.jar:2.3.232]
	at org.h2.jdbc.JdbcConnection.<init>(JdbcConnection.java:124) ~[h2-2.3.232.jar:2.3.232]
	at org.h2.jdbcx.JdbcDataSource.getConnection(JdbcDataSource.java:155) ~[h2-2.3.232.jar:2.3.232]
	at com.zaxxer.hikari.pool.PoolBase.newConnection(PoolBase.java:360) ~[HikariCP-5.1.0.jar:?]
	at com.zaxxer.hikari.pool.PoolBase.newPoolEntry(PoolBase.java:202) ~[HikariCP-5.1.0.jar:?]
	at com.zaxxer.hikari.pool.HikariPool.createPoolEntry(HikariPool.java:461) ~[HikariCP-5.1.0.jar:?]
	at com.zaxxer.hikari.pool.HikariPool.checkFailFast(HikariPool.java:550) ~[HikariCP-5.1.0.jar:?]
	at com.zaxxer.hikari.pool.HikariPool.<init>(HikariPool.java:98) ~[HikariCP-5.1.0.jar:?]
	at com.zaxxer.hikari.HikariDataSource.<init>(HikariDataSource.java:80) ~[HikariCP-5.1.0.jar:?]
	at com.nimbusds.infinispan.persistence.sql.SQLStore.startDataSource(SQLStore.java:315) ~[infinispan-cachestore-sql-8.2.jar:?]
	at com.nimbusds.infinispan.persistence.sql.SQLStore.start(SQLStore.java:328) ~[infinispan-cachestore-sql-8.2.jar:?]
	at org.infinispan.persistence.support.NonBlockingStoreAdapter.lambda$start$0(NonBlockingStoreAdapter.java:108) ~[infinispan-core-14.0.33.Final.jar:14.0.33.Final]
	at java.base/java.util.concurrent.CompletableFuture$AsyncRun.run(CompletableFuture.java:1804) ~[?:?]
	at org.jboss.threads.ContextClassLoaderSavingRunnable.run(ContextClassLoaderSavingRunnable.java:35) ~[jboss-threads-2.3.6.Final.jar:2.3.6.Final]
	at org.jboss.threads.EnhancedQueueExecutor.safeRun(EnhancedQueueExecutor.java:1982) ~[jboss-threads-2.3.6.Final.jar:2.3.6.Final]
	at org.jboss.threads.EnhancedQueueExecutor$ThreadBody.doRunTask(EnhancedQueueExecutor.java:1486) ~[jboss-threads-2.3.6.Final.jar:2.3.6.Final]
	at org.jboss.threads.EnhancedQueueExecutor$ThreadBody.run(EnhancedQueueExecutor.java:1377) ~[jboss-threads-2.3.6.Final.jar:2.3.6.Final]
	at java.base/java.lang.Thread.run(Thread.java:840) ~[?:?]
Caused by: org.h2.mvstore.MVStoreException: The file is locked: /home/radu/TAK-Server/src/oidf-server/h2/c2id.mv.db [2.3.232/7]
	at org.h2.mvstore.DataUtils.newMVStoreException(DataUtils.java:996) ~[h2-2.3.232.jar:2.3.232]
	at org.h2.mvstore.SingleFileStore.lockFileChannel(SingleFileStore.java:143) ~[h2-2.3.232.jar:2.3.232]
	at org.h2.mvstore.SingleFileStore.open(SingleFileStore.java:117) ~[h2-2.3.232.jar:2.3.232]
	at org.h2.mvstore.SingleFileStore.open(SingleFileStore.java:81) ~[h2-2.3.232.jar:2.3.232]
	at org.h2.mvstore.MVStore.<init>(MVStore.java:286) ~[h2-2.3.232.jar:2.3.232]
	at org.h2.mvstore.MVStore$Builder.open(MVStore.java:2035) ~[h2-2.3.232.jar:2.3.232]
	at org.h2.mvstore.db.Store.<init>(Store.java:133) ~[h2-2.3.232.jar:2.3.232]
	at org.h2.engine.Database.<init>(Database.java:326) ~[h2-2.3.232.jar:2.3.232]
	at org.h2.engine.Engine.openSession(Engine.java:92) ~[h2-2.3.232.jar:2.3.232]
	at org.h2.engine.Engine.openSession(Engine.java:222) ~[h2-2.3.232.jar:2.3.232]
	at org.h2.engine.Engine.createSession(Engine.java:201) ~[h2-2.3.232.jar:2.3.232]
	at org.h2.engine.SessionRemote.connectEmbeddedOrServer(SessionRemote.java:344) ~[h2-2.3.232.jar:2.3.232]
	at org.h2.jdbc.JdbcConnection.<init>(JdbcConnection.java:124) ~[h2-2.3.232.jar:2.3.232]
	at org.h2.jdbcx.JdbcDataSource.getConnection(JdbcDataSource.java:155) ~[h2-2.3.232.jar:2.3.232]
	at com.zaxxer.hikari.pool.PoolBase.newConnection(PoolBase.java:360) ~[HikariCP-5.1.0.jar:?]
	at com.zaxxer.hikari.pool.PoolBase.newPoolEntry(PoolBase.java:202) ~[HikariCP-5.1.0.jar:?]
	at com.zaxxer.hikari.pool.HikariPool.createPoolEntry(HikariPool.java:461) ~[HikariCP-5.1.0.jar:?]
	at com.zaxxer.hikari.pool.HikariPool.checkFailFast(HikariPool.java:550) ~[HikariCP-5.1.0.jar:?]
	at com.zaxxer.hikari.pool.HikariPool.<init>(HikariPool.java:98) ~[HikariCP-5.1.0.jar:?]
	at com.zaxxer.hikari.HikariDataSource.<init>(HikariDataSource.java:80) ~[HikariCP-5.1.0.jar:?]
	at com.nimbusds.infinispan.persistence.sql.SQLStore.startDataSource(SQLStore.java:315) ~[infinispan-cachestore-sql-8.2.jar:?]
	at com.nimbusds.infinispan.persistence.sql.SQLStore.start(SQLStore.java:328) ~[infinispan-cachestore-sql-8.2.jar:?]
	at org.infinispan.persistence.support.NonBlockingStoreAdapter.lambda$start$0(NonBlockingStoreAdapter.java:108) ~[infinispan-core-14.0.33.Final.jar:14.0.33.Final]
	at java.base/java.util.concurrent.CompletableFuture$AsyncRun.run(CompletableFuture.java:1804) ~[?:?]
	at org.jboss.threads.ContextClassLoaderSavingRunnable.run(ContextClassLoaderSavingRunnable.java:35) ~[jboss-threads-2.3.6.Final.jar:2.3.6.Final]
	at org.jboss.threads.EnhancedQueueExecutor.safeRun(EnhancedQueueExecutor.java:1982) ~[jboss-threads-2.3.6.Final.jar:2.3.6.Final]
	at org.jboss.threads.EnhancedQueueExecutor$ThreadBody.doRunTask(EnhancedQueueExecutor.java:1486) ~[jboss-threads-2.3.6.Final.jar:2.3.6.Final]
	at org.jboss.threads.EnhancedQueueExecutor$ThreadBody.run(EnhancedQueueExecutor.java:1377) ~[jboss-threads-2.3.6.Final.jar:2.3.6.Final]
	at java.base/java.lang.Thread.run(Thread.java:840) ~[?:?]
') error: org.apache.logging.log4j.core.appender.AppenderLoggingException: Error writing to stream /home/radu/TAK-Server/src/oidf-server/tomcat/logs/c2id-server.log org.apache.logging.log4j.core.appender.AppenderLoggingException: Error writing to stream /home/radu/TAK-Server/src/oidf-server/tomcat/logs/c2id-server.log
	at org.apache.logging.log4j.core.appender.OutputStreamManager.writeToDestination(OutputStreamManager.java:265)
	at org.apache.logging.log4j.core.appender.FileManager.writeToDestination(FileManager.java:335)
	at org.apache.logging.log4j.core.appender.rolling.RollingFileManager.writeToDestination(RollingFileManager.java:385)
	at org.apache.logging.log4j.core.appender.OutputStreamManager.flushBuffer(OutputStreamManager.java:296)
	at org.apache.logging.log4j.core.appender.OutputStreamManager.drain(OutputStreamManager.java:356)
	at org.apache.logging.log4j.core.layout.TextEncoderHelper.drainIfByteBufferFull(TextEncoderHelper.java:279)
	at org.apache.logging.log4j.core.layout.TextEncoderHelper.writeAndEncodeAsMuchAsPossible(TextEncoderHelper.java:214)
	at org.apache.logging.log4j.core.layout.TextEncoderHelper.encodeChunkedText(TextEncoderHelper.java:159)
	at org.apache.logging.log4j.core.layout.TextEncoderHelper.encodeText(TextEncoderHelper.java:59)
	at org.apache.logging.log4j.core.layout.StringBuilderEncoder.encode(StringBuilderEncoder.java:67)
	at org.apache.logging.log4j.core.layout.StringBuilderEncoder.encode(StringBuilderEncoder.java:31)
	at org.apache.logging.log4j.core.layout.PatternLayout.encode(PatternLayout.java:240)
	at org.apache.logging.log4j.core.layout.PatternLayout.encode(PatternLayout.java:58)
	at org.apache.logging.log4j.core.appender.AbstractOutputStreamAppender.directEncodeEvent(AbstractOutputStreamAppender.java:227)
	at org.apache.logging.log4j.core.appender.AbstractOutputStreamAppender.tryAppend(AbstractOutputStreamAppender.java:220)
	at org.apache.logging.log4j.core.appender.AbstractOutputStreamAppender.append(AbstractOutputStreamAppender.java:211)
	at org.apache.logging.log4j.core.appender.RollingFileAppender.append(RollingFileAppender.java:337)
	at org.apache.logging.log4j.core.config.AppenderControl.tryCallAppender(AppenderControl.java:160)
	at org.apache.logging.log4j.core.config.AppenderControl.callAppender0(AppenderControl.java:133)
	at org.apache.logging.log4j.core.config.AppenderControl.callAppenderPreventRecursion(AppenderControl.java:124)
	at org.apache.logging.log4j.core.config.AppenderControl.callAppender(AppenderControl.java:88)
	at org.apache.logging.log4j.core.config.LoggerConfig.callAppenders(LoggerConfig.java:714)
	at org.apache.logging.log4j.core.config.LoggerConfig.processLogEvent(LoggerConfig.java:672)
	at org.apache.logging.log4j.core.config.LoggerConfig.log(LoggerConfig.java:648)
	at org.apache.logging.log4j.core.config.LoggerConfig.log(LoggerConfig.java:549)
	at org.apache.logging.log4j.core.config.AwaitCompletionReliabilityStrategy.log(AwaitCompletionReliabilityStrategy.java:67)
	at org.apache.logging.log4j.core.Logger.logMessage(Logger.java:226)
	at org.jboss.logging.Log4j2Logger.doLogf(Log4j2Logger.java:71)
	at org.jboss.logging.Logger.logf(Logger.java:2398)
	at org.infinispan.util.logging.Log_$logger.startFailure(Log_$logger.java:3622)
	at org.infinispan.factories.AbstractComponentRegistry.componentFailed(AbstractComponentRegistry.java:285)
	at org.infinispan.factories.AbstractComponentRegistry.start(AbstractComponentRegistry.java:268)
	at org.infinispan.factories.ComponentRegistry.start(ComponentRegistry.java:222)
	at org.infinispan.cache.impl.CacheImpl.start(CacheImpl.java:1009)
	at org.infinispan.cache.impl.AbstractDelegatingCache.start(AbstractDelegatingCache.java:504)
	at org.infinispan.manager.DefaultCacheManager.wireAndStartCache(DefaultCacheManager.java:726)
	at org.infinispan.manager.DefaultCacheManager.createCache(DefaultCacheManager.java:672)
	at org.infinispan.manager.DefaultCacheManager.internalGetCache(DefaultCacheManager.java:561)
	at org.infinispan.manager.DefaultCacheManager.getCache(DefaultCacheManager.java:524)
	at org.infinispan.security.actions.GetCacheAction.run(GetCacheAction.java:26)
	at org.infinispan.security.actions.GetCacheAction.run(GetCacheAction.java:14)
	at org.infinispan.security.Security.doPrivileged(Security.java:56)
	at org.infinispan.globalstate.impl.SecurityActions.doPrivileged(SecurityActions.java:30)
	at org.infinispan.globalstate.impl.SecurityActions.getCache(SecurityActions.java:39)
	at org.infinispan.globalstate.impl.GlobalConfigurationManagerImpl.start(GlobalConfigurationManagerImpl.java:114)
	at org.infinispan.globalstate.impl.CorePackageImpl$2.start(CorePackageImpl.java:61)
	at org.infinispan.globalstate.impl.CorePackageImpl$2.start(CorePackageImpl.java:48)
	at org.infinispan.factories.impl.BasicComponentRegistryImpl.invokeStart(BasicComponentRegistryImpl.java:616)
	at org.infinispan.factories.impl.BasicComponentRegistryImpl.doStartWrapper(BasicComponentRegistryImpl.java:607)
	at org.infinispan.factories.impl.BasicComponentRegistryImpl.startWrapper(BasicComponentRegistryImpl.java:576)
	at org.infinispan.factories.impl.BasicComponentRegistryImpl$ComponentWrapper.running(BasicComponentRegistryImpl.java:807)
	at org.infinispan.factories.AbstractComponentRegistry.internalStart(AbstractComponentRegistry.java:379)
	at org.infinispan.factories.AbstractComponentRegistry.start(AbstractComponentRegistry.java:252)
	at org.infinispan.manager.DefaultCacheManager.internalStart(DefaultCacheManager.java:778)
	at org.infinispan.manager.DefaultCacheManager.start(DefaultCacheManager.java:746)
	at org.infinispan.manager.DefaultCacheManager.<init>(DefaultCacheManager.java:410)
	at org.infinispan.manager.DefaultCacheManager.<init>(DefaultCacheManager.java:356)
	at org.infinispan.manager.DefaultCacheManager.<init>(DefaultCacheManager.java:343)
	at com.nimbusds.common.servlet.InfinispanLauncher.contextInitialized(InfinispanLauncher.java:209)
	at org.apache.catalina.core.StandardContext.listenerStart(StandardContext.java:4049)
	at org.apache.catalina.core.StandardContext.startInternal(StandardContext.java:4477)
	at org.apache.catalina.util.LifecycleBase.start(LifecycleBase.java:164)
	at org.apache.catalina.core.ContainerBase.addChildInternal(ContainerBase.java:599)
	at org.apache.catalina.core.ContainerBase.addChild(ContainerBase.java:571)
	at org.apache.catalina.core.StandardHost.addChild(StandardHost.java:654)
	at org.apache.catalina.startup.HostConfig.deployWAR(HostConfig.java:969)
	at org.apache.catalina.startup.HostConfig$DeployWar.run(HostConfig.java:1911)
	at java.base/java.util.concurrent.Executors$RunnableAdapter.call(Executors.java:539)
	at java.base/java.util.concurrent.FutureTask.run(FutureTask.java:264)
	at org.apache.tomcat.util.threads.InlineExecutorService.execute(InlineExecutorService.java:75)
	at java.base/java.util.concurrent.AbstractExecutorService.submit(AbstractExecutorService.java:123)
	at org.apache.catalina.startup.HostConfig.deployWARs(HostConfig.java:771)
	at org.apache.catalina.startup.HostConfig.deployApps(HostConfig.java:423)
	at org.apache.catalina.startup.HostConfig.start(HostConfig.java:1629)
	at org.apache.catalina.startup.HostConfig.lifecycleEvent(HostConfig.java:303)
	at org.apache.catalina.util.LifecycleBase.fireLifecycleEvent(LifecycleBase.java:109)
	at org.apache.catalina.util.LifecycleBase.setStateInternal(LifecycleBase.java:389)
	at org.apache.catalina.util.LifecycleBase.setState(LifecycleBase.java:336)
	at org.apache.catalina.core.ContainerBase.startInternal(ContainerBase.java:776)
	at org.apache.catalina.core.StandardHost.startInternal(StandardHost.java:772)
	at org.apache.catalina.util.LifecycleBase.start(LifecycleBase.java:164)
	at org.apache.catalina.core.ContainerBase$StartChild.call(ContainerBase.java:1203)
	at org.apache.catalina.core.ContainerBase$StartChild.call(ContainerBase.java:1193)
	at java.base/java.util.concurrent.FutureTask.run(FutureTask.java:264)
	at org.apache.tomcat.util.threads.InlineExecutorService.execute(InlineExecutorService.java:75)
	at java.base/java.util.concurrent.AbstractExecutorService.submit(AbstractExecutorService.java:145)
	at org.apache.catalina.core.ContainerBase.startInternal(ContainerBase.java:749)
	at org.apache.catalina.core.StandardEngine.startInternal(StandardEngine.java:203)
	at org.apache.catalina.util.LifecycleBase.start(LifecycleBase.java:164)
	at org.apache.catalina.core.StandardService.startInternal(StandardService.java:415)
	at org.apache.catalina.util.LifecycleBase.start(LifecycleBase.java:164)
	at org.apache.catalina.core.StandardServer.startInternal(StandardServer.java:870)
	at org.apache.catalina.util.LifecycleBase.start(LifecycleBase.java:164)
	at org.apache.catalina.startup.Catalina.start(Catalina.java:761)
	at java.base/jdk.internal.reflect.NativeMethodAccessorImpl.invoke0(Native Method)
	at java.base/jdk.internal.reflect.NativeMethodAccessorImpl.invoke(NativeMethodAccessorImpl.java:77)
	at java.base/jdk.internal.reflect.DelegatingMethodAccessorImpl.invoke(DelegatingMethodAccessorImpl.java:43)
	at java.base/java.lang.reflect.Method.invoke(Method.java:569)
	at org.apache.catalina.startup.Bootstrap.start(Bootstrap.java:345)
	at org.apache.catalina.startup.Bootstrap.main(Bootstrap.java:473)
Caused by: java.io.IOException: Stream Closed
	at java.base/java.io.FileOutputStream.writeBytes(Native Method)
	at java.base/java.io.FileOutputStream.write(FileOutputStream.java:349)
	at org.apache.logging.log4j.core.appender.OutputStreamManager.writeToDestination(OutputStreamManager.java:263)
	... 99 more

2025-05-14T17:41:28.593650331Z main ERROR Recovering from StringBuilderEncoder.encode('2025-05-14T12:41:28,592 ERROR main CONFIG - ISPN000660: DefaultCacheManager start failed, stopping any running components
org.infinispan.commons.CacheConfigurationException: ISPN000659: Component ComponentWrapper{name=org.infinispan.persistence.manager.PersistenceManager, instance=org.infinispan.persistence.manager.PersistenceManagerImpl@1edf9a85, status=FAILED} failed to start
	at org.infinispan.factories.impl.BasicComponentRegistryImpl.startWrapper(BasicComponentRegistryImpl.java:584) ~[infinispan-core-14.0.33.Final.jar:14.0.33.Final]
	at org.infinispan.factories.impl.BasicComponentRegistryImpl$ComponentWrapper.running(BasicComponentRegistryImpl.java:807) ~[infinispan-core-14.0.33.Final.jar:14.0.33.Final]
	at org.infinispan.factories.impl.BasicComponentRegistryImpl.startDependencies(BasicComponentRegistryImpl.java:634) ~[infinispan-core-14.0.33.Final.jar:14.0.33.Final]
	at org.infinispan.factories.impl.BasicComponentRegistryImpl.doStartWrapper(BasicComponentRegistryImpl.java:598) ~[infinispan-core-14.0.33.Final.jar:14.0.33.Final]
	at org.infinispan.factories.impl.BasicComponentRegistryImpl.startWrapper(BasicComponentRegistryImpl.java:576) ~[infinispan-core-14.0.33.Final.jar:14.0.33.Final]
	at org.infinispan.factories.impl.BasicComponentRegistryImpl$ComponentWrapper.running(BasicComponentRegistryImpl.java:807) ~[infinispan-core-14.0.33.Final.jar:14.0.33.Final]
	at org.infinispan.factories.impl.BasicComponentRegistryImpl.startDependencies(BasicComponentRegistryImpl.java:634) ~[infinispan-core-14.0.33.Final.jar:14.0.33.Final]
	at org.infinispan.factories.impl.BasicComponentRegistryImpl.doStartWrapper(BasicComponentRegistryImpl.java:598) ~[infinispan-core-14.0.33.Final.jar:14.0.33.Final]
	at org.infinispan.factories.impl.BasicComponentRegistryImpl.startWrapper(BasicComponentRegistryImpl.java:576) ~[infinispan-core-14.0.33.Final.jar:14.0.33.Final]
	at org.infinispan.factories.impl.BasicComponentRegistryImpl$ComponentWrapper.running(BasicComponentRegistryImpl.java:807) ~[infinispan-core-14.0.33.Final.jar:14.0.33.Final]
	at org.infinispan.factories.impl.BasicComponentRegistryImpl.startDependencies(BasicComponentRegistryImpl.java:634) ~[infinispan-core-14.0.33.Final.jar:14.0.33.Final]
	at org.infinispan.factories.impl.BasicComponentRegistryImpl.doStartWrapper(BasicComponentRegistryImpl.java:598) ~[infinispan-core-14.0.33.Final.jar:14.0.33.Final]
	at org.infinispan.factories.impl.BasicComponentRegistryImpl.startWrapper(BasicComponentRegistryImpl.java:576) ~[infinispan-core-14.0.33.Final.jar:14.0.33.Final]
	at org.infinispan.factories.impl.BasicComponentRegistryImpl$ComponentWrapper.running(BasicComponentRegistryImpl.java:807) ~[infinispan-core-14.0.33.Final.jar:14.0.33.Final]
	at org.infinispan.factories.impl.BasicComponentRegistryImpl.startDependencies(BasicComponentRegistryImpl.java:634) ~[infinispan-core-14.0.33.Final.jar:14.0.33.Final]
	at org.infinispan.factories.impl.BasicComponentRegistryImpl.doStartWrapper(BasicComponentRegistryImpl.java:598) ~[infinispan-core-14.0.33.Final.jar:14.0.33.Final]
	at org.infinispan.factories.impl.BasicComponentRegistryImpl.startWrapper(BasicComponentRegistryImpl.java:576) ~[infinispan-core-14.0.33.Final.jar:14.0.33.Final]
	at org.infinispan.factories.impl.BasicComponentRegistryImpl$ComponentWrapper.running(BasicComponentRegistryImpl.java:807) ~[infinispan-core-14.0.33.Final.jar:14.0.33.Final]
	at org.infinispan.factories.AbstractComponentRegistry.internalStart(AbstractComponentRegistry.java:379) ~[infinispan-core-14.0.33.Final.jar:14.0.33.Final]
	at org.infinispan.factories.AbstractComponentRegistry.start(AbstractComponentRegistry.java:252) ~[infinispan-core-14.0.33.Final.jar:14.0.33.Final]
	at org.infinispan.factories.ComponentRegistry.start(ComponentRegistry.java:222) ~[infinispan-core-14.0.33.Final.jar:14.0.33.Final]
	at org.infinispan.cache.impl.CacheImpl.start(CacheImpl.java:1009) ~[infinispan-core-14.0.33.Final.jar:14.0.33.Final]
	at org.infinispan.cache.impl.AbstractDelegatingCache.start(AbstractDelegatingCache.java:504) ~[infinispan-core-14.0.33.Final.jar:14.0.33.Final]
	at org.infinispan.manager.DefaultCacheManager.wireAndStartCache(DefaultCacheManager.java:726) ~[infinispan-core-14.0.33.Final.jar:14.0.33.Final]
	at org.infinispan.manager.DefaultCacheManager.createCache(DefaultCacheManager.java:672) ~[infinispan-core-14.0.33.Final.jar:14.0.33.Final]
	at org.infinispan.manager.DefaultCacheManager.internalGetCache(DefaultCacheManager.java:561) ~[infinispan-core-14.0.33.Final.jar:14.0.33.Final]
	at org.infinispan.manager.DefaultCacheManager.getCache(DefaultCacheManager.java:524) ~[infinispan-core-14.0.33.Final.jar:14.0.33.Final]
	at org.infinispan.security.actions.GetCacheAction.run(GetCacheAction.java:26) ~[infinispan-core-14.0.33.Final.jar:14.0.33.Final]
	at org.infinispan.security.actions.GetCacheAction.run(GetCacheAction.java:14) ~[infinispan-core-14.0.33.Final.jar:14.0.33.Final]
	at org.infinispan.security.Security.doPrivileged(Security.java:56) ~[infinispan-core-14.0.33.Final.jar:14.0.33.Final]
	at org.infinispan.globalstate.impl.SecurityActions.doPrivileged(SecurityActions.java:30) ~[infinispan-core-14.0.33.Final.jar:14.0.33.Final]
	at org.infinispan.globalstate.impl.SecurityActions.getCache(SecurityActions.java:39) ~[infinispan-core-14.0.33.Final.jar:14.0.33.Final]
	at org.infinispan.globalstate.impl.GlobalConfigurationManagerImpl.start(GlobalConfigurationManagerImpl.java:114) ~[infinispan-core-14.0.33.Final.jar:14.0.33.Final]
	at org.infinispan.globalstate.impl.CorePackageImpl$2.start(CorePackageImpl.java:61) ~[infinispan-core-14.0.33.Final.jar:14.0.33.Final]
	at org.infinispan.globalstate.impl.CorePackageImpl$2.start(CorePackageImpl.java:48) ~[infinispan-core-14.0.33.Final.jar:14.0.33.Final]
	at org.infinispan.factories.impl.BasicComponentRegistryImpl.invokeStart(BasicComponentRegistryImpl.java:616) ~[infinispan-core-14.0.33.Final.jar:14.0.33.Final]
	at org.infinispan.factories.impl.BasicComponentRegistryImpl.doStartWrapper(BasicComponentRegistryImpl.java:607) ~[infinispan-core-14.0.33.Final.jar:14.0.33.Final]
	at org.infinispan.factories.impl.BasicComponentRegistryImpl.startWrapper(BasicComponentRegistryImpl.java:576) ~[infinispan-core-14.0.33.Final.jar:14.0.33.Final]
	at org.infinispan.factories.impl.BasicComponentRegistryImpl$ComponentWrapper.running(BasicComponentRegistryImpl.java:807) ~[infinispan-core-14.0.33.Final.jar:14.0.33.Final]
	at org.infinispan.factories.AbstractComponentRegistry.internalStart(AbstractComponentRegistry.java:379) [infinispan-core-14.0.33.Final.jar:14.0.33.Final]
	at org.infinispan.factories.AbstractComponentRegistry.start(AbstractComponentRegistry.java:252) [infinispan-core-14.0.33.Final.jar:14.0.33.Final]
	at org.infinispan.manager.DefaultCacheManager.internalStart(DefaultCacheManager.java:778) [infinispan-core-14.0.33.Final.jar:14.0.33.Final]
	at org.infinispan.manager.DefaultCacheManager.start(DefaultCacheManager.java:746) [infinispan-core-14.0.33.Final.jar:14.0.33.Final]
	at org.infinispan.manager.DefaultCacheManager.<init>(DefaultCacheManager.java:410) [infinispan-core-14.0.33.Final.jar:14.0.33.Final]
	at org.infinispan.manager.DefaultCacheManager.<init>(DefaultCacheManager.java:356) [infinispan-core-14.0.33.Final.jar:14.0.33.Final]
	at org.infinispan.manager.DefaultCacheManager.<init>(DefaultCacheManager.java:343) [infinispan-core-14.0.33.Final.jar:14.0.33.Final]
	at com.nimbusds.common.servlet.InfinispanLauncher.contextInitialized(InfinispanLauncher.java:209) [common-3.7.jar:?]
	at org.apache.catalina.core.StandardContext.listenerStart(StandardContext.java:4049) [catalina.jar:10.1.39]
	at org.apache.catalina.core.StandardContext.startInternal(StandardContext.java:4477) [catalina.jar:10.1.39]
	at org.apache.catalina.util.LifecycleBase.start(LifecycleBase.java:164) [catalina.jar:10.1.39]
	at org.apache.catalina.core.ContainerBase.addChildInternal(ContainerBase.java:599) [catalina.jar:10.1.39]
	at org.apache.catalina.core.ContainerBase.addChild(ContainerBase.java:571) [catalina.jar:10.1.39]
	at org.apache.catalina.core.StandardHost.addChild(StandardHost.java:654) [catalina.jar:10.1.39]
	at org.apache.catalina.startup.HostConfig.deployWAR(HostConfig.java:969) [catalina.jar:10.1.39]
	at org.apache.catalina.startup.HostConfig$DeployWar.run(HostConfig.java:1911) [catalina.jar:10.1.39]
	at java.base/java.util.concurrent.Executors$RunnableAdapter.call(Executors.java:539) [?:?]
	at java.base/java.util.concurrent.FutureTask.run(FutureTask.java:264) [?:?]
	at org.apache.tomcat.util.threads.InlineExecutorService.execute(InlineExecutorService.java:75) [tomcat-util.jar:10.1.39]
	at java.base/java.util.concurrent.AbstractExecutorService.submit(AbstractExecutorService.java:123) [?:?]
	at org.apache.catalina.startup.HostConfig.deployWARs(HostConfig.java:771) [catalina.jar:10.1.39]
	at org.apache.catalina.startup.HostConfig.deployApps(HostConfig.java:423) [catalina.jar:10.1.39]
	at org.apache.catalina.startup.HostConfig.start(HostConfig.java:1629) [catalina.jar:10.1.39]
	at org.apache.catalina.startup.HostConfig.lifecycleEvent(HostConfig.java:303) [catalina.jar:10.1.39]
	at org.apache.catalina.util.LifecycleBase.fireLifecycleEvent(LifecycleBase.java:109) [catalina.jar:10.1.39]
	at org.apache.catalina.util.LifecycleBase.setStateInternal(LifecycleBase.java:389) [catalina.jar:10.1.39]
	at org.apache.catalina.util.LifecycleBase.setState(LifecycleBase.java:336) [catalina.jar:10.1.39]
	at org.apache.catalina.core.ContainerBase.startInternal(ContainerBase.java:776) [catalina.jar:10.1.39]
	at org.apache.catalina.core.StandardHost.startInternal(StandardHost.java:772) [catalina.jar:10.1.39]
	at org.apache.catalina.util.LifecycleBase.start(LifecycleBase.java:164) [catalina.jar:10.1.39]
	at org.apache.catalina.core.ContainerBase$StartChild.call(ContainerBase.java:1203) [catalina.jar:10.1.39]
	at org.apache.catalina.core.ContainerBase$StartChild.call(ContainerBase.java:1193) [catalina.jar:10.1.39]
	at java.base/java.util.concurrent.FutureTask.run(FutureTask.java:264) [?:?]
	at org.apache.tomcat.util.threads.InlineExecutorService.execute(InlineExecutorService.java:75) [tomcat-util.jar:10.1.39]
	at java.base/java.util.concurrent.AbstractExecutorService.submit(AbstractExecutorService.java:145) [?:?]
	at org.apache.catalina.core.ContainerBase.startInternal(ContainerBase.java:749) [catalina.jar:10.1.39]
	at org.apache.catalina.core.StandardEngine.startInternal(StandardEngine.java:203) [catalina.jar:10.1.39]
	at org.apache.catalina.util.LifecycleBase.start(LifecycleBase.java:164) [catalina.jar:10.1.39]
	at org.apache.catalina.core.StandardService.startInternal(StandardService.java:415) [catalina.jar:10.1.39]
	at org.apache.catalina.util.LifecycleBase.start(LifecycleBase.java:164) [catalina.jar:10.1.39]
	at org.apache.catalina.core.StandardServer.startInternal(StandardServer.java:870) [catalina.jar:10.1.39]
	at org.apache.catalina.util.LifecycleBase.start(LifecycleBase.java:164) [catalina.jar:10.1.39]
	at org.apache.catalina.startup.Catalina.start(Catalina.java:761) [catalina.jar:10.1.39]
	at java.base/jdk.internal.reflect.NativeMethodAccessorImpl.invoke0(Native Method) ~[?:?]
	at java.base/jdk.internal.reflect.NativeMethodAccessorImpl.invoke(NativeMethodAccessorImpl.java:77) ~[?:?]
	at java.base/jdk.internal.reflect.DelegatingMethodAccessorImpl.invoke(DelegatingMethodAccessorImpl.java:43) ~[?:?]
	at java.base/java.lang.reflect.Method.invoke(Method.java:569) ~[?:?]
	at org.apache.catalina.startup.Bootstrap.start(Bootstrap.java:345) [bootstrap.jar:10.1.39]
	at org.apache.catalina.startup.Bootstrap.main(Bootstrap.java:473) [bootstrap.jar:10.1.39]
Caused by: java.util.concurrent.CompletionException: com.zaxxer.hikari.pool.HikariPool$PoolInitializationException: Failed to initialize pool: Database may be already in use: "/home/radu/TAK-Server/src/oidf-server/h2/c2id.mv.db". Possible solutions: close all other connection(s); use the server mode [90020-232]
	at java.base/java.util.concurrent.CompletableFuture.encodeThrowable(CompletableFuture.java:315) ~[?:?]
	at java.base/java.util.concurrent.CompletableFuture.completeThrowable(CompletableFuture.java:320) ~[?:?]
	at java.base/java.util.concurrent.CompletableFuture$AsyncRun.run(CompletableFuture.java:1807) ~[?:?]
	at org.jboss.threads.ContextClassLoaderSavingRunnable.run(ContextClassLoaderSavingRunnable.java:35) ~[jboss-threads-2.3.6.Final.jar:2.3.6.Final]
	at org.jboss.threads.EnhancedQueueExecutor.safeRun(EnhancedQueueExecutor.java:1982) ~[jboss-threads-2.3.6.Final.jar:2.3.6.Final]
	at org.jboss.threads.EnhancedQueueExecutor$ThreadBody.doRunTask(EnhancedQueueExecutor.java:1486) ~[jboss-threads-2.3.6.Final.jar:2.3.6.Final]
	at org.jboss.threads.EnhancedQueueExecutor$ThreadBody.run(EnhancedQueueExecutor.java:1377) ~[jboss-threads-2.3.6.Final.jar:2.3.6.Final]
	at java.base/java.lang.Thread.run(Thread.java:840) ~[?:?]
Caused by: com.zaxxer.hikari.pool.HikariPool$PoolInitializationException: Failed to initialize pool: Database may be already in use: "/home/radu/TAK-Server/src/oidf-server/h2/c2id.mv.db". Possible solutions: close all other connection(s); use the server mode [90020-232]
	at com.zaxxer.hikari.pool.HikariPool.throwPoolInitializationException(HikariPool.java:584) ~[HikariCP-5.1.0.jar:?]
	at com.zaxxer.hikari.pool.HikariPool.checkFailFast(HikariPool.java:571) ~[HikariCP-5.1.0.jar:?]
	at com.zaxxer.hikari.pool.HikariPool.<init>(HikariPool.java:98) ~[HikariCP-5.1.0.jar:?]
	at com.zaxxer.hikari.HikariDataSource.<init>(HikariDataSource.java:80) ~[HikariCP-5.1.0.jar:?]
	at com.nimbusds.infinispan.persistence.sql.SQLStore.startDataSource(SQLStore.java:315) ~[infinispan-cachestore-sql-8.2.jar:?]
	at com.nimbusds.infinispan.persistence.sql.SQLStore.start(SQLStore.java:328) ~[infinispan-cachestore-sql-8.2.jar:?]
	at org.infinispan.persistence.support.NonBlockingStoreAdapter.lambda$start$0(NonBlockingStoreAdapter.java:108) ~[infinispan-core-14.0.33.Final.jar:14.0.33.Final]
	at java.base/java.util.concurrent.CompletableFuture$AsyncRun.run(CompletableFuture.java:1804) ~[?:?]
	at org.jboss.threads.ContextClassLoaderSavingRunnable.run(ContextClassLoaderSavingRunnable.java:35) ~[jboss-threads-2.3.6.Final.jar:2.3.6.Final]
	at org.jboss.threads.EnhancedQueueExecutor.safeRun(EnhancedQueueExecutor.java:1982) ~[jboss-threads-2.3.6.Final.jar:2.3.6.Final]
	at org.jboss.threads.EnhancedQueueExecutor$ThreadBody.doRunTask(EnhancedQueueExecutor.java:1486) ~[jboss-threads-2.3.6.Final.jar:2.3.6.Final]
	at org.jboss.threads.EnhancedQueueExecutor$ThreadBody.run(EnhancedQueueExecutor.java:1377) ~[jboss-threads-2.3.6.Final.jar:2.3.6.Final]
	at java.base/java.lang.Thread.run(Thread.java:840) ~[?:?]
Caused by: org.h2.jdbc.JdbcSQLNonTransientConnectionException: Database may be already in use: "/home/radu/TAK-Server/src/oidf-server/h2/c2id.mv.db". Possible solutions: close all other connection(s); use the server mode [90020-232]
	at org.h2.message.DbException.getJdbcSQLException(DbException.java:690) ~[h2-2.3.232.jar:2.3.232]
	at org.h2.message.DbException.getJdbcSQLException(DbException.java:489) ~[h2-2.3.232.jar:2.3.232]
	at org.h2.message.DbException.get(DbException.java:212) ~[h2-2.3.232.jar:2.3.232]
	at org.h2.mvstore.db.Store.convertMVStoreException(Store.java:165) ~[h2-2.3.232.jar:2.3.232]
	at org.h2.mvstore.db.Store.<init>(Store.java:142) ~[h2-2.3.232.jar:2.3.232]
	at org.h2.engine.Database.<init>(Database.java:326) ~[h2-2.3.232.jar:2.3.232]
	at org.h2.engine.Engine.openSession(Engine.java:92) ~[h2-2.3.232.jar:2.3.232]
	at org.h2.engine.Engine.openSession(Engine.java:222) ~[h2-2.3.232.jar:2.3.232]
	at org.h2.engine.Engine.createSession(Engine.java:201) ~[h2-2.3.232.jar:2.3.232]
	at org.h2.engine.SessionRemote.connectEmbeddedOrServer(SessionRemote.java:344) ~[h2-2.3.232.jar:2.3.232]
	at org.h2.jdbc.JdbcConnection.<init>(JdbcConnection.java:124) ~[h2-2.3.232.jar:2.3.232]
	at org.h2.jdbcx.JdbcDataSource.getConnection(JdbcDataSource.java:155) ~[h2-2.3.232.jar:2.3.232]
	at com.zaxxer.hikari.pool.PoolBase.newConnection(PoolBase.java:360) ~[HikariCP-5.1.0.jar:?]
	at com.zaxxer.hikari.pool.PoolBase.newPoolEntry(PoolBase.java:202) ~[HikariCP-5.1.0.jar:?]
	at com.zaxxer.hikari.pool.HikariPool.createPoolEntry(HikariPool.java:461) ~[HikariCP-5.1.0.jar:?]
	at com.zaxxer.hikari.pool.HikariPool.checkFailFast(HikariPool.java:550) ~[HikariCP-5.1.0.jar:?]
	at com.zaxxer.hikari.pool.HikariPool.<init>(HikariPool.java:98) ~[HikariCP-5.1.0.jar:?]
	at com.zaxxer.hikari.HikariDataSource.<init>(HikariDataSource.java:80) ~[HikariCP-5.1.0.jar:?]
	at com.nimbusds.infinispan.persistence.sql.SQLStore.startDataSource(SQLStore.java:315) ~[infinispan-cachestore-sql-8.2.jar:?]
	at com.nimbusds.infinispan.persistence.sql.SQLStore.start(SQLStore.java:328) ~[infinispan-cachestore-sql-8.2.jar:?]
	at org.infinispan.persistence.support.NonBlockingStoreAdapter.lambda$start$0(NonBlockingStoreAdapter.java:108) ~[infinispan-core-14.0.33.Final.jar:14.0.33.Final]
	at java.base/java.util.concurrent.CompletableFuture$AsyncRun.run(CompletableFuture.java:1804) ~[?:?]
	at org.jboss.threads.ContextClassLoaderSavingRunnable.run(ContextClassLoaderSavingRunnable.java:35) ~[jboss-threads-2.3.6.Final.jar:2.3.6.Final]
	at org.jboss.threads.EnhancedQueueExecutor.safeRun(EnhancedQueueExecutor.java:1982) ~[jboss-threads-2.3.6.Final.jar:2.3.6.Final]
	at org.jboss.threads.EnhancedQueueExecutor$ThreadBody.doRunTask(EnhancedQueueExecutor.java:1486) ~[jboss-threads-2.3.6.Final.jar:2.3.6.Final]
	at org.jboss.threads.EnhancedQueueExecutor$ThreadBody.run(EnhancedQueueExecutor.java:1377) ~[jboss-threads-2.3.6.Final.jar:2.3.6.Final]
	at java.base/java.lang.Thread.run(Thread.java:840) ~[?:?]
Caused by: org.h2.mvstore.MVStoreException: The file is locked: /home/radu/TAK-Server/src/oidf-server/h2/c2id.mv.db [2.3.232/7]
	at org.h2.mvstore.DataUtils.newMVStoreException(DataUtils.java:996) ~[h2-2.3.232.jar:2.3.232]
	at org.h2.mvstore.SingleFileStore.lockFileChannel(SingleFileStore.java:143) ~[h2-2.3.232.jar:2.3.232]
	at org.h2.mvstore.SingleFileStore.open(SingleFileStore.java:117) ~[h2-2.3.232.jar:2.3.232]
	at org.h2.mvstore.SingleFileStore.open(SingleFileStore.java:81) ~[h2-2.3.232.jar:2.3.232]
	at org.h2.mvstore.MVStore.<init>(MVStore.java:286) ~[h2-2.3.232.jar:2.3.232]
	at org.h2.mvstore.MVStore$Builder.open(MVStore.java:2035) ~[h2-2.3.232.jar:2.3.232]
	at org.h2.mvstore.db.Store.<init>(Store.java:133) ~[h2-2.3.232.jar:2.3.232]
	at org.h2.engine.Database.<init>(Database.java:326) ~[h2-2.3.232.jar:2.3.232]
	at org.h2.engine.Engine.openSession(Engine.java:92) ~[h2-2.3.232.jar:2.3.232]
	at org.h2.engine.Engine.openSession(Engine.java:222) ~[h2-2.3.232.jar:2.3.232]
	at org.h2.engine.Engine.createSession(Engine.java:201) ~[h2-2.3.232.jar:2.3.232]
	at org.h2.engine.SessionRemote.connectEmbeddedOrServer(SessionRemote.java:344) ~[h2-2.3.232.jar:2.3.232]
	at org.h2.jdbc.JdbcConnection.<init>(JdbcConnection.java:124) ~[h2-2.3.232.jar:2.3.232]
	at org.h2.jdbcx.JdbcDataSource.getConnection(JdbcDataSource.java:155) ~[h2-2.3.232.jar:2.3.232]
	at com.zaxxer.hikari.pool.PoolBase.newConnection(PoolBase.java:360) ~[HikariCP-5.1.0.jar:?]
	at com.zaxxer.hikari.pool.PoolBase.newPoolEntry(PoolBase.java:202) ~[HikariCP-5.1.0.jar:?]
	at com.zaxxer.hikari.pool.HikariPool.createPoolEntry(HikariPool.java:461) ~[HikariCP-5.1.0.jar:?]
	at com.zaxxer.hikari.pool.HikariPool.checkFailFast(HikariPool.java:550) ~[HikariCP-5.1.0.jar:?]
	at com.zaxxer.hikari.pool.HikariPool.<init>(HikariPool.java:98) ~[HikariCP-5.1.0.jar:?]
	at com.zaxxer.hikari.HikariDataSource.<init>(HikariDataSource.java:80) ~[HikariCP-5.1.0.jar:?]
	at com.nimbusds.infinispan.persistence.sql.SQLStore.startDataSource(SQLStore.java:315) ~[infinispan-cachestore-sql-8.2.jar:?]
	at com.nimbusds.infinispan.persistence.sql.SQLStore.start(SQLStore.java:328) ~[infinispan-cachestore-sql-8.2.jar:?]
	at org.infinispan.persistence.support.NonBlockingStoreAdapter.lambda$start$0(NonBlockingStoreAdapter.java:108) ~[infinispan-core-14.0.33.Final.jar:14.0.33.Final]
	at java.base/java.util.concurrent.CompletableFuture$AsyncRun.run(CompletableFuture.java:1804) ~[?:?]
	at org.jboss.threads.ContextClassLoaderSavingRunnable.run(ContextClassLoaderSavingRunnable.java:35) ~[jboss-threads-2.3.6.Final.jar:2.3.6.Final]
	at org.jboss.threads.EnhancedQueueExecutor.safeRun(EnhancedQueueExecutor.java:1982) ~[jboss-threads-2.3.6.Final.jar:2.3.6.Final]
	at org.jboss.threads.EnhancedQueueExecutor$ThreadBody.doRunTask(EnhancedQueueExecutor.java:1486) ~[jboss-threads-2.3.6.Final.jar:2.3.6.Final]
	at org.jboss.threads.EnhancedQueueExecutor$ThreadBody.run(EnhancedQueueExecutor.java:1377) ~[jboss-threads-2.3.6.Final.jar:2.3.6.Final]
	at java.base/java.lang.Thread.run(Thread.java:840) ~[?:?]
') error: org.apache.logging.log4j.core.appender.AppenderLoggingException: Error writing to stream /home/radu/TAK-Server/src/oidf-server/tomcat/logs/c2id-server.log org.apache.logging.log4j.core.appender.AppenderLoggingException: Error writing to stream /home/radu/TAK-Server/src/oidf-server/tomcat/logs/c2id-server.log
	at org.apache.logging.log4j.core.appender.OutputStreamManager.writeToDestination(OutputStreamManager.java:265)
	at org.apache.logging.log4j.core.appender.FileManager.writeToDestination(FileManager.java:335)
	at org.apache.logging.log4j.core.appender.rolling.RollingFileManager.writeToDestination(RollingFileManager.java:385)
	at org.apache.logging.log4j.core.appender.OutputStreamManager.flushBuffer(OutputStreamManager.java:296)
	at org.apache.logging.log4j.core.appender.OutputStreamManager.drain(OutputStreamManager.java:356)
	at org.apache.logging.log4j.core.layout.TextEncoderHelper.drainIfByteBufferFull(TextEncoderHelper.java:279)
	at org.apache.logging.log4j.core.layout.TextEncoderHelper.writeAndEncodeAsMuchAsPossible(TextEncoderHelper.java:214)
	at org.apache.logging.log4j.core.layout.TextEncoderHelper.encodeChunkedText(TextEncoderHelper.java:159)
	at org.apache.logging.log4j.core.layout.TextEncoderHelper.encodeText(TextEncoderHelper.java:59)
	at org.apache.logging.log4j.core.layout.StringBuilderEncoder.encode(StringBuilderEncoder.java:67)
	at org.apache.logging.log4j.core.layout.StringBuilderEncoder.encode(StringBuilderEncoder.java:31)
	at org.apache.logging.log4j.core.layout.PatternLayout.encode(PatternLayout.java:240)
	at org.apache.logging.log4j.core.layout.PatternLayout.encode(PatternLayout.java:58)
	at org.apache.logging.log4j.core.appender.AbstractOutputStreamAppender.directEncodeEvent(AbstractOutputStreamAppender.java:227)
	at org.apache.logging.log4j.core.appender.AbstractOutputStreamAppender.tryAppend(AbstractOutputStreamAppender.java:220)
	at org.apache.logging.log4j.core.appender.AbstractOutputStreamAppender.append(AbstractOutputStreamAppender.java:211)
	at org.apache.logging.log4j.core.appender.RollingFileAppender.append(RollingFileAppender.java:337)
	at org.apache.logging.log4j.core.config.AppenderControl.tryCallAppender(AppenderControl.java:160)
	at org.apache.logging.log4j.core.config.AppenderControl.callAppender0(AppenderControl.java:133)
	at org.apache.logging.log4j.core.config.AppenderControl.callAppenderPreventRecursion(AppenderControl.java:124)
	at org.apache.logging.log4j.core.config.AppenderControl.callAppender(AppenderControl.java:88)
	at org.apache.logging.log4j.core.config.LoggerConfig.callAppenders(LoggerConfig.java:714)
	at org.apache.logging.log4j.core.config.LoggerConfig.processLogEvent(LoggerConfig.java:672)
	at org.apache.logging.log4j.core.config.LoggerConfig.log(LoggerConfig.java:648)
	at org.apache.logging.log4j.core.config.LoggerConfig.log(LoggerConfig.java:549)
	at org.apache.logging.log4j.core.config.AwaitCompletionReliabilityStrategy.log(AwaitCompletionReliabilityStrategy.java:67)
	at org.apache.logging.log4j.core.Logger.logMessage(Logger.java:226)
	at org.jboss.logging.Log4j2Logger.doLogf(Log4j2Logger.java:71)
	at org.jboss.logging.Logger.logf(Logger.java:2398)
	at org.infinispan.util.logging.Log_$logger.startFailure(Log_$logger.java:3622)
	at org.infinispan.factories.AbstractComponentRegistry.componentFailed(AbstractComponentRegistry.java:285)
	at org.infinispan.factories.AbstractComponentRegistry.start(AbstractComponentRegistry.java:268)
	at org.infinispan.manager.DefaultCacheManager.internalStart(DefaultCacheManager.java:778)
	at org.infinispan.manager.DefaultCacheManager.start(DefaultCacheManager.java:746)
	at org.infinispan.manager.DefaultCacheManager.<init>(DefaultCacheManager.java:410)
	at org.infinispan.manager.DefaultCacheManager.<init>(DefaultCacheManager.java:356)
	at org.infinispan.manager.DefaultCacheManager.<init>(DefaultCacheManager.java:343)
	at com.nimbusds.common.servlet.InfinispanLauncher.contextInitialized(InfinispanLauncher.java:209)
	at org.apache.catalina.core.StandardContext.listenerStart(StandardContext.java:4049)
	at org.apache.catalina.core.StandardContext.startInternal(StandardContext.java:4477)
	at org.apache.catalina.util.LifecycleBase.start(LifecycleBase.java:164)
	at org.apache.catalina.core.ContainerBase.addChildInternal(ContainerBase.java:599)
	at org.apache.catalina.core.ContainerBase.addChild(ContainerBase.java:571)
	at org.apache.catalina.core.StandardHost.addChild(StandardHost.java:654)
	at org.apache.catalina.startup.HostConfig.deployWAR(HostConfig.java:969)
	at org.apache.catalina.startup.HostConfig$DeployWar.run(HostConfig.java:1911)
	at java.base/java.util.concurrent.Executors$RunnableAdapter.call(Executors.java:539)
	at java.base/java.util.concurrent.FutureTask.run(FutureTask.java:264)
	at org.apache.tomcat.util.threads.InlineExecutorService.execute(InlineExecutorService.java:75)
	at java.base/java.util.concurrent.AbstractExecutorService.submit(AbstractExecutorService.java:123)
	at org.apache.catalina.startup.HostConfig.deployWARs(HostConfig.java:771)
	at org.apache.catalina.startup.HostConfig.deployApps(HostConfig.java:423)
	at org.apache.catalina.startup.HostConfig.start(HostConfig.java:1629)
	at org.apache.catalina.startup.HostConfig.lifecycleEvent(HostConfig.java:303)
	at org.apache.catalina.util.LifecycleBase.fireLifecycleEvent(LifecycleBase.java:109)
	at org.apache.catalina.util.LifecycleBase.setStateInternal(LifecycleBase.java:389)
	at org.apache.catalina.util.LifecycleBase.setState(LifecycleBase.java:336)
	at org.apache.catalina.core.ContainerBase.startInternal(ContainerBase.java:776)
	at org.apache.catalina.core.StandardHost.startInternal(StandardHost.java:772)
	at org.apache.catalina.util.LifecycleBase.start(LifecycleBase.java:164)
	at org.apache.catalina.core.ContainerBase$StartChild.call(ContainerBase.java:1203)
	at org.apache.catalina.core.ContainerBase$StartChild.call(ContainerBase.java:1193)
	at java.base/java.util.concurrent.FutureTask.run(FutureTask.java:264)
	at org.apache.tomcat.util.threads.InlineExecutorService.execute(InlineExecutorService.java:75)
	at java.base/java.util.concurrent.AbstractExecutorService.submit(AbstractExecutorService.java:145)
	at org.apache.catalina.core.ContainerBase.startInternal(ContainerBase.java:749)
	at org.apache.catalina.core.StandardEngine.startInternal(StandardEngine.java:203)
	at org.apache.catalina.util.LifecycleBase.start(LifecycleBase.java:164)
	at org.apache.catalina.core.StandardService.startInternal(StandardService.java:415)
	at org.apache.catalina.util.LifecycleBase.start(LifecycleBase.java:164)
	at org.apache.catalina.core.StandardServer.startInternal(StandardServer.java:870)
	at org.apache.catalina.util.LifecycleBase.start(LifecycleBase.java:164)
	at org.apache.catalina.startup.Catalina.start(Catalina.java:761)
	at java.base/jdk.internal.reflect.NativeMethodAccessorImpl.invoke0(Native Method)
	at java.base/jdk.internal.reflect.NativeMethodAccessorImpl.invoke(NativeMethodAccessorImpl.java:77)
	at java.base/jdk.internal.reflect.DelegatingMethodAccessorImpl.invoke(DelegatingMethodAccessorImpl.java:43)
	at java.base/java.lang.reflect.Method.invoke(Method.java:569)
	at org.apache.catalina.startup.Bootstrap.start(Bootstrap.java:345)
	at org.apache.catalina.startup.Bootstrap.main(Bootstrap.java:473)
Caused by: java.io.IOException: Stream Closed
	at java.base/java.io.FileOutputStream.writeBytes(Native Method)
	at java.base/java.io.FileOutputStream.write(FileOutputStream.java:349)
	at org.apache.logging.log4j.core.appender.OutputStreamManager.writeToDestination(OutputStreamManager.java:263)
	... 78 more

2025-05-14T17:41:28.622681387Z main ERROR Recovering from StringBuilderEncoder.encode('2025-05-14T12:41:28,610 ERROR main MAIN - [CM8004] {}Couldn't start Infinispan cache manager: ISPN000659: Component ComponentWrapper{name=org.infinispan.persistence.manager.PersistenceManager, instance=org.infinispan.persistence.manager.PersistenceManagerImpl@1edf9a85, status=FAILED} failed to start
org.infinispan.manager.EmbeddedCacheManagerStartupException: ISPN000659: Component ComponentWrapper{name=org.infinispan.persistence.manager.PersistenceManager, instance=org.infinispan.persistence.manager.PersistenceManagerImpl@1edf9a85, status=FAILED} failed to start
	at org.infinispan.manager.DefaultCacheManager.internalStart(DefaultCacheManager.java:781) ~[infinispan-core-14.0.33.Final.jar:14.0.33.Final]
	at org.infinispan.manager.DefaultCacheManager.start(DefaultCacheManager.java:746) ~[infinispan-core-14.0.33.Final.jar:14.0.33.Final]
	at org.infinispan.manager.DefaultCacheManager.<init>(DefaultCacheManager.java:410) ~[infinispan-core-14.0.33.Final.jar:14.0.33.Final]
	at org.infinispan.manager.DefaultCacheManager.<init>(DefaultCacheManager.java:356) ~[infinispan-core-14.0.33.Final.jar:14.0.33.Final]
	at org.infinispan.manager.DefaultCacheManager.<init>(DefaultCacheManager.java:343) ~[infinispan-core-14.0.33.Final.jar:14.0.33.Final]
	at com.nimbusds.common.servlet.InfinispanLauncher.contextInitialized(InfinispanLauncher.java:209) [common-3.7.jar:?]
	at org.apache.catalina.core.StandardContext.listenerStart(StandardContext.java:4049) [catalina.jar:10.1.39]
	at org.apache.catalina.core.StandardContext.startInternal(StandardContext.java:4477) [catalina.jar:10.1.39]
	at org.apache.catalina.util.LifecycleBase.start(LifecycleBase.java:164) [catalina.jar:10.1.39]
	at org.apache.catalina.core.ContainerBase.addChildInternal(ContainerBase.java:599) [catalina.jar:10.1.39]
	at org.apache.catalina.core.ContainerBase.addChild(ContainerBase.java:571) [catalina.jar:10.1.39]
	at org.apache.catalina.core.StandardHost.addChild(StandardHost.java:654) [catalina.jar:10.1.39]
	at org.apache.catalina.startup.HostConfig.deployWAR(HostConfig.java:969) [catalina.jar:10.1.39]
	at org.apache.catalina.startup.HostConfig$DeployWar.run(HostConfig.java:1911) [catalina.jar:10.1.39]
	at java.base/java.util.concurrent.Executors$RunnableAdapter.call(Executors.java:539) [?:?]
	at java.base/java.util.concurrent.FutureTask.run(FutureTask.java:264) [?:?]
	at org.apache.tomcat.util.threads.InlineExecutorService.execute(InlineExecutorService.java:75) [tomcat-util.jar:10.1.39]
	at java.base/java.util.concurrent.AbstractExecutorService.submit(AbstractExecutorService.java:123) [?:?]
	at org.apache.catalina.startup.HostConfig.deployWARs(HostConfig.java:771) [catalina.jar:10.1.39]
	at org.apache.catalina.startup.HostConfig.deployApps(HostConfig.java:423) [catalina.jar:10.1.39]
	at org.apache.catalina.startup.HostConfig.start(HostConfig.java:1629) [catalina.jar:10.1.39]
	at org.apache.catalina.startup.HostConfig.lifecycleEvent(HostConfig.java:303) [catalina.jar:10.1.39]
	at org.apache.catalina.util.LifecycleBase.fireLifecycleEvent(LifecycleBase.java:109) [catalina.jar:10.1.39]
	at org.apache.catalina.util.LifecycleBase.setStateInternal(LifecycleBase.java:389) [catalina.jar:10.1.39]
	at org.apache.catalina.util.LifecycleBase.setState(LifecycleBase.java:336) [catalina.jar:10.1.39]
	at org.apache.catalina.core.ContainerBase.startInternal(ContainerBase.java:776) [catalina.jar:10.1.39]
	at org.apache.catalina.core.StandardHost.startInternal(StandardHost.java:772) [catalina.jar:10.1.39]
	at org.apache.catalina.util.LifecycleBase.start(LifecycleBase.java:164) [catalina.jar:10.1.39]
	at org.apache.catalina.core.ContainerBase$StartChild.call(ContainerBase.java:1203) [catalina.jar:10.1.39]
	at org.apache.catalina.core.ContainerBase$StartChild.call(ContainerBase.java:1193) [catalina.jar:10.1.39]
	at java.base/java.util.concurrent.FutureTask.run(FutureTask.java:264) [?:?]
	at org.apache.tomcat.util.threads.InlineExecutorService.execute(InlineExecutorService.java:75) [tomcat-util.jar:10.1.39]
	at java.base/java.util.concurrent.AbstractExecutorService.submit(AbstractExecutorService.java:145) [?:?]
	at org.apache.catalina.core.ContainerBase.startInternal(ContainerBase.java:749) [catalina.jar:10.1.39]
	at org.apache.catalina.core.StandardEngine.startInternal(StandardEngine.java:203) [catalina.jar:10.1.39]
	at org.apache.catalina.util.LifecycleBase.start(LifecycleBase.java:164) [catalina.jar:10.1.39]
	at org.apache.catalina.core.StandardService.startInternal(StandardService.java:415) [catalina.jar:10.1.39]
	at org.apache.catalina.util.LifecycleBase.start(LifecycleBase.java:164) [catalina.jar:10.1.39]
	at org.apache.catalina.core.StandardServer.startInternal(StandardServer.java:870) [catalina.jar:10.1.39]
	at org.apache.catalina.util.LifecycleBase.start(LifecycleBase.java:164) [catalina.jar:10.1.39]
	at org.apache.catalina.startup.Catalina.start(Catalina.java:761) [catalina.jar:10.1.39]
	at java.base/jdk.internal.reflect.NativeMethodAccessorImpl.invoke0(Native Method) ~[?:?]
	at java.base/jdk.internal.reflect.NativeMethodAccessorImpl.invoke(NativeMethodAccessorImpl.java:77) ~[?:?]
	at java.base/jdk.internal.reflect.DelegatingMethodAccessorImpl.invoke(DelegatingMethodAccessorImpl.java:43) ~[?:?]
	at java.base/java.lang.reflect.Method.invoke(Method.java:569) ~[?:?]
	at org.apache.catalina.startup.Bootstrap.start(Bootstrap.java:345) [bootstrap.jar:10.1.39]
	at org.apache.catalina.startup.Bootstrap.main(Bootstrap.java:473) [bootstrap.jar:10.1.39]
Caused by: org.infinispan.commons.CacheConfigurationException: ISPN000659: Component ComponentWrapper{name=org.infinispan.persistence.manager.PersistenceManager, instance=org.infinispan.persistence.manager.PersistenceManagerImpl@1edf9a85, status=FAILED} failed to start
	at org.infinispan.factories.impl.BasicComponentRegistryImpl.startWrapper(BasicComponentRegistryImpl.java:584) ~[infinispan-core-14.0.33.Final.jar:14.0.33.Final]
	at org.infinispan.factories.impl.BasicComponentRegistryImpl$ComponentWrapper.running(BasicComponentRegistryImpl.java:807) ~[infinispan-core-14.0.33.Final.jar:14.0.33.Final]
	at org.infinispan.factories.impl.BasicComponentRegistryImpl.startDependencies(BasicComponentRegistryImpl.java:634) ~[infinispan-core-14.0.33.Final.jar:14.0.33.Final]
	at org.infinispan.factories.impl.BasicComponentRegistryImpl.doStartWrapper(BasicComponentRegistryImpl.java:598) ~[infinispan-core-14.0.33.Final.jar:14.0.33.Final]
	at org.infinispan.factories.impl.BasicComponentRegistryImpl.startWrapper(BasicComponentRegistryImpl.java:576) ~[infinispan-core-14.0.33.Final.jar:14.0.33.Final]
	at org.infinispan.factories.impl.BasicComponentRegistryImpl$ComponentWrapper.running(BasicComponentRegistryImpl.java:807) ~[infinispan-core-14.0.33.Final.jar:14.0.33.Final]
	at org.infinispan.factories.impl.BasicComponentRegistryImpl.startDependencies(BasicComponentRegistryImpl.java:634) ~[infinispan-core-14.0.33.Final.jar:14.0.33.Final]
	at org.infinispan.factories.impl.BasicComponentRegistryImpl.doStartWrapper(BasicComponentRegistryImpl.java:598) ~[infinispan-core-14.0.33.Final.jar:14.0.33.Final]
	at org.infinispan.factories.impl.BasicComponentRegistryImpl.startWrapper(BasicComponentRegistryImpl.java:576) ~[infinispan-core-14.0.33.Final.jar:14.0.33.Final]
	at org.infinispan.factories.impl.BasicComponentRegistryImpl$ComponentWrapper.running(BasicComponentRegistryImpl.java:807) ~[infinispan-core-14.0.33.Final.jar:14.0.33.Final]
	at org.infinispan.factories.impl.BasicComponentRegistryImpl.startDependencies(BasicComponentRegistryImpl.java:634) ~[infinispan-core-14.0.33.Final.jar:14.0.33.Final]
	at org.infinispan.factories.impl.BasicComponentRegistryImpl.doStartWrapper(BasicComponentRegistryImpl.java:598) ~[infinispan-core-14.0.33.Final.jar:14.0.33.Final]
	at org.infinispan.factories.impl.BasicComponentRegistryImpl.startWrapper(BasicComponentRegistryImpl.java:576) ~[infinispan-core-14.0.33.Final.jar:14.0.33.Final]
	at org.infinispan.factories.impl.BasicComponentRegistryImpl$ComponentWrapper.running(BasicComponentRegistryImpl.java:807) ~[infinispan-core-14.0.33.Final.jar:14.0.33.Final]
	at org.infinispan.factories.impl.BasicComponentRegistryImpl.startDependencies(BasicComponentRegistryImpl.java:634) ~[infinispan-core-14.0.33.Final.jar:14.0.33.Final]
	at org.infinispan.factories.impl.BasicComponentRegistryImpl.doStartWrapper(BasicComponentRegistryImpl.java:598) ~[infinispan-core-14.0.33.Final.jar:14.0.33.Final]
	at org.infinispan.factories.impl.BasicComponentRegistryImpl.startWrapper(BasicComponentRegistryImpl.java:576) ~[infinispan-core-14.0.33.Final.jar:14.0.33.Final]
	at org.infinispan.factories.impl.BasicComponentRegistryImpl$ComponentWrapper.running(BasicComponentRegistryImpl.java:807) ~[infinispan-core-14.0.33.Final.jar:14.0.33.Final]
	at org.infinispan.factories.AbstractComponentRegistry.internalStart(AbstractComponentRegistry.java:379) ~[infinispan-core-14.0.33.Final.jar:14.0.33.Final]
	at org.infinispan.factories.AbstractComponentRegistry.start(AbstractComponentRegistry.java:252) ~[infinispan-core-14.0.33.Final.jar:14.0.33.Final]
	at org.infinispan.factories.ComponentRegistry.start(ComponentRegistry.java:222) ~[infinispan-core-14.0.33.Final.jar:14.0.33.Final]
	at org.infinispan.cache.impl.CacheImpl.start(CacheImpl.java:1009) ~[infinispan-core-14.0.33.Final.jar:14.0.33.Final]
	at org.infinispan.cache.impl.AbstractDelegatingCache.start(AbstractDelegatingCache.java:504) ~[infinispan-core-14.0.33.Final.jar:14.0.33.Final]
	at org.infinispan.manager.DefaultCacheManager.wireAndStartCache(DefaultCacheManager.java:726) ~[infinispan-core-14.0.33.Final.jar:14.0.33.Final]
	at org.infinispan.manager.DefaultCacheManager.createCache(DefaultCacheManager.java:672) ~[infinispan-core-14.0.33.Final.jar:14.0.33.Final]
	at org.infinispan.manager.DefaultCacheManager.internalGetCache(DefaultCacheManager.java:561) ~[infinispan-core-14.0.33.Final.jar:14.0.33.Final]
	at org.infinispan.manager.DefaultCacheManager.getCache(DefaultCacheManager.java:524) ~[infinispan-core-14.0.33.Final.jar:14.0.33.Final]
	at org.infinispan.security.actions.GetCacheAction.run(GetCacheAction.java:26) ~[infinispan-core-14.0.33.Final.jar:14.0.33.Final]
	at org.infinispan.security.actions.GetCacheAction.run(GetCacheAction.java:14) ~[infinispan-core-14.0.33.Final.jar:14.0.33.Final]
	at org.infinispan.security.Security.doPrivileged(Security.java:56) ~[infinispan-core-14.0.33.Final.jar:14.0.33.Final]
	at org.infinispan.globalstate.impl.SecurityActions.doPrivileged(SecurityActions.java:30) ~[infinispan-core-14.0.33.Final.jar:14.0.33.Final]
	at org.infinispan.globalstate.impl.SecurityActions.getCache(SecurityActions.java:39) ~[infinispan-core-14.0.33.Final.jar:14.0.33.Final]
	at org.infinispan.globalstate.impl.GlobalConfigurationManagerImpl.start(GlobalConfigurationManagerImpl.java:114) ~[infinispan-core-14.0.33.Final.jar:14.0.33.Final]
	at org.infinispan.globalstate.impl.CorePackageImpl$2.start(CorePackageImpl.java:61) ~[infinispan-core-14.0.33.Final.jar:14.0.33.Final]
	at org.infinispan.globalstate.impl.CorePackageImpl$2.start(CorePackageImpl.java:48) ~[infinispan-core-14.0.33.Final.jar:14.0.33.Final]
	at org.infinispan.factories.impl.BasicComponentRegistryImpl.invokeStart(BasicComponentRegistryImpl.java:616) ~[infinispan-core-14.0.33.Final.jar:14.0.33.Final]
	at org.infinispan.factories.impl.BasicComponentRegistryImpl.doStartWrapper(BasicComponentRegistryImpl.java:607) ~[infinispan-core-14.0.33.Final.jar:14.0.33.Final]
	at org.infinispan.factories.impl.BasicComponentRegistryImpl.startWrapper(BasicComponentRegistryImpl.java:576) ~[infinispan-core-14.0.33.Final.jar:14.0.33.Final]
	at org.infinispan.factories.impl.BasicComponentRegistryImpl$ComponentWrapper.running(BasicComponentRegistryImpl.java:807) ~[infinispan-core-14.0.33.Final.jar:14.0.33.Final]
	at org.infinispan.factories.AbstractComponentRegistry.internalStart(AbstractComponentRegistry.java:379) ~[infinispan-core-14.0.33.Final.jar:14.0.33.Final]
	at org.infinispan.factories.AbstractComponentRegistry.start(AbstractComponentRegistry.java:252) ~[infinispan-core-14.0.33.Final.jar:14.0.33.Final]
	at org.infinispan.manager.DefaultCacheManager.internalStart(DefaultCacheManager.java:778) ~[infinispan-core-14.0.33.Final.jar:14.0.33.Final]
	... 46 more
Caused by: java.util.concurrent.CompletionException: com.zaxxer.hikari.pool.HikariPool$PoolInitializationException: Failed to initialize pool: Database may be already in use: "/home/radu/TAK-Server/src/oidf-server/h2/c2id.mv.db". Possible solutions: close all other connection(s); use the server mode [90020-232]
	at java.base/java.util.concurrent.CompletableFuture.encodeThrowable(CompletableFuture.java:315) ~[?:?]
	at java.base/java.util.concurrent.CompletableFuture.completeThrowable(CompletableFuture.java:320) ~[?:?]
	at java.base/java.util.concurrent.CompletableFuture$AsyncRun.run(CompletableFuture.java:1807) ~[?:?]
	at org.jboss.threads.ContextClassLoaderSavingRunnable.run(ContextClassLoaderSavingRunnable.java:35) ~[jboss-threads-2.3.6.Final.jar:2.3.6.Final]
	at org.jboss.threads.EnhancedQueueExecutor.safeRun(EnhancedQueueExecutor.java:1982) ~[jboss-threads-2.3.6.Final.jar:2.3.6.Final]
	at org.jboss.threads.EnhancedQueueExecutor$ThreadBody.doRunTask(EnhancedQueueExecutor.java:1486) ~[jboss-threads-2.3.6.Final.jar:2.3.6.Final]
	at org.jboss.threads.EnhancedQueueExecutor$ThreadBody.run(EnhancedQueueExecutor.java:1377) ~[jboss-threads-2.3.6.Final.jar:2.3.6.Final]
	at java.base/java.lang.Thread.run(Thread.java:840) ~[?:?]
Caused by: com.zaxxer.hikari.pool.HikariPool$PoolInitializationException: Failed to initialize pool: Database may be already in use: "/home/radu/TAK-Server/src/oidf-server/h2/c2id.mv.db". Possible solutions: close all other connection(s); use the server mode [90020-232]
	at com.zaxxer.hikari.pool.HikariPool.throwPoolInitializationException(HikariPool.java:584) ~[HikariCP-5.1.0.jar:?]
	at com.zaxxer.hikari.pool.HikariPool.checkFailFast(HikariPool.java:571) ~[HikariCP-5.1.0.jar:?]
	at com.zaxxer.hikari.pool.HikariPool.<init>(HikariPool.java:98) ~[HikariCP-5.1.0.jar:?]
	at com.zaxxer.hikari.HikariDataSource.<init>(HikariDataSource.java:80) ~[HikariCP-5.1.0.jar:?]
	at com.nimbusds.infinispan.persistence.sql.SQLStore.startDataSource(SQLStore.java:315) ~[infinispan-cachestore-sql-8.2.jar:?]
	at com.nimbusds.infinispan.persistence.sql.SQLStore.start(SQLStore.java:328) ~[infinispan-cachestore-sql-8.2.jar:?]
	at org.infinispan.persistence.support.NonBlockingStoreAdapter.lambda$start$0(NonBlockingStoreAdapter.java:108) ~[infinispan-core-14.0.33.Final.jar:14.0.33.Final]
	at java.base/java.util.concurrent.CompletableFuture$AsyncRun.run(CompletableFuture.java:1804) ~[?:?]
	at org.jboss.threads.ContextClassLoaderSavingRunnable.run(ContextClassLoaderSavingRunnable.java:35) ~[jboss-threads-2.3.6.Final.jar:2.3.6.Final]
	at org.jboss.threads.EnhancedQueueExecutor.safeRun(EnhancedQueueExecutor.java:1982) ~[jboss-threads-2.3.6.Final.jar:2.3.6.Final]
	at org.jboss.threads.EnhancedQueueExecutor$ThreadBody.doRunTask(EnhancedQueueExecutor.java:1486) ~[jboss-threads-2.3.6.Final.jar:2.3.6.Final]
	at org.jboss.threads.EnhancedQueueExecutor$ThreadBody.run(EnhancedQueueExecutor.java:1377) ~[jboss-threads-2.3.6.Final.jar:2.3.6.Final]
	at java.base/java.lang.Thread.run(Thread.java:840) ~[?:?]
Caused by: org.h2.jdbc.JdbcSQLNonTransientConnectionException: Database may be already in use: "/home/radu/TAK-Server/src/oidf-server/h2/c2id.mv.db". Possible solutions: close all other connection(s); use the server mode [90020-232]
	at org.h2.message.DbException.getJdbcSQLException(DbException.java:690) ~[h2-2.3.232.jar:2.3.232]
	at org.h2.message.DbException.getJdbcSQLException(DbException.java:489) ~[h2-2.3.232.jar:2.3.232]
	at org.h2.message.DbException.get(DbException.java:212) ~[h2-2.3.232.jar:2.3.232]
	at org.h2.mvstore.db.Store.convertMVStoreException(Store.java:165) ~[h2-2.3.232.jar:2.3.232]
	at org.h2.mvstore.db.Store.<init>(Store.java:142) ~[h2-2.3.232.jar:2.3.232]
	at org.h2.engine.Database.<init>(Database.java:326) ~[h2-2.3.232.jar:2.3.232]
	at org.h2.engine.Engine.openSession(Engine.java:92) ~[h2-2.3.232.jar:2.3.232]
	at org.h2.engine.Engine.openSession(Engine.java:222) ~[h2-2.3.232.jar:2.3.232]
	at org.h2.engine.Engine.createSession(Engine.java:201) ~[h2-2.3.232.jar:2.3.232]
	at org.h2.engine.SessionRemote.connectEmbeddedOrServer(SessionRemote.java:344) ~[h2-2.3.232.jar:2.3.232]
	at org.h2.jdbc.JdbcConnection.<init>(JdbcConnection.java:124) ~[h2-2.3.232.jar:2.3.232]
	at org.h2.jdbcx.JdbcDataSource.getConnection(JdbcDataSource.java:155) ~[h2-2.3.232.jar:2.3.232]
	at com.zaxxer.hikari.pool.PoolBase.newConnection(PoolBase.java:360) ~[HikariCP-5.1.0.jar:?]
	at com.zaxxer.hikari.pool.PoolBase.newPoolEntry(PoolBase.java:202) ~[HikariCP-5.1.0.jar:?]
	at com.zaxxer.hikari.pool.HikariPool.createPoolEntry(HikariPool.java:461) ~[HikariCP-5.1.0.jar:?]
	at com.zaxxer.hikari.pool.HikariPool.checkFailFast(HikariPool.java:550) ~[HikariCP-5.1.0.jar:?]
	at com.zaxxer.hikari.pool.HikariPool.<init>(HikariPool.java:98) ~[HikariCP-5.1.0.jar:?]
	at com.zaxxer.hikari.HikariDataSource.<init>(HikariDataSource.java:80) ~[HikariCP-5.1.0.jar:?]
	at com.nimbusds.infinispan.persistence.sql.SQLStore.startDataSource(SQLStore.java:315) ~[infinispan-cachestore-sql-8.2.jar:?]
	at com.nimbusds.infinispan.persistence.sql.SQLStore.start(SQLStore.java:328) ~[infinispan-cachestore-sql-8.2.jar:?]
	at org.infinispan.persistence.support.NonBlockingStoreAdapter.lambda$start$0(NonBlockingStoreAdapter.java:108) ~[infinispan-core-14.0.33.Final.jar:14.0.33.Final]
	at java.base/java.util.concurrent.CompletableFuture$AsyncRun.run(CompletableFuture.java:1804) ~[?:?]
	at org.jboss.threads.ContextClassLoaderSavingRunnable.run(ContextClassLoaderSavingRunnable.java:35) ~[jboss-threads-2.3.6.Final.jar:2.3.6.Final]
	at org.jboss.threads.EnhancedQueueExecutor.safeRun(EnhancedQueueExecutor.java:1982) ~[jboss-threads-2.3.6.Final.jar:2.3.6.Final]
	at org.jboss.threads.EnhancedQueueExecutor$ThreadBody.doRunTask(EnhancedQueueExecutor.java:1486) ~[jboss-threads-2.3.6.Final.jar:2.3.6.Final]
	at org.jboss.threads.EnhancedQueueExecutor$ThreadBody.run(EnhancedQueueExecutor.java:1377) ~[jboss-threads-2.3.6.Final.jar:2.3.6.Final]
	at java.base/java.lang.Thread.run(Thread.java:840) ~[?:?]
Caused by: org.h2.mvstore.MVStoreException: The file is locked: /home/radu/TAK-Server/src/oidf-server/h2/c2id.mv.db [2.3.232/7]
	at org.h2.mvstore.DataUtils.newMVStoreException(DataUtils.java:996) ~[h2-2.3.232.jar:2.3.232]
	at org.h2.mvstore.SingleFileStore.lockFileChannel(SingleFileStore.java:143) ~[h2-2.3.232.jar:2.3.232]
	at org.h2.mvstore.SingleFileStore.open(SingleFileStore.java:117) ~[h2-2.3.232.jar:2.3.232]
	at org.h2.mvstore.SingleFileStore.open(SingleFileStore.java:81) ~[h2-2.3.232.jar:2.3.232]
	at org.h2.mvstore.MVStore.<init>(MVStore.java:286) ~[h2-2.3.232.jar:2.3.232]
	at org.h2.mvstore.MVStore$Builder.open(MVStore.java:2035) ~[h2-2.3.232.jar:2.3.232]
	at org.h2.mvstore.db.Store.<init>(Store.java:133) ~[h2-2.3.232.jar:2.3.232]
	at org.h2.engine.Database.<init>(Database.java:326) ~[h2-2.3.232.jar:2.3.232]
	at org.h2.engine.Engine.openSession(Engine.java:92) ~[h2-2.3.232.jar:2.3.232]
	at org.h2.engine.Engine.openSession(Engine.java:222) ~[h2-2.3.232.jar:2.3.232]
	at org.h2.engine.Engine.createSession(Engine.java:201) ~[h2-2.3.232.jar:2.3.232]
	at org.h2.engine.SessionRemote.connectEmbeddedOrServer(SessionRemote.java:344) ~[h2-2.3.232.jar:2.3.232]
	at org.h2.jdbc.JdbcConnection.<init>(JdbcConnection.java:124) ~[h2-2.3.232.jar:2.3.232]
	at org.h2.jdbcx.JdbcDataSource.getConnection(JdbcDataSource.java:155) ~[h2-2.3.232.jar:2.3.232]
	at com.zaxxer.hikari.pool.PoolBase.newConnection(PoolBase.java:360) ~[HikariCP-5.1.0.jar:?]
	at com.zaxxer.hikari.pool.PoolBase.newPoolEntry(PoolBase.java:202) ~[HikariCP-5.1.0.jar:?]
	at com.zaxxer.hikari.pool.HikariPool.createPoolEntry(HikariPool.java:461) ~[HikariCP-5.1.0.jar:?]
	at com.zaxxer.hikari.pool.HikariPool.checkFailFast(HikariPool.java:550) ~[HikariCP-5.1.0.jar:?]
	at com.zaxxer.hikari.pool.HikariPool.<init>(HikariPool.java:98) ~[HikariCP-5.1.0.jar:?]
	at com.zaxxer.hikari.HikariDataSource.<init>(HikariDataSource.java:80) ~[HikariCP-5.1.0.jar:?]
	at com.nimbusds.infinispan.persistence.sql.SQLStore.startDataSource(SQLStore.java:315) ~[infinispan-cachestore-sql-8.2.jar:?]
	at com.nimbusds.infinispan.persistence.sql.SQLStore.start(SQLStore.java:328) ~[infinispan-cachestore-sql-8.2.jar:?]
	at org.infinispan.persistence.support.NonBlockingStoreAdapter.lambda$start$0(NonBlockingStoreAdapter.java:108) ~[infinispan-core-14.0.33.Final.jar:14.0.33.Final]
	at java.base/java.util.concurrent.CompletableFuture$AsyncRun.run(CompletableFuture.java:1804) ~[?:?]
	at org.jboss.threads.ContextClassLoaderSavingRunnable.run(ContextClassLoaderSavingRunnable.java:35) ~[jboss-threads-2.3.6.Final.jar:2.3.6.Final]
	at org.jboss.threads.EnhancedQueueExecutor.safeRun(EnhancedQueueExecutor.java:1982) ~[jboss-threads-2.3.6.Final.jar:2.3.6.Final]
	at org.jboss.threads.EnhancedQueueExecutor$ThreadBody.doRunTask(EnhancedQueueExecutor.java:1486) ~[jboss-threads-2.3.6.Final.jar:2.3.6.Final]
	at org.jboss.threads.EnhancedQueueExecutor$ThreadBody.run(EnhancedQueueExecutor.java:1377) ~[jboss-threads-2.3.6.Final.jar:2.3.6.Final]
	at java.base/java.lang.Thread.run(Thread.java:840) ~[?:?]
') error: org.apache.logging.log4j.core.appender.AppenderLoggingException: Error writing to stream /home/radu/TAK-Server/src/oidf-server/tomcat/logs/c2id-server.log org.apache.logging.log4j.core.appender.AppenderLoggingException: Error writing to stream /home/radu/TAK-Server/src/oidf-server/tomcat/logs/c2id-server.log
	at org.apache.logging.log4j.core.appender.OutputStreamManager.writeToDestination(OutputStreamManager.java:265)
	at org.apache.logging.log4j.core.appender.FileManager.writeToDestination(FileManager.java:335)
	at org.apache.logging.log4j.core.appender.rolling.RollingFileManager.writeToDestination(RollingFileManager.java:385)
	at org.apache.logging.log4j.core.appender.OutputStreamManager.flushBuffer(OutputStreamManager.java:296)
	at org.apache.logging.log4j.core.appender.OutputStreamManager.drain(OutputStreamManager.java:356)
	at org.apache.logging.log4j.core.layout.TextEncoderHelper.drainIfByteBufferFull(TextEncoderHelper.java:279)
	at org.apache.logging.log4j.core.layout.TextEncoderHelper.writeAndEncodeAsMuchAsPossible(TextEncoderHelper.java:214)
	at org.apache.logging.log4j.core.layout.TextEncoderHelper.encodeChunkedText(TextEncoderHelper.java:159)
	at org.apache.logging.log4j.core.layout.TextEncoderHelper.encodeText(TextEncoderHelper.java:59)
	at org.apache.logging.log4j.core.layout.StringBuilderEncoder.encode(StringBuilderEncoder.java:67)
	at org.apache.logging.log4j.core.layout.StringBuilderEncoder.encode(StringBuilderEncoder.java:31)
	at org.apache.logging.log4j.core.layout.PatternLayout.encode(PatternLayout.java:240)
	at org.apache.logging.log4j.core.layout.PatternLayout.encode(PatternLayout.java:58)
	at org.apache.logging.log4j.core.appender.AbstractOutputStreamAppender.directEncodeEvent(AbstractOutputStreamAppender.java:227)
	at org.apache.logging.log4j.core.appender.AbstractOutputStreamAppender.tryAppend(AbstractOutputStreamAppender.java:220)
	at org.apache.logging.log4j.core.appender.AbstractOutputStreamAppender.append(AbstractOutputStreamAppender.java:211)
	at org.apache.logging.log4j.core.appender.RollingFileAppender.append(RollingFileAppender.java:337)
	at org.apache.logging.log4j.core.config.AppenderControl.tryCallAppender(AppenderControl.java:160)
	at org.apache.logging.log4j.core.config.AppenderControl.callAppender0(AppenderControl.java:133)
	at org.apache.logging.log4j.core.config.AppenderControl.callAppenderPreventRecursion(AppenderControl.java:124)
	at org.apache.logging.log4j.core.config.AppenderControl.callAppender(AppenderControl.java:88)
	at org.apache.logging.log4j.core.config.LoggerConfig.callAppenders(LoggerConfig.java:714)
	at org.apache.logging.log4j.core.config.LoggerConfig.processLogEvent(LoggerConfig.java:672)
	at org.apache.logging.log4j.core.config.LoggerConfig.log(LoggerConfig.java:648)
	at org.apache.logging.log4j.core.config.LoggerConfig.log(LoggerConfig.java:584)
	at org.apache.logging.log4j.core.config.AwaitCompletionReliabilityStrategy.log(AwaitCompletionReliabilityStrategy.java:92)
	at org.apache.logging.log4j.core.Logger.log(Logger.java:240)
	at org.apache.logging.log4j.spi.AbstractLogger.tryLogMessage(AbstractLogger.java:2904)
	at org.apache.logging.log4j.spi.AbstractLogger.logMessageTrackRecursion(AbstractLogger.java:2857)
	at org.apache.logging.log4j.spi.AbstractLogger.logMessageSafely(AbstractLogger.java:2839)
	at org.apache.logging.log4j.spi.AbstractLogger.logMessage(AbstractLogger.java:2618)
	at org.apache.logging.log4j.spi.AbstractLogger.logIfEnabled(AbstractLogger.java:2565)
	at org.apache.logging.log4j.spi.AbstractLogger.error(AbstractLogger.java:806)
	at com.nimbusds.common.servlet.InfinispanLauncher.contextInitialized(InfinispanLauncher.java:214)
	at org.apache.catalina.core.StandardContext.listenerStart(StandardContext.java:4049)
	at org.apache.catalina.core.StandardContext.startInternal(StandardContext.java:4477)
	at org.apache.catalina.util.LifecycleBase.start(LifecycleBase.java:164)
	at org.apache.catalina.core.ContainerBase.addChildInternal(ContainerBase.java:599)
	at org.apache.catalina.core.ContainerBase.addChild(ContainerBase.java:571)
	at org.apache.catalina.core.StandardHost.addChild(StandardHost.java:654)
	at org.apache.catalina.startup.HostConfig.deployWAR(HostConfig.java:969)
	at org.apache.catalina.startup.HostConfig$DeployWar.run(HostConfig.java:1911)
	at java.base/java.util.concurrent.Executors$RunnableAdapter.call(Executors.java:539)
	at java.base/java.util.concurrent.FutureTask.run(FutureTask.java:264)
	at org.apache.tomcat.util.threads.InlineExecutorService.execute(InlineExecutorService.java:75)
	at java.base/java.util.concurrent.AbstractExecutorService.submit(AbstractExecutorService.java:123)
	at org.apache.catalina.startup.HostConfig.deployWARs(HostConfig.java:771)
	at org.apache.catalina.startup.HostConfig.deployApps(HostConfig.java:423)
	at org.apache.catalina.startup.HostConfig.start(HostConfig.java:1629)
	at org.apache.catalina.startup.HostConfig.lifecycleEvent(HostConfig.java:303)
	at org.apache.catalina.util.LifecycleBase.fireLifecycleEvent(LifecycleBase.java:109)
	at org.apache.catalina.util.LifecycleBase.setStateInternal(LifecycleBase.java:389)
	at org.apache.catalina.util.LifecycleBase.setState(LifecycleBase.java:336)
	at org.apache.catalina.core.ContainerBase.startInternal(ContainerBase.java:776)
	at org.apache.catalina.core.StandardHost.startInternal(StandardHost.java:772)
	at org.apache.catalina.util.LifecycleBase.start(LifecycleBase.java:164)
	at org.apache.catalina.core.ContainerBase$StartChild.call(ContainerBase.java:1203)
	at org.apache.catalina.core.ContainerBase$StartChild.call(ContainerBase.java:1193)
	at java.base/java.util.concurrent.FutureTask.run(FutureTask.java:264)
	at org.apache.tomcat.util.threads.InlineExecutorService.execute(InlineExecutorService.java:75)
	at java.base/java.util.concurrent.AbstractExecutorService.submit(AbstractExecutorService.java:145)
	at org.apache.catalina.core.ContainerBase.startInternal(ContainerBase.java:749)
	at org.apache.catalina.core.StandardEngine.startInternal(StandardEngine.java:203)
	at org.apache.catalina.util.LifecycleBase.start(LifecycleBase.java:164)
	at org.apache.catalina.core.StandardService.startInternal(StandardService.java:415)
	at org.apache.catalina.util.LifecycleBase.start(LifecycleBase.java:164)
	at org.apache.catalina.core.StandardServer.startInternal(StandardServer.java:870)
	at org.apache.catalina.util.LifecycleBase.start(LifecycleBase.java:164)
	at org.apache.catalina.startup.Catalina.start(Catalina.java:761)
	at java.base/jdk.internal.reflect.NativeMethodAccessorImpl.invoke0(Native Method)
	at java.base/jdk.internal.reflect.NativeMethodAccessorImpl.invoke(NativeMethodAccessorImpl.java:77)
	at java.base/jdk.internal.reflect.DelegatingMethodAccessorImpl.invoke(DelegatingMethodAccessorImpl.java:43)
	at java.base/java.lang.reflect.Method.invoke(Method.java:569)
	at org.apache.catalina.startup.Bootstrap.start(Bootstrap.java:345)
	at org.apache.catalina.startup.Bootstrap.main(Bootstrap.java:473)
Caused by: java.io.IOException: Stream Closed
	at java.base/java.io.FileOutputStream.writeBytes(Native Method)
	at java.base/java.io.FileOutputStream.write(FileOutputStream.java:349)
	at org.apache.logging.log4j.core.appender.OutputStreamManager.writeToDestination(OutputStreamManager.java:263)
	... 74 more

14-May-2025 12:41:29.969 SEVERE [main] org.apache.catalina.core.StandardContext.startInternal One or more listeners failed to start. Full details will be found in the appropriate container log file
14-May-2025 12:41:29.970 SEVERE [main] org.apache.catalina.core.StandardContext.startInternal Context [/c2id] startup failed due to previous errors
14-May-2025 12:41:29.971 SEVERE [main] org.apache.catalina.core.StandardContext.startInternal One or more listeners failed to start. Full details will be found in the appropriate container log file
14-May-2025 12:41:29.972 SEVERE [main] org.apache.catalina.core.StandardContext.startInternal Context [/c2id] startup failed due to previous errors
12:41:30.029 [main] ERROR MAIN - [CM8017] Infinispan cache manager not initialised
14-May-2025 12:41:30.038 WARNING [main] org.apache.catalina.loader.WebappClassLoaderBase.clearReferencesThreads The web application [c2id] appears to have started a thread named [RxCachedWorkerPoolEvictor-1] but has failed to stop it. This is very likely to create a memory leak. Stack trace of thread:
 java.base@17.0.15/jdk.internal.misc.Unsafe.park(Native Method)
 java.base@17.0.15/java.util.concurrent.locks.LockSupport.parkNanos(LockSupport.java:252)
 java.base@17.0.15/java.util.concurrent.locks.AbstractQueuedSynchronizer$ConditionObject.awaitNanos(AbstractQueuedSynchronizer.java:1679)
 java.base@17.0.15/java.util.concurrent.ScheduledThreadPoolExecutor$DelayedWorkQueue.take(ScheduledThreadPoolExecutor.java:1182)
 java.base@17.0.15/java.util.concurrent.ScheduledThreadPoolExecutor$DelayedWorkQueue.take(ScheduledThreadPoolExecutor.java:899)
 java.base@17.0.15/java.util.concurrent.ThreadPoolExecutor.getTask(ThreadPoolExecutor.java:1062)
 java.base@17.0.15/java.util.concurrent.ThreadPoolExecutor.runWorker(ThreadPoolExecutor.java:1122)
 java.base@17.0.15/java.util.concurrent.ThreadPoolExecutor$Worker.run(ThreadPoolExecutor.java:635)
 java.base@17.0.15/java.lang.Thread.run(Thread.java:840)
12:41:30.052 [main] ERROR MAIN - [CM8017] Infinispan cache manager not initialised
14-May-2025 12:41:30.056 WARNING [main] org.apache.catalina.loader.WebappClassLoaderBase.clearReferencesThreads The web application [c2id] appears to have started a thread named [RxCachedWorkerPoolEvictor-1] but has failed to stop it. This is very likely to create a memory leak. Stack trace of thread:
 java.base@17.0.15/jdk.internal.misc.Unsafe.park(Native Method)
 java.base@17.0.15/java.util.concurrent.locks.LockSupport.parkNanos(LockSupport.java:252)
 java.base@17.0.15/java.util.concurrent.locks.AbstractQueuedSynchronizer$ConditionObject.awaitNanos(AbstractQueuedSynchronizer.java:1679)
 java.base@17.0.15/java.util.concurrent.ScheduledThreadPoolExecutor$DelayedWorkQueue.take(ScheduledThreadPoolExecutor.java:1182)
 java.base@17.0.15/java.util.concurrent.ScheduledThreadPoolExecutor$DelayedWorkQueue.take(ScheduledThreadPoolExecutor.java:899)
 java.base@17.0.15/java.util.concurrent.ThreadPoolExecutor.getTask(ThreadPoolExecutor.java:1062)
 java.base@17.0.15/java.util.concurrent.ThreadPoolExecutor.runWorker(ThreadPoolExecutor.java:1122)
 java.base@17.0.15/java.util.concurrent.ThreadPoolExecutor$Worker.run(ThreadPoolExecutor.java:635)
 java.base@17.0.15/java.lang.Thread.run(Thread.java:840)
14-May-2025 12:41:30.444 INFO [main] org.apache.catalina.startup.HostConfig.deployWAR Deployment of web application archive [/home/radu/TAK-Server/src/oidf-server/tomcat/webapps/c2id.war] has finished in [53,093] ms
14-May-2025 12:41:30.444 INFO [main] org.apache.catalina.startup.HostConfig.deployDirectory Deploying web application directory [/home/radu/TAK-Server/src/oidf-server/tomcat/webapps/manager]
14-May-2025 12:41:30.446 INFO [main] org.apache.catalina.startup.HostConfig.deployWAR Deployment of web application archive [/home/radu/TAK-Server/src/oidf-server/tomcat/webapps/c2id.war] has finished in [56,708] ms
14-May-2025 12:41:30.448 INFO [main] org.apache.catalina.startup.HostConfig.deployDirectory Deploying web application directory [/home/radu/TAK-Server/src/oidf-server/tomcat/webapps/manager]
14-May-2025 12:41:30.648 INFO [main] org.apache.catalina.startup.HostConfig.deployDirectory Deployment of web application directory [/home/radu/TAK-Server/src/oidf-server/tomcat/webapps/manager] has finished in [204] ms
14-May-2025 12:41:30.649 INFO [main] org.apache.catalina.startup.HostConfig.deployDirectory Deploying web application directory [/home/radu/TAK-Server/src/oidf-server/tomcat/webapps/ROOT]
14-May-2025 12:41:30.669 INFO [main] org.apache.catalina.startup.HostConfig.deployDirectory Deployment of web application directory [/home/radu/TAK-Server/src/oidf-server/tomcat/webapps/manager] has finished in [222] ms
14-May-2025 12:41:30.670 INFO [main] org.apache.catalina.startup.HostConfig.deployDirectory Deploying web application directory [/home/radu/TAK-Server/src/oidf-server/tomcat/webapps/ROOT]
14-May-2025 12:41:30.780 INFO [main] org.apache.catalina.startup.HostConfig.deployDirectory Deployment of web application directory [/home/radu/TAK-Server/src/oidf-server/tomcat/webapps/ROOT] has finished in [110] ms
14-May-2025 12:41:30.780 INFO [main] org.apache.catalina.startup.HostConfig.deployDirectory Deploying web application directory [/home/radu/TAK-Server/src/oidf-server/tomcat/webapps/host-manager]
14-May-2025 12:41:30.789 INFO [main] org.apache.catalina.startup.HostConfig.deployDirectory Deployment of web application directory [/home/radu/TAK-Server/src/oidf-server/tomcat/webapps/ROOT] has finished in [140] ms
14-May-2025 12:41:30.790 INFO [main] org.apache.catalina.startup.HostConfig.deployDirectory Deploying web application directory [/home/radu/TAK-Server/src/oidf-server/tomcat/webapps/host-manager]
14-May-2025 12:41:30.924 INFO [main] org.apache.catalina.startup.HostConfig.deployDirectory Deployment of web application directory [/home/radu/TAK-Server/src/oidf-server/tomcat/webapps/host-manager] has finished in [134] ms
14-May-2025 12:41:30.933 INFO [main] org.apache.catalina.startup.Catalina.start Server startup in [59917] milliseconds
14-May-2025 12:41:30.937 INFO [main] org.apache.catalina.startup.HostConfig.deployDirectory Deployment of web application directory [/home/radu/TAK-Server/src/oidf-server/tomcat/webapps/host-manager] has finished in [155] ms
14-May-2025 12:41:30.943 INFO [main] org.apache.coyote.AbstractProtocol.start Starting ProtocolHandler ["http-nio-8080"]
14-May-2025 12:41:31.093 INFO [main] org.apache.catalina.startup.Catalina.start Server startup in [72208] milliseconds
14-May-2025 12:41:31.094 SEVERE [main] org.apache.catalina.core.StandardServer.await Failed to create server shutdown socket on address [localhost] and port [8005] (base port [8005] and offset [0])
	java.net.BindException: Address already in use
		at java.base/sun.nio.ch.Net.bind0(Native Method)
		at java.base/sun.nio.ch.Net.bind(Net.java:555)
		at java.base/sun.nio.ch.Net.bind(Net.java:544)
		at java.base/sun.nio.ch.NioSocketImpl.bind(NioSocketImpl.java:648)
		at java.base/java.net.ServerSocket.bind(ServerSocket.java:388)
		at java.base/java.net.ServerSocket.<init>(ServerSocket.java:274)
		at org.apache.catalina.core.StandardServer.await(StandardServer.java:533)
		at org.apache.catalina.startup.Catalina.await(Catalina.java:851)
		at org.apache.catalina.startup.Catalina.start(Catalina.java:799)
		at java.base/jdk.internal.reflect.NativeMethodAccessorImpl.invoke0(Native Method)
		at java.base/jdk.internal.reflect.NativeMethodAccessorImpl.invoke(NativeMethodAccessorImpl.java:77)
		at java.base/jdk.internal.reflect.DelegatingMethodAccessorImpl.invoke(DelegatingMethodAccessorImpl.java:43)
		at java.base/java.lang.reflect.Method.invoke(Method.java:569)
		at org.apache.catalina.startup.Bootstrap.start(Bootstrap.java:345)
		at org.apache.catalina.startup.Bootstrap.main(Bootstrap.java:473)
14-May-2025 12:41:31.095 INFO [main] org.apache.coyote.AbstractProtocol.pause Pausing ProtocolHandler ["http-nio-8080"]
14-May-2025 12:41:31.131 INFO [main] org.apache.catalina.core.StandardService.stopInternal Stopping service [Catalina]
14-May-2025 12:41:31.189 INFO [main] org.apache.coyote.AbstractProtocol.stop Stopping ProtocolHandler ["http-nio-8080"]
14-May-2025 12:41:31.196 INFO [main] org.apache.coyote.AbstractProtocol.destroy Destroying ProtocolHandler ["http-nio-8080"]
14-May-2025 12:41:35.850 INFO [main] org.apache.catalina.startup.VersionLoggerListener.log Server version name:   Apache Tomcat/10.1.39
14-May-2025 12:41:35.854 INFO [main] org.apache.catalina.startup.VersionLoggerListener.log Server built:          Mar 4 2025 19:02:32 UTC
14-May-2025 12:41:35.854 INFO [main] org.apache.catalina.startup.VersionLoggerListener.log Server version number: 10.1.39.0
14-May-2025 12:41:35.855 INFO [main] org.apache.catalina.startup.VersionLoggerListener.log OS Name:               Linux
14-May-2025 12:41:35.855 INFO [main] org.apache.catalina.startup.VersionLoggerListener.log OS Version:            6.8.0-59-generic
14-May-2025 12:41:35.855 INFO [main] org.apache.catalina.startup.VersionLoggerListener.log Architecture:          amd64
14-May-2025 12:41:35.855 INFO [main] org.apache.catalina.startup.VersionLoggerListener.log Java Home:             /usr/lib/jvm/java-17-openjdk-amd64
14-May-2025 12:41:35.855 INFO [main] org.apache.catalina.startup.VersionLoggerListener.log JVM Version:           17.0.15+6-Ubuntu-0ubuntu122.04
14-May-2025 12:41:35.855 INFO [main] org.apache.catalina.startup.VersionLoggerListener.log JVM Vendor:            Ubuntu
14-May-2025 12:41:35.855 INFO [main] org.apache.catalina.startup.VersionLoggerListener.log CATALINA_BASE:         /home/radu/TAK-Server/src/oidf-server/tomcat
14-May-2025 12:41:35.855 INFO [main] org.apache.catalina.startup.VersionLoggerListener.log CATALINA_HOME:         /home/radu/TAK-Server/src/oidf-server/tomcat
14-May-2025 12:41:35.857 INFO [main] org.apache.catalina.core.AprLifecycleListener.lifecycleEvent The Apache Tomcat Native library which allows using OpenSSL was not found on the java.library.path: [/home/radu/opt/lib::/usr/java/packages/lib:/usr/lib/x86_64-linux-gnu/jni:/lib/x86_64-linux-gnu:/usr/lib/x86_64-linux-gnu:/usr/lib/jni:/lib:/usr/lib]
14-May-2025 12:41:36.154 INFO [main] org.apache.coyote.AbstractProtocol.init Initializing ProtocolHandler ["http-nio-8080"]
14-May-2025 12:41:36.181 INFO [main] org.apache.catalina.startup.Catalina.load Server initialization in [497] milliseconds
14-May-2025 12:41:36.229 INFO [main] org.apache.catalina.core.StandardService.startInternal Starting service [Catalina]
14-May-2025 12:41:36.229 INFO [main] org.apache.catalina.core.StandardEngine.startInternal Starting Servlet engine: [Apache Tomcat/10.1.39]
14-May-2025 12:41:36.244 INFO [main] org.apache.catalina.startup.HostConfig.deployWAR Deploying web application archive [/home/radu/TAK-Server/src/oidf-server/tomcat/webapps/ldapauth.war]
14-May-2025 12:41:36.602 INFO [main] org.apache.jasper.servlet.TldScanner.scanJars At least one JAR was scanned for TLDs yet contained no TLDs. Enable debug logging for this logger for a complete list of JARs that were scanned but no TLDs were found in them. Skipping unneeded JARs during scanning can improve startup time and JSP compilation time.
14-May-2025 12:41:37.276 INFO [main] org.apache.catalina.startup.HostConfig.deployWAR Deployment of web application archive [/home/radu/TAK-Server/src/oidf-server/tomcat/webapps/ldapauth.war] has finished in [1,031] ms
14-May-2025 12:41:37.277 INFO [main] org.apache.catalina.startup.HostConfig.deployWAR Deploying web application archive [/home/radu/TAK-Server/src/oidf-server/tomcat/webapps/password-grant-handler.war]
14-May-2025 12:41:37.486 INFO [main] org.apache.jasper.servlet.TldScanner.scanJars At least one JAR was scanned for TLDs yet contained no TLDs. Enable debug logging for this logger for a complete list of JARs that were scanned but no TLDs were found in them. Skipping unneeded JARs during scanning can improve startup time and JSP compilation time.
14-May-2025 12:41:37.737 INFO [main] org.apache.catalina.startup.HostConfig.deployWAR Deployment of web application archive [/home/radu/TAK-Server/src/oidf-server/tomcat/webapps/password-grant-handler.war] has finished in [459] ms
14-May-2025 12:41:37.737 INFO [main] org.apache.catalina.startup.HostConfig.deployWAR Deploying web application archive [/home/radu/TAK-Server/src/oidf-server/tomcat/webapps/c2id-login.war]
14-May-2025 12:41:38.759 INFO [main] org.apache.jasper.servlet.TldScanner.scanJars At least one JAR was scanned for TLDs yet contained no TLDs. Enable debug logging for this logger for a complete list of JARs that were scanned but no TLDs were found in them. Skipping unneeded JARs during scanning can improve startup time and JSP compilation time.

                                  _   ___  _     _
                                 | | |__ \(_)   | |
   ___ ___  _ __  _ __   ___  ___| |_   ) )_  __| |
  / __/ _ \| '_ \| '_ \ / _ \/ __| __| / /| |/ _` |
 | (_| (_) | | | | | | |  __/ (__| |_ / /_| | (_| |
  \___\___/|_| |_|_| |_|\___|\___|\__|____|_|\__,_|  Login  (v3.4.5-migrated-1.0.9)

2025-05-14 12:41:39.720  INFO 251568 --- [           main] com.nimbusds.login.C2idLogin             : Starting C2idLogin v3.4.5-migrated-1.0.9 using Java 17.0.15 on lenss-10 with PID 251568 (/home/radu/TAK-Server/src/oidf-server/tomcat/webapps/c2id-login/WEB-INF/classes started by radu in /home/radu/TAK-Server/src/oidf-server/tomcat/bin)
2025-05-14 12:41:39.723  INFO 251568 --- [           main] com.nimbusds.login.C2idLogin             : The following profiles are active: prod
2025-05-14 12:41:42.309  INFO 251568 --- [           main] com.nimbusds.login.C2idLogin             : Started C2idLogin in 3.325 seconds (JVM running for 6.85)
14-May-2025 12:41:42.322 INFO [main] org.apache.catalina.startup.HostConfig.deployWAR Deployment of web application archive [/home/radu/TAK-Server/src/oidf-server/tomcat/webapps/c2id-login.war] has finished in [4,584] ms
14-May-2025 12:41:42.322 INFO [main] org.apache.catalina.startup.HostConfig.deployWAR Deploying web application archive [/home/radu/TAK-Server/src/oidf-server/tomcat/webapps/oidc-client.war]
May 14, 2025 12:41:43 PM org.apache.jasper.servlet.TldScanner scanJars
INFO: At least one JAR was scanned for TLDs yet contained no TLDs. Enable debug logging for this logger for a complete list of JARs that were scanned but no TLDs were found in them. Skipping unneeded JARs during scanning can improve startup time and JSP compilation time.
14-May-2025 12:41:43.148 WARNING [main] org.glassfish.jersey.message.internal.MessagingBinders$EnabledProvidersBinder.bindToBinder A class jakarta.activation.DataSource for a default provider MessageBodyWriter<jakarta.activation.DataSource> was not found. The provider is not available.
14-May-2025 12:41:43.383 WARNING [main] org.glassfish.jersey.server.wadl.WadlFeature.configure JAX-B API not found . WADL feature is disabled.
May 14, 2025 12:41:43 PM org.apache.catalina.core.ApplicationContext log
INFO: Initializing AtmosphereFramework
May 14, 2025 12:41:43 PM org.atmosphere.cpr.AtmosphereFramework addAtmosphereHandler
INFO: Installed AtmosphereHandler com.vaadin.server.communication.PushAtmosphereHandler mapped to context-path: /*
May 14, 2025 12:41:43 PM org.atmosphere.cpr.AtmosphereFramework addAtmosphereHandler
INFO: Installed the following AtmosphereInterceptor mapped to AtmosphereHandler com.vaadin.server.communication.PushAtmosphereHandler
May 14, 2025 12:41:43 PM org.atmosphere.util.IOUtils readServiceFile
INFO: META-INF/services/org.atmosphere.cpr.AtmosphereFramework not found in class loader
May 14, 2025 12:41:43 PM org.atmosphere.cpr.AtmosphereFramework autoConfigureService
INFO: Atmosphere is using org.atmosphere.util.VoidAnnotationProcessor for processing annotation
May 14, 2025 12:41:43 PM org.atmosphere.cpr.AtmosphereFramework initWebSocket
INFO: Installed WebSocketProtocol org.atmosphere.websocket.protocol.SimpleHttpProtocol 
14-May-2025 12:41:43.521 WARNING [main] org.glassfish.jersey.internal.inject.Providers.checkProviderRuntime A provider com.nimbusds.openid.connect.provider.sts.STSEndpoint registered in SERVER runtime does not implement any provider interfaces applicable in the SERVER runtime. Due to constraint configuration problems the provider com.nimbusds.openid.connect.provider.sts.STSEndpoint will be ignored. 
May 14, 2025 12:41:43 PM org.atmosphere.container.JSR356AsyncSupport <init>
INFO: JSR 356 Mapping path /cb
May 14, 2025 12:41:43 PM org.atmosphere.cpr.AtmosphereFramework configureAtmosphereInterceptor
INFO: Installing Default AtmosphereInterceptors
May 14, 2025 12:41:43 PM org.atmosphere.cpr.AtmosphereFramework newAInterceptor
INFO: 	org.atmosphere.interceptor.CorsInterceptor : CORS Interceptor Support
May 14, 2025 12:41:43 PM org.atmosphere.cpr.AtmosphereFramework newAInterceptor
INFO: 	org.atmosphere.interceptor.CacheHeadersInterceptor : Default Response's Headers Interceptor
May 14, 2025 12:41:43 PM org.atmosphere.cpr.AtmosphereFramework newAInterceptor
INFO: 	org.atmosphere.interceptor.PaddingAtmosphereInterceptor : Browser Padding Interceptor Support
May 14, 2025 12:41:43 PM org.atmosphere.cpr.AtmosphereFramework newAInterceptor
INFO: 	org.atmosphere.interceptor.AndroidAtmosphereInterceptor : Android Interceptor Support
May 14, 2025 12:41:43 PM org.atmosphere.cpr.AtmosphereFramework configureAtmosphereInterceptor
INFO: Dropping Interceptor org.atmosphere.interceptor.HeartbeatInterceptor
May 14, 2025 12:41:43 PM org.atmosphere.cpr.AtmosphereFramework newAInterceptor
INFO: 	org.atmosphere.interceptor.SSEAtmosphereInterceptor : SSE Interceptor Support
May 14, 2025 12:41:43 PM org.atmosphere.cpr.AtmosphereFramework newAInterceptor
INFO: 	org.atmosphere.interceptor.JSONPAtmosphereInterceptor : JSONP Interceptor Support
May 14, 2025 12:41:43 PM org.atmosphere.cpr.AtmosphereFramework newAInterceptor
INFO: 	org.atmosphere.interceptor.JavaScriptProtocol : Atmosphere JavaScript Protocol
May 14, 2025 12:41:43 PM org.atmosphere.cpr.AtmosphereFramework newAInterceptor
INFO: 	org.atmosphere.interceptor.WebSocketMessageSuspendInterceptor : org.atmosphere.interceptor.WebSocketMessageSuspendInterceptor
May 14, 2025 12:41:43 PM org.atmosphere.cpr.AtmosphereFramework newAInterceptor
INFO: 	org.atmosphere.interceptor.OnDisconnectInterceptor : Browser disconnection detection
May 14, 2025 12:41:43 PM org.atmosphere.cpr.AtmosphereFramework newAInterceptor
INFO: 	org.atmosphere.interceptor.IdleResourceInterceptor : org.atmosphere.interceptor.IdleResourceInterceptor
May 14, 2025 12:41:43 PM org.atmosphere.cpr.AtmosphereFramework configureAtmosphereInterceptor
INFO: Set org.atmosphere.cpr.AtmosphereInterceptor.disableDefaults to disable them.
May 14, 2025 12:41:43 PM org.atmosphere.cpr.AtmosphereFramework info
INFO: Using EndpointMapper class org.atmosphere.util.DefaultEndpointMapper
May 14, 2025 12:41:43 PM org.atmosphere.cpr.AtmosphereFramework info
INFO: Using BroadcasterCache: org.atmosphere.cache.UUIDBroadcasterCache
May 14, 2025 12:41:43 PM org.atmosphere.cpr.AtmosphereFramework info
INFO: Default Broadcaster Class: org.atmosphere.cpr.DefaultBroadcaster
May 14, 2025 12:41:43 PM org.atmosphere.cpr.AtmosphereFramework info
INFO: Broadcaster Polling Wait Time 100
May 14, 2025 12:41:43 PM org.atmosphere.cpr.AtmosphereFramework info
INFO: Shared ExecutorService supported: true
May 14, 2025 12:41:43 PM org.atmosphere.cpr.AtmosphereFramework info
INFO: Messaging Thread Pool Size: Unlimited
May 14, 2025 12:41:43 PM org.atmosphere.cpr.AtmosphereFramework info
INFO: Async I/O Thread Pool Size: 200
May 14, 2025 12:41:43 PM org.atmosphere.cpr.AtmosphereFramework info
INFO: Using BroadcasterFactory: org.atmosphere.cpr.DefaultBroadcasterFactory
May 14, 2025 12:41:43 PM org.atmosphere.cpr.AtmosphereFramework info
INFO: Using WebSocketProcessor: org.atmosphere.websocket.DefaultWebSocketProcessor
May 14, 2025 12:41:43 PM org.atmosphere.cpr.AtmosphereFramework info
INFO: Invoke AtmosphereInterceptor on WebSocket message true
May 14, 2025 12:41:43 PM org.atmosphere.cpr.AtmosphereFramework info
INFO: HttpSession supported: true
May 14, 2025 12:41:43 PM org.atmosphere.cpr.AtmosphereFramework info
INFO: Atmosphere is using DefaultAtmosphereObjectFactory for dependency injection and object creation
May 14, 2025 12:41:43 PM org.atmosphere.cpr.AtmosphereFramework info
INFO: Atmosphere is using async support: org.atmosphere.container.JSR356AsyncSupport running under container: Apache Tomcat/10.1.39 using jakarta.servlet/3.0 and jsr356/WebSocket API
May 14, 2025 12:41:43 PM org.atmosphere.cpr.AtmosphereFramework info
INFO: Atmosphere Framework 2.2.13.vaadin1 started.
May 14, 2025 12:41:43 PM org.atmosphere.cpr.AtmosphereFramework interceptor
INFO: Installed AtmosphereInterceptor  Track Message Size Interceptor using | with priority BEFORE_DEFAULT 
May 14, 2025 12:41:43 PM org.atmosphere.cpr.AtmosphereFramework addAtmosphereHandler
INFO: Installed AtmosphereHandler com.vaadin.server.communication.PushAtmosphereHandler mapped to context-path: /*
May 14, 2025 12:41:43 PM org.atmosphere.cpr.AtmosphereFramework addAtmosphereHandler
INFO: Installed the following AtmosphereInterceptor mapped to AtmosphereHandler com.vaadin.server.communication.PushAtmosphereHandler
May 14, 2025 12:41:43 PM org.atmosphere.util.IOUtils readServiceFile
INFO: META-INF/services/org.atmosphere.cpr.AtmosphereFramework not found in class loader
May 14, 2025 12:41:43 PM org.atmosphere.cpr.AtmosphereFramework autoConfigureService
INFO: Atmosphere is using org.atmosphere.util.VoidAnnotationProcessor for processing annotation
May 14, 2025 12:41:43 PM org.atmosphere.cpr.AtmosphereFramework initWebSocket
INFO: Installed WebSocketProtocol org.atmosphere.websocket.protocol.SimpleHttpProtocol 
May 14, 2025 12:41:43 PM org.atmosphere.container.JSR356AsyncSupport <init>
INFO: JSR 356 Mapping path /{path}
May 14, 2025 12:41:43 PM org.atmosphere.cpr.AtmosphereFramework configureAtmosphereInterceptor
INFO: Installing Default AtmosphereInterceptors
May 14, 2025 12:41:43 PM org.atmosphere.cpr.AtmosphereFramework newAInterceptor
INFO: 	org.atmosphere.interceptor.CorsInterceptor : CORS Interceptor Support
May 14, 2025 12:41:43 PM org.atmosphere.cpr.AtmosphereFramework newAInterceptor
INFO: 	org.atmosphere.interceptor.CacheHeadersInterceptor : Default Response's Headers Interceptor
May 14, 2025 12:41:43 PM org.atmosphere.cpr.AtmosphereFramework newAInterceptor
INFO: 	org.atmosphere.interceptor.PaddingAtmosphereInterceptor : Browser Padding Interceptor Support
May 14, 2025 12:41:43 PM org.atmosphere.cpr.AtmosphereFramework newAInterceptor
INFO: 	org.atmosphere.interceptor.AndroidAtmosphereInterceptor : Android Interceptor Support
May 14, 2025 12:41:43 PM org.atmosphere.cpr.AtmosphereFramework configureAtmosphereInterceptor
INFO: Dropping Interceptor org.atmosphere.interceptor.HeartbeatInterceptor
May 14, 2025 12:41:43 PM org.atmosphere.cpr.AtmosphereFramework newAInterceptor
INFO: 	org.atmosphere.interceptor.SSEAtmosphereInterceptor : SSE Interceptor Support
May 14, 2025 12:41:43 PM org.atmosphere.cpr.AtmosphereFramework newAInterceptor
INFO: 	org.atmosphere.interceptor.JSONPAtmosphereInterceptor : JSONP Interceptor Support
May 14, 2025 12:41:43 PM org.atmosphere.cpr.AtmosphereFramework newAInterceptor
INFO: 	org.atmosphere.interceptor.JavaScriptProtocol : Atmosphere JavaScript Protocol
May 14, 2025 12:41:43 PM org.atmosphere.cpr.AtmosphereFramework newAInterceptor
INFO: 	org.atmosphere.interceptor.WebSocketMessageSuspendInterceptor : org.atmosphere.interceptor.WebSocketMessageSuspendInterceptor
May 14, 2025 12:41:43 PM org.atmosphere.cpr.AtmosphereFramework newAInterceptor
INFO: 	org.atmosphere.interceptor.OnDisconnectInterceptor : Browser disconnection detection
May 14, 2025 12:41:43 PM org.atmosphere.cpr.AtmosphereFramework newAInterceptor
INFO: 	org.atmosphere.interceptor.IdleResourceInterceptor : org.atmosphere.interceptor.IdleResourceInterceptor
May 14, 2025 12:41:43 PM org.atmosphere.cpr.AtmosphereFramework configureAtmosphereInterceptor
INFO: Set org.atmosphere.cpr.AtmosphereInterceptor.disableDefaults to disable them.
May 14, 2025 12:41:43 PM org.atmosphere.cpr.AtmosphereFramework info
INFO: Using EndpointMapper class org.atmosphere.util.DefaultEndpointMapper
May 14, 2025 12:41:43 PM org.atmosphere.cpr.AtmosphereFramework info
INFO: Using BroadcasterCache: org.atmosphere.cache.UUIDBroadcasterCache
May 14, 2025 12:41:43 PM org.atmosphere.cpr.AtmosphereFramework info
INFO: Default Broadcaster Class: org.atmosphere.cpr.DefaultBroadcaster
May 14, 2025 12:41:43 PM org.atmosphere.cpr.AtmosphereFramework info
INFO: Broadcaster Polling Wait Time 100
May 14, 2025 12:41:43 PM org.atmosphere.cpr.AtmosphereFramework info
INFO: Shared ExecutorService supported: true
May 14, 2025 12:41:43 PM org.atmosphere.cpr.AtmosphereFramework info
INFO: Messaging Thread Pool Size: Unlimited
May 14, 2025 12:41:43 PM org.atmosphere.cpr.AtmosphereFramework info
INFO: Async I/O Thread Pool Size: 200
May 14, 2025 12:41:43 PM org.atmosphere.cpr.AtmosphereFramework info
INFO: Using BroadcasterFactory: org.atmosphere.cpr.DefaultBroadcasterFactory
May 14, 2025 12:41:43 PM org.atmosphere.cpr.AtmosphereFramework info
INFO: Using WebSocketProcessor: org.atmosphere.websocket.DefaultWebSocketProcessor
May 14, 2025 12:41:43 PM org.atmosphere.cpr.AtmosphereFramework info
INFO: Invoke AtmosphereInterceptor on WebSocket message true
May 14, 2025 12:41:43 PM org.atmosphere.cpr.AtmosphereFramework info
INFO: HttpSession supported: true
May 14, 2025 12:41:43 PM org.atmosphere.cpr.AtmosphereFramework info
INFO: Atmosphere is using DefaultAtmosphereObjectFactory for dependency injection and object creation
May 14, 2025 12:41:43 PM org.atmosphere.cpr.AtmosphereFramework info
INFO: Atmosphere is using async support: org.atmosphere.container.JSR356AsyncSupport running under container: Apache Tomcat/10.1.39 using jakarta.servlet/3.0 and jsr356/WebSocket API
May 14, 2025 12:41:43 PM org.atmosphere.cpr.AtmosphereFramework info
INFO: Atmosphere Framework 2.2.13.vaadin1 started.
May 14, 2025 12:41:43 PM org.atmosphere.cpr.AtmosphereFramework interceptor
INFO: Installed AtmosphereInterceptor  Track Message Size Interceptor using | with priority BEFORE_DEFAULT 
14-May-2025 12:41:43.592 INFO [main] org.apache.catalina.startup.HostConfig.deployWAR Deployment of web application archive [/home/radu/TAK-Server/src/oidf-server/tomcat/webapps/oidc-client.war] has finished in [1,269] ms
14-May-2025 12:41:43.592 INFO [main] org.apache.catalina.startup.HostConfig.deployWAR Deploying web application archive [/home/radu/TAK-Server/src/oidf-server/tomcat/webapps/c2id-logout.war]
14-May-2025 12:41:43.734 WARNING [main] org.glassfish.jersey.server.wadl.WadlFeature.configure JAX-B API not found . WADL feature is disabled.
14-May-2025 12:41:43.746 WARNING [main] org.glassfish.jersey.internal.inject.Providers.checkProviderRuntime A provider com.nimbusds.authzstore.rest.WebAPI registered in SERVER runtime does not implement any provider interfaces applicable in the SERVER runtime. Due to constraint configuration problems the provider com.nimbusds.authzstore.rest.WebAPI will be ignored. 
14-May-2025 12:41:43.799 INFO [main] org.apache.jasper.servlet.TldScanner.scanJars At least one JAR was scanned for TLDs yet contained no TLDs. Enable debug logging for this logger for a complete list of JARs that were scanned but no TLDs were found in them. Skipping unneeded JARs during scanning can improve startup time and JSP compilation time.
14-May-2025 12:41:43.813 INFO [main] org.apache.catalina.startup.HostConfig.deployWAR Deployment of web application archive [/home/radu/TAK-Server/src/oidf-server/tomcat/webapps/c2id-logout.war] has finished in [221] ms
14-May-2025 12:41:43.814 INFO [main] org.apache.catalina.startup.HostConfig.deployWAR Deploying web application archive [/home/radu/TAK-Server/src/oidf-server/tomcat/webapps/c2id.war]
14-May-2025 12:41:44.163 WARNING [main] org.glassfish.jersey.server.wadl.WadlFeature.configure JAX-B API not found . WADL feature is disabled.
14-May-2025 12:41:44.170 WARNING [main] org.glassfish.jersey.internal.inject.Providers.checkProviderRuntime A provider com.nimbusds.openid.connect.provider.ciba.sessions.CIBASessionsEndpoint registered in SERVER runtime does not implement any provider interfaces applicable in the SERVER runtime. Due to constraint configuration problems the provider com.nimbusds.openid.connect.provider.ciba.sessions.CIBASessionsEndpoint will be ignored. 
14-May-2025 12:41:44.253 WARNING [main] org.glassfish.jersey.server.wadl.WadlFeature.configure JAX-B API not found . WADL feature is disabled.
14-May-2025 12:41:44.259 WARNING [main] org.glassfish.jersey.internal.inject.Providers.checkProviderRuntime A provider com.nimbusds.openid.connect.provider.checksession.CheckSessionBackendEndpoint registered in SERVER runtime does not implement any provider interfaces applicable in the SERVER runtime. Due to constraint configuration problems the provider com.nimbusds.openid.connect.provider.checksession.CheckSessionBackendEndpoint will be ignored. 
14-May-2025 12:41:44.293 WARNING [main] org.glassfish.jersey.server.wadl.WadlFeature.configure JAX-B API not found . WADL feature is disabled.
14-May-2025 12:41:44.395 WARNING [main] org.glassfish.jersey.server.wadl.WadlFeature.configure JAX-B API not found . WADL feature is disabled.
14-May-2025 12:41:44.403 WARNING [main] org.glassfish.jersey.internal.inject.Providers.checkProviderRuntime A provider com.nimbusds.sessionstore.rest.WebAPI registered in SERVER runtime does not implement any provider interfaces applicable in the SERVER runtime. Due to constraint configuration problems the provider com.nimbusds.sessionstore.rest.WebAPI will be ignored. 
14-May-2025 12:41:44.482 WARNING [main] org.glassfish.jersey.server.wadl.WadlFeature.configure JAX-B API not found . WADL feature is disabled.
14-May-2025 12:41:44.492 WARNING [main] org.glassfish.jersey.internal.inject.Providers.checkProviderRuntime A provider com.nimbusds.openid.connect.provider.authz.AuthorizationSessionEndpoint registered in SERVER runtime does not implement any provider interfaces applicable in the SERVER runtime. Due to constraint configuration problems the provider com.nimbusds.openid.connect.provider.authz.AuthorizationSessionEndpoint will be ignored. 
14-May-2025 12:41:44.579 WARNING [main] org.glassfish.jersey.server.wadl.WadlFeature.configure JAX-B API not found . WADL feature is disabled.
14-May-2025 12:41:44.583 WARNING [main] org.glassfish.jersey.internal.inject.Providers.checkProviderRuntime A provider com.nimbusds.openid.connect.provider.config.ConfigurationEndpoint registered in SERVER runtime does not implement any provider interfaces applicable in the SERVER runtime. Due to constraint configuration problems the provider com.nimbusds.openid.connect.provider.config.ConfigurationEndpoint will be ignored. 
14-May-2025 12:41:44.642 WARNING [main] org.glassfish.jersey.server.wadl.WadlFeature.configure JAX-B API not found . WADL feature is disabled.
14-May-2025 12:41:44.649 WARNING [main] org.glassfish.jersey.internal.inject.Providers.checkProviderRuntime A provider com.nimbusds.openid.connect.provider.authz.DirectAuthorizationEndpoint registered in SERVER runtime does not implement any provider interfaces applicable in the SERVER runtime. Due to constraint configuration problems the provider com.nimbusds.openid.connect.provider.authz.DirectAuthorizationEndpoint will be ignored. 
14-May-2025 12:41:44.718 WARNING [main] org.glassfish.jersey.server.wadl.WadlFeature.configure JAX-B API not found . WADL feature is disabled.
14-May-2025 12:41:44.728 WARNING [main] org.glassfish.jersey.internal.inject.Providers.checkProviderRuntime A provider com.nimbusds.openid.connect.provider.logout.endpoint.LogoutSessionEndpoint registered in SERVER runtime does not implement any provider interfaces applicable in the SERVER runtime. Due to constraint configuration problems the provider com.nimbusds.openid.connect.provider.logout.endpoint.LogoutSessionEndpoint will be ignored. 
14-May-2025 12:41:46.243 INFO [main] org.apache.catalina.startup.HostConfig.deployWAR Deployment of web application archive [/home/radu/TAK-Server/src/oidf-server/tomcat/webapps/c2id.war] has finished in [43,079] ms
14-May-2025 12:41:46.246 INFO [main] org.apache.catalina.startup.HostConfig.deployDirectory Deploying web application directory [/home/radu/TAK-Server/src/oidf-server/tomcat/webapps/manager]
14-May-2025 12:41:46.309 INFO [main] org.apache.catalina.startup.HostConfig.deployDirectory Deployment of web application directory [/home/radu/TAK-Server/src/oidf-server/tomcat/webapps/manager] has finished in [63] ms
14-May-2025 12:41:46.309 INFO [main] org.apache.catalina.startup.HostConfig.deployDirectory Deploying web application directory [/home/radu/TAK-Server/src/oidf-server/tomcat/webapps/ROOT]
14-May-2025 12:41:46.336 INFO [main] org.apache.catalina.startup.HostConfig.deployDirectory Deployment of web application directory [/home/radu/TAK-Server/src/oidf-server/tomcat/webapps/ROOT] has finished in [27] ms
14-May-2025 12:41:46.336 INFO [main] org.apache.catalina.startup.HostConfig.deployDirectory Deploying web application directory [/home/radu/TAK-Server/src/oidf-server/tomcat/webapps/host-manager]
14-May-2025 12:41:46.388 INFO [main] org.apache.catalina.startup.HostConfig.deployDirectory Deployment of web application directory [/home/radu/TAK-Server/src/oidf-server/tomcat/webapps/host-manager] has finished in [52] ms
14-May-2025 12:41:46.399 INFO [main] org.apache.catalina.startup.Catalina.start Server startup in [50805] milliseconds
14-May-2025 12:41:46.402 SEVERE [main] org.apache.catalina.core.StandardServer.await Failed to create server shutdown socket on address [localhost] and port [8005] (base port [8005] and offset [0])
	java.net.BindException: Address already in use
		at java.base/sun.nio.ch.Net.bind0(Native Method)
		at java.base/sun.nio.ch.Net.bind(Net.java:555)
		at java.base/sun.nio.ch.Net.bind(Net.java:544)
		at java.base/sun.nio.ch.NioSocketImpl.bind(NioSocketImpl.java:648)
		at java.base/java.net.ServerSocket.bind(ServerSocket.java:388)
		at java.base/java.net.ServerSocket.<init>(ServerSocket.java:274)
		at org.apache.catalina.core.StandardServer.await(StandardServer.java:533)
		at org.apache.catalina.startup.Catalina.await(Catalina.java:851)
		at org.apache.catalina.startup.Catalina.start(Catalina.java:799)
		at java.base/jdk.internal.reflect.NativeMethodAccessorImpl.invoke0(Native Method)
		at java.base/jdk.internal.reflect.NativeMethodAccessorImpl.invoke(NativeMethodAccessorImpl.java:77)
		at java.base/jdk.internal.reflect.DelegatingMethodAccessorImpl.invoke(DelegatingMethodAccessorImpl.java:43)
		at java.base/java.lang.reflect.Method.invoke(Method.java:569)
		at org.apache.catalina.startup.Bootstrap.start(Bootstrap.java:345)
		at org.apache.catalina.startup.Bootstrap.main(Bootstrap.java:473)
14-May-2025 12:41:46.402 INFO [main] org.apache.coyote.AbstractProtocol.pause Pausing ProtocolHandler ["http-nio-8080"]
14-May-2025 12:41:46.402 INFO [main] org.apache.catalina.core.StandardService.stopInternal Stopping service [Catalina]
[CM8005] Stopping Infinispan...
[CM8015] Stopped Infinispan cache clients.remoteRequestJWTClaimsCache in 7 ms
[CM8015] Stopped Infinispan cache op.loginHintTokenMap in 13 ms
[CM8015] Stopped Infinispan cache op.dPoPJTICache in 13 ms
[CM8015] Stopped Infinispan cache keyStore.jwkSetMap in 1264 ms
[CM8015] Stopped Infinispan cache sessionStore.sessionMap in 1277 ms
[CM8015] Stopped Infinispan cache federation.registrationsMap in 1277 ms
[CM8015] Stopped Infinispan cache op.authSessionMap in 1278 ms
[CM8015] Stopped Infinispan cache authzStore.revocationJournalMap in 1281 ms
[CM8015] Stopped Infinispan cache clients.registrationsMap in 1284 ms
[CM8015] Stopped Infinispan cache authzStore.expendedTokenMap in 1285 ms
[CM8015] Stopped Infinispan cache clients.remoteJWKSetCache in 1285 ms
[CM8015] Stopped Infinispan cache authzStore.codeMap in 1285 ms
[CM8015] Stopped Infinispan cache authzStore.longLivedAuthzMap in 1288 ms
[CM8015] Stopped Infinispan cache keyStore.jwkSetHistoryMap in 1290 ms
[CM8015] Stopped Infinispan cache authzStore.idAccessTokenMap in 1291 ms
[CM8015] Stopped Infinispan cache op.consentSessionMap in 1292 ms
[CM8015] Stopped Infinispan cache sessionStore.subjectMap in 1295 ms
[CM8015] Stopped Infinispan cache org.infinispan.CONFIG in 1296 ms
14-May-2025 12:41:47.896 WARNING [main] org.apache.catalina.loader.WebappClassLoaderBase.clearReferencesThreads The web application [c2id] appears to have started a thread named [RxCachedWorkerPoolEvictor-1] but has failed to stop it. This is very likely to create a memory leak. Stack trace of thread:
 java.base@17.0.15/jdk.internal.misc.Unsafe.park(Native Method)
 java.base@17.0.15/java.util.concurrent.locks.LockSupport.parkNanos(LockSupport.java:252)
 java.base@17.0.15/java.util.concurrent.locks.AbstractQueuedSynchronizer$ConditionObject.awaitNanos(AbstractQueuedSynchronizer.java:1679)
 java.base@17.0.15/java.util.concurrent.ScheduledThreadPoolExecutor$DelayedWorkQueue.take(ScheduledThreadPoolExecutor.java:1182)
 java.base@17.0.15/java.util.concurrent.ScheduledThreadPoolExecutor$DelayedWorkQueue.take(ScheduledThreadPoolExecutor.java:899)
 java.base@17.0.15/java.util.concurrent.ThreadPoolExecutor.getTask(ThreadPoolExecutor.java:1062)
 java.base@17.0.15/java.util.concurrent.ThreadPoolExecutor.runWorker(ThreadPoolExecutor.java:1122)
 java.base@17.0.15/java.util.concurrent.ThreadPoolExecutor$Worker.run(ThreadPoolExecutor.java:635)
 java.base@17.0.15/java.lang.Thread.run(Thread.java:840)
14-May-2025 12:41:47.896 WARNING [main] org.apache.catalina.loader.WebappClassLoaderBase.clearReferencesThreads The web application [c2id] appears to have started a thread named [HttpClient-1-SelectorManager] but has failed to stop it. This is very likely to create a memory leak. Stack trace of thread:
 java.base@17.0.15/sun.nio.ch.EPoll.wait(Native Method)
 java.base@17.0.15/sun.nio.ch.EPollSelectorImpl.doSelect(EPollSelectorImpl.java:118)
 java.base@17.0.15/sun.nio.ch.SelectorImpl.lockAndDoSelect(SelectorImpl.java:129)
 java.base@17.0.15/sun.nio.ch.SelectorImpl.select(SelectorImpl.java:141)
 platform/java.net.http@17.0.15/jdk.internal.net.http.HttpClientImpl$SelectorManager.run(HttpClientImpl.java:894)
14-May-2025 12:41:47.920 INFO [main] org.apache.coyote.AbstractProtocol.stop Stopping ProtocolHandler ["http-nio-8080"]
14-May-2025 12:41:47.925 INFO [main] org.apache.coyote.AbstractProtocol.destroy Destroying ProtocolHandler ["http-nio-8080"]
14-May-2025 12:41:49.299 INFO [main] org.apache.jasper.servlet.TldScanner.scanJars At least one JAR was scanned for TLDs yet contained no TLDs. Enable debug logging for this logger for a complete list of JARs that were scanned but no TLDs were found in them. Skipping unneeded JARs during scanning can improve startup time and JSP compilation time.
SLF4J(W): No SLF4J providers were found.
SLF4J(W): Defaulting to no-operation (NOP) logger implementation
SLF4J(W): See https://www.slf4j.org/codes.html#noProviders for further details.
SLF4J(W): Class path contains SLF4J bindings targeting slf4j-api versions 1.7.x or earlier.
SLF4J(W): Ignoring binding found at [jar:file:/home/radu/TAK-Server/src/oidf-server/tomcat/webapps/c2id/WEB-INF/lib/log4j-slf4j-impl-2.24.2.jar!/org/slf4j/impl/StaticLoggerBinder.class]
SLF4J(W): See https://www.slf4j.org/codes.html#ignoredBindings for an explanation.
14-May-2025 12:41:55.157 WARNING [main] org.glassfish.jersey.message.internal.MessagingBinders$EnabledProvidersBinder.bindToBinder A class jakarta.activation.DataSource for a default provider MessageBodyWriter<jakarta.activation.DataSource> was not found. The provider is not available.
14-May-2025 12:41:55.182 WARNING [main] org.glassfish.jersey.server.wadl.WadlFeature.configure JAX-B API not found . WADL feature is disabled.
14-May-2025 12:41:55.261 WARNING [main] org.glassfish.jersey.internal.inject.Providers.checkProviderRuntime A provider com.nimbusds.openid.connect.provider.sts.STSEndpoint registered in SERVER runtime does not implement any provider interfaces applicable in the SERVER runtime. Due to constraint configuration problems the provider com.nimbusds.openid.connect.provider.sts.STSEndpoint will be ignored. 
14-May-2025 12:41:55.383 WARNING [main] org.glassfish.jersey.server.wadl.WadlFeature.configure JAX-B API not found . WADL feature is disabled.
14-May-2025 12:41:55.391 WARNING [main] org.glassfish.jersey.internal.inject.Providers.checkProviderRuntime A provider com.nimbusds.authzstore.rest.WebAPI registered in SERVER runtime does not implement any provider interfaces applicable in the SERVER runtime. Due to constraint configuration problems the provider com.nimbusds.authzstore.rest.WebAPI will be ignored. 
14-May-2025 12:41:55.462 WARNING [main] org.glassfish.jersey.server.wadl.WadlFeature.configure JAX-B API not found . WADL feature is disabled.
14-May-2025 12:41:55.464 WARNING [main] org.glassfish.jersey.internal.inject.Providers.checkProviderRuntime A provider com.nimbusds.openid.connect.provider.ciba.sessions.CIBASessionsEndpoint registered in SERVER runtime does not implement any provider interfaces applicable in the SERVER runtime. Due to constraint configuration problems the provider com.nimbusds.openid.connect.provider.ciba.sessions.CIBASessionsEndpoint will be ignored. 
14-May-2025 12:41:55.493 WARNING [main] org.glassfish.jersey.server.wadl.WadlFeature.configure JAX-B API not found . WADL feature is disabled.
14-May-2025 12:41:55.496 WARNING [main] org.glassfish.jersey.internal.inject.Providers.checkProviderRuntime A provider com.nimbusds.openid.connect.provider.checksession.CheckSessionBackendEndpoint registered in SERVER runtime does not implement any provider interfaces applicable in the SERVER runtime. Due to constraint configuration problems the provider com.nimbusds.openid.connect.provider.checksession.CheckSessionBackendEndpoint will be ignored. 
14-May-2025 12:41:55.528 WARNING [main] org.glassfish.jersey.server.wadl.WadlFeature.configure JAX-B API not found . WADL feature is disabled.
14-May-2025 12:41:55.582 WARNING [main] org.glassfish.jersey.server.wadl.WadlFeature.configure JAX-B API not found . WADL feature is disabled.
14-May-2025 12:41:55.591 WARNING [main] org.glassfish.jersey.internal.inject.Providers.checkProviderRuntime A provider com.nimbusds.sessionstore.rest.WebAPI registered in SERVER runtime does not implement any provider interfaces applicable in the SERVER runtime. Due to constraint configuration problems the provider com.nimbusds.sessionstore.rest.WebAPI will be ignored. 
14-May-2025 12:41:55.635 WARNING [main] org.glassfish.jersey.server.wadl.WadlFeature.configure JAX-B API not found . WADL feature is disabled.
14-May-2025 12:41:55.640 WARNING [main] org.glassfish.jersey.internal.inject.Providers.checkProviderRuntime A provider com.nimbusds.openid.connect.provider.authz.AuthorizationSessionEndpoint registered in SERVER runtime does not implement any provider interfaces applicable in the SERVER runtime. Due to constraint configuration problems the provider com.nimbusds.openid.connect.provider.authz.AuthorizationSessionEndpoint will be ignored. 
14-May-2025 12:41:55.668 WARNING [main] org.glassfish.jersey.server.wadl.WadlFeature.configure JAX-B API not found . WADL feature is disabled.
14-May-2025 12:41:55.670 WARNING [main] org.glassfish.jersey.internal.inject.Providers.checkProviderRuntime A provider com.nimbusds.openid.connect.provider.config.ConfigurationEndpoint registered in SERVER runtime does not implement any provider interfaces applicable in the SERVER runtime. Due to constraint configuration problems the provider com.nimbusds.openid.connect.provider.config.ConfigurationEndpoint will be ignored. 
14-May-2025 12:41:55.692 WARNING [main] org.glassfish.jersey.server.wadl.WadlFeature.configure JAX-B API not found . WADL feature is disabled.
14-May-2025 12:41:55.694 WARNING [main] org.glassfish.jersey.internal.inject.Providers.checkProviderRuntime A provider com.nimbusds.openid.connect.provider.authz.DirectAuthorizationEndpoint registered in SERVER runtime does not implement any provider interfaces applicable in the SERVER runtime. Due to constraint configuration problems the provider com.nimbusds.openid.connect.provider.authz.DirectAuthorizationEndpoint will be ignored. 
14-May-2025 12:41:55.716 WARNING [main] org.glassfish.jersey.server.wadl.WadlFeature.configure JAX-B API not found . WADL feature is disabled.
14-May-2025 12:41:55.720 WARNING [main] org.glassfish.jersey.internal.inject.Providers.checkProviderRuntime A provider com.nimbusds.openid.connect.provider.logout.endpoint.LogoutSessionEndpoint registered in SERVER runtime does not implement any provider interfaces applicable in the SERVER runtime. Due to constraint configuration problems the provider com.nimbusds.openid.connect.provider.logout.endpoint.LogoutSessionEndpoint will be ignored. 
14-May-2025 12:41:55.910 INFO [main] org.apache.catalina.startup.HostConfig.deployWAR Deployment of web application archive [/home/radu/TAK-Server/src/oidf-server/tomcat/webapps/c2id.war] has finished in [12,096] ms
14-May-2025 12:41:55.911 INFO [main] org.apache.catalina.startup.HostConfig.deployDirectory Deploying web application directory [/home/radu/TAK-Server/src/oidf-server/tomcat/webapps/manager]
14-May-2025 12:41:55.968 INFO [main] org.apache.catalina.startup.HostConfig.deployDirectory Deployment of web application directory [/home/radu/TAK-Server/src/oidf-server/tomcat/webapps/manager] has finished in [57] ms
14-May-2025 12:41:55.968 INFO [main] org.apache.catalina.startup.HostConfig.deployDirectory Deploying web application directory [/home/radu/TAK-Server/src/oidf-server/tomcat/webapps/ROOT]
14-May-2025 12:41:55.992 INFO [main] org.apache.catalina.startup.HostConfig.deployDirectory Deployment of web application directory [/home/radu/TAK-Server/src/oidf-server/tomcat/webapps/ROOT] has finished in [23] ms
14-May-2025 12:41:55.995 INFO [main] org.apache.catalina.startup.HostConfig.deployDirectory Deploying web application directory [/home/radu/TAK-Server/src/oidf-server/tomcat/webapps/host-manager]
14-May-2025 12:41:56.029 INFO [main] org.apache.catalina.startup.HostConfig.deployDirectory Deployment of web application directory [/home/radu/TAK-Server/src/oidf-server/tomcat/webapps/host-manager] has finished in [34] ms
14-May-2025 12:41:56.041 INFO [main] org.apache.coyote.AbstractProtocol.start Starting ProtocolHandler ["http-nio-8080"]
14-May-2025 12:41:56.086 INFO [main] org.apache.catalina.startup.Catalina.start Server startup in [19904] milliseconds
14-May-2025 12:41:56.091 SEVERE [main] org.apache.catalina.core.StandardServer.await Failed to create server shutdown socket on address [localhost] and port [8005] (base port [8005] and offset [0])
	java.net.BindException: Address already in use
		at java.base/sun.nio.ch.Net.bind0(Native Method)
		at java.base/sun.nio.ch.Net.bind(Net.java:555)
		at java.base/sun.nio.ch.Net.bind(Net.java:544)
		at java.base/sun.nio.ch.NioSocketImpl.bind(NioSocketImpl.java:648)
		at java.base/java.net.ServerSocket.bind(ServerSocket.java:388)
		at java.base/java.net.ServerSocket.<init>(ServerSocket.java:274)
		at org.apache.catalina.core.StandardServer.await(StandardServer.java:533)
		at org.apache.catalina.startup.Catalina.await(Catalina.java:851)
		at org.apache.catalina.startup.Catalina.start(Catalina.java:799)
		at java.base/jdk.internal.reflect.NativeMethodAccessorImpl.invoke0(Native Method)
		at java.base/jdk.internal.reflect.NativeMethodAccessorImpl.invoke(NativeMethodAccessorImpl.java:77)
		at java.base/jdk.internal.reflect.DelegatingMethodAccessorImpl.invoke(DelegatingMethodAccessorImpl.java:43)
		at java.base/java.lang.reflect.Method.invoke(Method.java:569)
		at org.apache.catalina.startup.Bootstrap.start(Bootstrap.java:345)
		at org.apache.catalina.startup.Bootstrap.main(Bootstrap.java:473)
14-May-2025 12:41:56.092 INFO [main] org.apache.coyote.AbstractProtocol.pause Pausing ProtocolHandler ["http-nio-8080"]
14-May-2025 12:41:56.115 INFO [main] org.apache.catalina.core.StandardService.stopInternal Stopping service [Catalina]
14-May-2025 12:41:56.182 WARNING [main] org.apache.catalina.loader.WebappClassLoaderBase.clearReferencesThreads The web application [oidc-client] appears to have started a thread named [Atmosphere-Scheduler-0] but has failed to stop it. This is very likely to create a memory leak. Stack trace of thread:
[CM8005] Stopping Infinispan...
[CM8015] Stopped Infinispan cache clients.remoteRequestJWTClaimsCache in 4 ms
[CM8015] Stopped Infinispan cache op.loginHintTokenMap in 9 ms
[CM8015] Stopped Infinispan cache op.dPoPJTICache in 10 ms
[CM8015] Stopped Infinispan cache keyStore.jwkSetMap in 545 ms
[CM8015] Stopped Infinispan cache sessionStore.sessionMap in 575 ms
[CM8015] Stopped Infinispan cache federation.registrationsMap in 578 ms
[CM8015] Stopped Infinispan cache op.authSessionMap in 579 ms
[CM8015] Stopped Infinispan cache authzStore.revocationJournalMap in 581 ms
[CM8015] Stopped Infinispan cache clients.registrationsMap in 583 ms
[CM8015] Stopped Infinispan cache authzStore.expendedTokenMap in 584 ms
[CM8015] Stopped Infinispan cache clients.remoteJWKSetCache in 585 ms
[CM8015] Stopped Infinispan cache authzStore.codeMap in 585 ms
[CM8015] Stopped Infinispan cache authzStore.longLivedAuthzMap in 588 ms
[CM8015] Stopped Infinispan cache keyStore.jwkSetHistoryMap in 590 ms
[CM8015] Stopped Infinispan cache authzStore.idAccessTokenMap in 594 ms
[CM8015] Stopped Infinispan cache op.consentSessionMap in 595 ms
[CM8015] Stopped Infinispan cache sessionStore.subjectMap in 597 ms
[CM8015] Stopped Infinispan cache org.infinispan.CONFIG in 598 ms
14-May-2025 12:41:56.934 WARNING [main] org.apache.catalina.loader.WebappClassLoaderBase.clearReferencesThreads The web application [c2id] appears to have started a thread named [RxCachedWorkerPoolEvictor-1] but has failed to stop it. This is very likely to create a memory leak. Stack trace of thread:
 java.base@17.0.15/jdk.internal.misc.Unsafe.park(Native Method)
 java.base@17.0.15/java.util.concurrent.locks.LockSupport.parkNanos(LockSupport.java:252)
 java.base@17.0.15/java.util.concurrent.locks.AbstractQueuedSynchronizer$ConditionObject.awaitNanos(AbstractQueuedSynchronizer.java:1679)
 java.base@17.0.15/java.util.concurrent.ScheduledThreadPoolExecutor$DelayedWorkQueue.take(ScheduledThreadPoolExecutor.java:1182)
 java.base@17.0.15/java.util.concurrent.ScheduledThreadPoolExecutor$DelayedWorkQueue.take(ScheduledThreadPoolExecutor.java:899)
 java.base@17.0.15/java.util.concurrent.ThreadPoolExecutor.getTask(ThreadPoolExecutor.java:1062)
 java.base@17.0.15/java.util.concurrent.ThreadPoolExecutor.runWorker(ThreadPoolExecutor.java:1122)
 java.base@17.0.15/java.util.concurrent.ThreadPoolExecutor$Worker.run(ThreadPoolExecutor.java:635)
 java.base@17.0.15/java.lang.Thread.run(Thread.java:840)
14-May-2025 12:41:56.937 WARNING [main] org.apache.catalina.loader.WebappClassLoaderBase.clearReferencesThreads The web application [c2id] appears to have started a thread named [HttpClient-1-SelectorManager] but has failed to stop it. This is very likely to create a memory leak. Stack trace of thread:
 java.base@17.0.15/sun.nio.ch.EPoll.wait(Native Method)
 java.base@17.0.15/sun.nio.ch.EPollSelectorImpl.doSelect(EPollSelectorImpl.java:118)
 java.base@17.0.15/sun.nio.ch.SelectorImpl.lockAndDoSelect(SelectorImpl.java:129)
 java.base@17.0.15/sun.nio.ch.SelectorImpl.select(SelectorImpl.java:141)
 platform/java.net.http@17.0.15/jdk.internal.net.http.HttpClientImpl$SelectorManager.run(HttpClientImpl.java:894)
14-May-2025 12:41:56.985 INFO [main] org.apache.coyote.AbstractProtocol.stop Stopping ProtocolHandler ["http-nio-8080"]
14-May-2025 12:41:56.997 INFO [main] org.apache.coyote.AbstractProtocol.destroy Destroying ProtocolHandler ["http-nio-8080"]
14-May-2025 12:42:12.459 INFO [main] org.apache.catalina.startup.VersionLoggerListener.log Server version name:   Apache Tomcat/10.1.39
14-May-2025 12:42:12.463 INFO [main] org.apache.catalina.startup.VersionLoggerListener.log Server built:          Mar 4 2025 19:02:32 UTC
14-May-2025 12:42:12.463 INFO [main] org.apache.catalina.startup.VersionLoggerListener.log Server version number: 10.1.39.0
14-May-2025 12:42:12.463 INFO [main] org.apache.catalina.startup.VersionLoggerListener.log OS Name:               Linux
14-May-2025 12:42:12.463 INFO [main] org.apache.catalina.startup.VersionLoggerListener.log OS Version:            6.8.0-59-generic
14-May-2025 12:42:12.463 INFO [main] org.apache.catalina.startup.VersionLoggerListener.log Architecture:          amd64
14-May-2025 12:42:12.463 INFO [main] org.apache.catalina.startup.VersionLoggerListener.log Java Home:             /usr/lib/jvm/java-17-openjdk-amd64
14-May-2025 12:42:12.463 INFO [main] org.apache.catalina.startup.VersionLoggerListener.log JVM Version:           17.0.15+6-Ubuntu-0ubuntu122.04
14-May-2025 12:42:12.464 INFO [main] org.apache.catalina.startup.VersionLoggerListener.log JVM Vendor:            Ubuntu
14-May-2025 12:42:12.464 INFO [main] org.apache.catalina.startup.VersionLoggerListener.log CATALINA_BASE:         /home/radu/TAK-Server/src/oidf-server/tomcat
14-May-2025 12:42:12.464 INFO [main] org.apache.catalina.startup.VersionLoggerListener.log CATALINA_HOME:         /home/radu/TAK-Server/src/oidf-server/tomcat
14-May-2025 12:42:12.465 INFO [main] org.apache.catalina.core.AprLifecycleListener.lifecycleEvent The Apache Tomcat Native library which allows using OpenSSL was not found on the java.library.path: [/home/radu/opt/lib::/usr/java/packages/lib:/usr/lib/x86_64-linux-gnu/jni:/lib/x86_64-linux-gnu:/usr/lib/x86_64-linux-gnu:/usr/lib/jni:/lib:/usr/lib]
14-May-2025 12:42:12.743 INFO [main] org.apache.coyote.AbstractProtocol.init Initializing ProtocolHandler ["http-nio-8080"]
14-May-2025 12:42:12.767 INFO [main] org.apache.catalina.startup.Catalina.load Server initialization in [470] milliseconds
14-May-2025 12:42:12.815 INFO [main] org.apache.catalina.core.StandardService.startInternal Starting service [Catalina]
14-May-2025 12:42:12.815 INFO [main] org.apache.catalina.core.StandardEngine.startInternal Starting Servlet engine: [Apache Tomcat/10.1.39]
14-May-2025 12:42:12.831 INFO [main] org.apache.catalina.startup.HostConfig.deployWAR Deploying web application archive [/home/radu/TAK-Server/src/oidf-server/tomcat/webapps/ldapauth.war]
14-May-2025 12:42:13.190 INFO [main] org.apache.jasper.servlet.TldScanner.scanJars At least one JAR was scanned for TLDs yet contained no TLDs. Enable debug logging for this logger for a complete list of JARs that were scanned but no TLDs were found in them. Skipping unneeded JARs during scanning can improve startup time and JSP compilation time.
14-May-2025 12:42:13.823 INFO [main] org.apache.catalina.startup.HostConfig.deployWAR Deployment of web application archive [/home/radu/TAK-Server/src/oidf-server/tomcat/webapps/ldapauth.war] has finished in [991] ms
14-May-2025 12:42:13.823 INFO [main] org.apache.catalina.startup.HostConfig.deployWAR Deploying web application archive [/home/radu/TAK-Server/src/oidf-server/tomcat/webapps/password-grant-handler.war]
14-May-2025 12:42:14.030 INFO [main] org.apache.jasper.servlet.TldScanner.scanJars At least one JAR was scanned for TLDs yet contained no TLDs. Enable debug logging for this logger for a complete list of JARs that were scanned but no TLDs were found in them. Skipping unneeded JARs during scanning can improve startup time and JSP compilation time.
14-May-2025 12:42:14.280 INFO [main] org.apache.catalina.startup.HostConfig.deployWAR Deployment of web application archive [/home/radu/TAK-Server/src/oidf-server/tomcat/webapps/password-grant-handler.war] has finished in [457] ms
14-May-2025 12:42:14.281 INFO [main] org.apache.catalina.startup.HostConfig.deployWAR Deploying web application archive [/home/radu/TAK-Server/src/oidf-server/tomcat/webapps/c2id-login.war]
14-May-2025 12:42:15.228 INFO [main] org.apache.jasper.servlet.TldScanner.scanJars At least one JAR was scanned for TLDs yet contained no TLDs. Enable debug logging for this logger for a complete list of JARs that were scanned but no TLDs were found in them. Skipping unneeded JARs during scanning can improve startup time and JSP compilation time.

                                  _   ___  _     _
                                 | | |__ \(_)   | |
   ___ ___  _ __  _ __   ___  ___| |_   ) )_  __| |
  / __/ _ \| '_ \| '_ \ / _ \/ __| __| / /| |/ _` |
 | (_| (_) | | | | | | |  __/ (__| |_ / /_| | (_| |
  \___\___/|_| |_|_| |_|\___|\___|\__|____|_|\__,_|  Login  (v3.4.5-migrated-1.0.9)

2025-05-14 12:42:16.106  INFO 251809 --- [           main] com.nimbusds.login.C2idLogin             : Starting C2idLogin v3.4.5-migrated-1.0.9 using Java 17.0.15 on lenss-10 with PID 251809 (/home/radu/TAK-Server/src/oidf-server/tomcat/webapps/c2id-login/WEB-INF/classes started by radu in /home/radu/TAK-Server/src/oidf-server/tomcat/bin)
2025-05-14 12:42:16.110  INFO 251809 --- [           main] com.nimbusds.login.C2idLogin             : The following profiles are active: prod
2025-05-14 12:42:17.877  INFO 251809 --- [           main] com.nimbusds.login.C2idLogin             : Started C2idLogin in 2.46 seconds (JVM running for 5.776)
14-May-2025 12:42:17.885 INFO [main] org.apache.catalina.startup.HostConfig.deployWAR Deployment of web application archive [/home/radu/TAK-Server/src/oidf-server/tomcat/webapps/c2id-login.war] has finished in [3,604] ms
14-May-2025 12:42:17.886 INFO [main] org.apache.catalina.startup.HostConfig.deployWAR Deploying web application archive [/home/radu/TAK-Server/src/oidf-server/tomcat/webapps/oidc-client.war]
May 14, 2025 12:42:18 PM org.apache.jasper.servlet.TldScanner scanJars
INFO: At least one JAR was scanned for TLDs yet contained no TLDs. Enable debug logging for this logger for a complete list of JARs that were scanned but no TLDs were found in them. Skipping unneeded JARs during scanning can improve startup time and JSP compilation time.
May 14, 2025 12:42:18 PM org.apache.catalina.core.ApplicationContext log
INFO: Initializing AtmosphereFramework
May 14, 2025 12:42:18 PM org.atmosphere.cpr.AtmosphereFramework addAtmosphereHandler
INFO: Installed AtmosphereHandler com.vaadin.server.communication.PushAtmosphereHandler mapped to context-path: /*
May 14, 2025 12:42:18 PM org.atmosphere.cpr.AtmosphereFramework addAtmosphereHandler
INFO: Installed the following AtmosphereInterceptor mapped to AtmosphereHandler com.vaadin.server.communication.PushAtmosphereHandler
May 14, 2025 12:42:18 PM org.atmosphere.util.IOUtils readServiceFile
INFO: META-INF/services/org.atmosphere.cpr.AtmosphereFramework not found in class loader
May 14, 2025 12:42:18 PM org.atmosphere.cpr.AtmosphereFramework autoConfigureService
INFO: Atmosphere is using org.atmosphere.util.VoidAnnotationProcessor for processing annotation
May 14, 2025 12:42:18 PM org.atmosphere.cpr.AtmosphereFramework initWebSocket
INFO: Installed WebSocketProtocol org.atmosphere.websocket.protocol.SimpleHttpProtocol 
May 14, 2025 12:42:18 PM org.atmosphere.container.JSR356AsyncSupport <init>
INFO: JSR 356 Mapping path /cb
May 14, 2025 12:42:18 PM org.atmosphere.cpr.AtmosphereFramework configureAtmosphereInterceptor
INFO: Installing Default AtmosphereInterceptors
May 14, 2025 12:42:18 PM org.atmosphere.cpr.AtmosphereFramework newAInterceptor
INFO: 	org.atmosphere.interceptor.CorsInterceptor : CORS Interceptor Support
May 14, 2025 12:42:18 PM org.atmosphere.cpr.AtmosphereFramework newAInterceptor
INFO: 	org.atmosphere.interceptor.CacheHeadersInterceptor : Default Response's Headers Interceptor
May 14, 2025 12:42:18 PM org.atmosphere.cpr.AtmosphereFramework newAInterceptor
INFO: 	org.atmosphere.interceptor.PaddingAtmosphereInterceptor : Browser Padding Interceptor Support
May 14, 2025 12:42:18 PM org.atmosphere.cpr.AtmosphereFramework newAInterceptor
INFO: 	org.atmosphere.interceptor.AndroidAtmosphereInterceptor : Android Interceptor Support
May 14, 2025 12:42:18 PM org.atmosphere.cpr.AtmosphereFramework configureAtmosphereInterceptor
INFO: Dropping Interceptor org.atmosphere.interceptor.HeartbeatInterceptor
May 14, 2025 12:42:18 PM org.atmosphere.cpr.AtmosphereFramework newAInterceptor
INFO: 	org.atmosphere.interceptor.SSEAtmosphereInterceptor : SSE Interceptor Support
May 14, 2025 12:42:18 PM org.atmosphere.cpr.AtmosphereFramework newAInterceptor
INFO: 	org.atmosphere.interceptor.JSONPAtmosphereInterceptor : JSONP Interceptor Support
May 14, 2025 12:42:18 PM org.atmosphere.cpr.AtmosphereFramework newAInterceptor
INFO: 	org.atmosphere.interceptor.JavaScriptProtocol : Atmosphere JavaScript Protocol
May 14, 2025 12:42:18 PM org.atmosphere.cpr.AtmosphereFramework newAInterceptor
INFO: 	org.atmosphere.interceptor.WebSocketMessageSuspendInterceptor : org.atmosphere.interceptor.WebSocketMessageSuspendInterceptor
May 14, 2025 12:42:18 PM org.atmosphere.cpr.AtmosphereFramework newAInterceptor
INFO: 	org.atmosphere.interceptor.OnDisconnectInterceptor : Browser disconnection detection
May 14, 2025 12:42:18 PM org.atmosphere.cpr.AtmosphereFramework newAInterceptor
INFO: 	org.atmosphere.interceptor.IdleResourceInterceptor : org.atmosphere.interceptor.IdleResourceInterceptor
May 14, 2025 12:42:18 PM org.atmosphere.cpr.AtmosphereFramework configureAtmosphereInterceptor
INFO: Set org.atmosphere.cpr.AtmosphereInterceptor.disableDefaults to disable them.
May 14, 2025 12:42:18 PM org.atmosphere.cpr.AtmosphereFramework info
INFO: Using EndpointMapper class org.atmosphere.util.DefaultEndpointMapper
May 14, 2025 12:42:18 PM org.atmosphere.cpr.AtmosphereFramework info
INFO: Using BroadcasterCache: org.atmosphere.cache.UUIDBroadcasterCache
May 14, 2025 12:42:18 PM org.atmosphere.cpr.AtmosphereFramework info
INFO: Default Broadcaster Class: org.atmosphere.cpr.DefaultBroadcaster
May 14, 2025 12:42:18 PM org.atmosphere.cpr.AtmosphereFramework info
INFO: Broadcaster Polling Wait Time 100
May 14, 2025 12:42:18 PM org.atmosphere.cpr.AtmosphereFramework info
INFO: Shared ExecutorService supported: true
May 14, 2025 12:42:18 PM org.atmosphere.cpr.AtmosphereFramework info
INFO: Messaging Thread Pool Size: Unlimited
May 14, 2025 12:42:18 PM org.atmosphere.cpr.AtmosphereFramework info
INFO: Async I/O Thread Pool Size: 200
May 14, 2025 12:42:18 PM org.atmosphere.cpr.AtmosphereFramework info
INFO: Using BroadcasterFactory: org.atmosphere.cpr.DefaultBroadcasterFactory
May 14, 2025 12:42:18 PM org.atmosphere.cpr.AtmosphereFramework info
INFO: Using WebSocketProcessor: org.atmosphere.websocket.DefaultWebSocketProcessor
May 14, 2025 12:42:18 PM org.atmosphere.cpr.AtmosphereFramework info
INFO: Invoke AtmosphereInterceptor on WebSocket message true
May 14, 2025 12:42:18 PM org.atmosphere.cpr.AtmosphereFramework info
INFO: HttpSession supported: true
May 14, 2025 12:42:18 PM org.atmosphere.cpr.AtmosphereFramework info
INFO: Atmosphere is using DefaultAtmosphereObjectFactory for dependency injection and object creation
May 14, 2025 12:42:18 PM org.atmosphere.cpr.AtmosphereFramework info
INFO: Atmosphere is using async support: org.atmosphere.container.JSR356AsyncSupport running under container: Apache Tomcat/10.1.39 using jakarta.servlet/3.0 and jsr356/WebSocket API
May 14, 2025 12:42:18 PM org.atmosphere.cpr.AtmosphereFramework info
INFO: Atmosphere Framework 2.2.13.vaadin1 started.
May 14, 2025 12:42:18 PM org.atmosphere.cpr.AtmosphereFramework interceptor
INFO: Installed AtmosphereInterceptor  Track Message Size Interceptor using | with priority BEFORE_DEFAULT 
May 14, 2025 12:42:18 PM org.atmosphere.cpr.AtmosphereFramework addAtmosphereHandler
INFO: Installed AtmosphereHandler com.vaadin.server.communication.PushAtmosphereHandler mapped to context-path: /*
May 14, 2025 12:42:18 PM org.atmosphere.cpr.AtmosphereFramework addAtmosphereHandler
INFO: Installed the following AtmosphereInterceptor mapped to AtmosphereHandler com.vaadin.server.communication.PushAtmosphereHandler
May 14, 2025 12:42:18 PM org.atmosphere.util.IOUtils readServiceFile
INFO: META-INF/services/org.atmosphere.cpr.AtmosphereFramework not found in class loader
May 14, 2025 12:42:18 PM org.atmosphere.cpr.AtmosphereFramework autoConfigureService
INFO: Atmosphere is using org.atmosphere.util.VoidAnnotationProcessor for processing annotation
May 14, 2025 12:42:18 PM org.atmosphere.cpr.AtmosphereFramework initWebSocket
INFO: Installed WebSocketProtocol org.atmosphere.websocket.protocol.SimpleHttpProtocol 
May 14, 2025 12:42:18 PM org.atmosphere.container.JSR356AsyncSupport <init>
INFO: JSR 356 Mapping path /{path}
May 14, 2025 12:42:18 PM org.atmosphere.cpr.AtmosphereFramework configureAtmosphereInterceptor
INFO: Installing Default AtmosphereInterceptors
May 14, 2025 12:42:18 PM org.atmosphere.cpr.AtmosphereFramework newAInterceptor
INFO: 	org.atmosphere.interceptor.CorsInterceptor : CORS Interceptor Support
May 14, 2025 12:42:18 PM org.atmosphere.cpr.AtmosphereFramework newAInterceptor
INFO: 	org.atmosphere.interceptor.CacheHeadersInterceptor : Default Response's Headers Interceptor
May 14, 2025 12:42:18 PM org.atmosphere.cpr.AtmosphereFramework newAInterceptor
INFO: 	org.atmosphere.interceptor.PaddingAtmosphereInterceptor : Browser Padding Interceptor Support
May 14, 2025 12:42:18 PM org.atmosphere.cpr.AtmosphereFramework newAInterceptor
INFO: 	org.atmosphere.interceptor.AndroidAtmosphereInterceptor : Android Interceptor Support
May 14, 2025 12:42:18 PM org.atmosphere.cpr.AtmosphereFramework configureAtmosphereInterceptor
INFO: Dropping Interceptor org.atmosphere.interceptor.HeartbeatInterceptor
May 14, 2025 12:42:18 PM org.atmosphere.cpr.AtmosphereFramework newAInterceptor
INFO: 	org.atmosphere.interceptor.SSEAtmosphereInterceptor : SSE Interceptor Support
May 14, 2025 12:42:18 PM org.atmosphere.cpr.AtmosphereFramework newAInterceptor
INFO: 	org.atmosphere.interceptor.JSONPAtmosphereInterceptor : JSONP Interceptor Support
May 14, 2025 12:42:18 PM org.atmosphere.cpr.AtmosphereFramework newAInterceptor
INFO: 	org.atmosphere.interceptor.JavaScriptProtocol : Atmosphere JavaScript Protocol
May 14, 2025 12:42:18 PM org.atmosphere.cpr.AtmosphereFramework newAInterceptor
INFO: 	org.atmosphere.interceptor.WebSocketMessageSuspendInterceptor : org.atmosphere.interceptor.WebSocketMessageSuspendInterceptor
May 14, 2025 12:42:18 PM org.atmosphere.cpr.AtmosphereFramework newAInterceptor
INFO: 	org.atmosphere.interceptor.OnDisconnectInterceptor : Browser disconnection detection
May 14, 2025 12:42:18 PM org.atmosphere.cpr.AtmosphereFramework newAInterceptor
INFO: 	org.atmosphere.interceptor.IdleResourceInterceptor : org.atmosphere.interceptor.IdleResourceInterceptor
May 14, 2025 12:42:18 PM org.atmosphere.cpr.AtmosphereFramework configureAtmosphereInterceptor
INFO: Set org.atmosphere.cpr.AtmosphereInterceptor.disableDefaults to disable them.
May 14, 2025 12:42:18 PM org.atmosphere.cpr.AtmosphereFramework info
INFO: Using EndpointMapper class org.atmosphere.util.DefaultEndpointMapper
May 14, 2025 12:42:18 PM org.atmosphere.cpr.AtmosphereFramework info
INFO: Using BroadcasterCache: org.atmosphere.cache.UUIDBroadcasterCache
May 14, 2025 12:42:18 PM org.atmosphere.cpr.AtmosphereFramework info
INFO: Default Broadcaster Class: org.atmosphere.cpr.DefaultBroadcaster
May 14, 2025 12:42:18 PM org.atmosphere.cpr.AtmosphereFramework info
INFO: Broadcaster Polling Wait Time 100
May 14, 2025 12:42:18 PM org.atmosphere.cpr.AtmosphereFramework info
INFO: Shared ExecutorService supported: true
May 14, 2025 12:42:18 PM org.atmosphere.cpr.AtmosphereFramework info
INFO: Messaging Thread Pool Size: Unlimited
May 14, 2025 12:42:18 PM org.atmosphere.cpr.AtmosphereFramework info
INFO: Async I/O Thread Pool Size: 200
May 14, 2025 12:42:18 PM org.atmosphere.cpr.AtmosphereFramework info
INFO: Using BroadcasterFactory: org.atmosphere.cpr.DefaultBroadcasterFactory
May 14, 2025 12:42:18 PM org.atmosphere.cpr.AtmosphereFramework info
INFO: Using WebSocketProcessor: org.atmosphere.websocket.DefaultWebSocketProcessor
May 14, 2025 12:42:18 PM org.atmosphere.cpr.AtmosphereFramework info
INFO: Invoke AtmosphereInterceptor on WebSocket message true
May 14, 2025 12:42:18 PM org.atmosphere.cpr.AtmosphereFramework info
INFO: HttpSession supported: true
May 14, 2025 12:42:18 PM org.atmosphere.cpr.AtmosphereFramework info
INFO: Atmosphere is using DefaultAtmosphereObjectFactory for dependency injection and object creation
May 14, 2025 12:42:18 PM org.atmosphere.cpr.AtmosphereFramework info
INFO: Atmosphere is using async support: org.atmosphere.container.JSR356AsyncSupport running under container: Apache Tomcat/10.1.39 using jakarta.servlet/3.0 and jsr356/WebSocket API
May 14, 2025 12:42:18 PM org.atmosphere.cpr.AtmosphereFramework info
INFO: Atmosphere Framework 2.2.13.vaadin1 started.
May 14, 2025 12:42:18 PM org.atmosphere.cpr.AtmosphereFramework interceptor
INFO: Installed AtmosphereInterceptor  Track Message Size Interceptor using | with priority BEFORE_DEFAULT 
14-May-2025 12:42:18.759 INFO [main] org.apache.catalina.startup.HostConfig.deployWAR Deployment of web application archive [/home/radu/TAK-Server/src/oidf-server/tomcat/webapps/oidc-client.war] has finished in [873] ms
14-May-2025 12:42:18.760 INFO [main] org.apache.catalina.startup.HostConfig.deployWAR Deploying web application archive [/home/radu/TAK-Server/src/oidf-server/tomcat/webapps/c2id-logout.war]
14-May-2025 12:42:18.904 INFO [main] org.apache.jasper.servlet.TldScanner.scanJars At least one JAR was scanned for TLDs yet contained no TLDs. Enable debug logging for this logger for a complete list of JARs that were scanned but no TLDs were found in them. Skipping unneeded JARs during scanning can improve startup time and JSP compilation time.
14-May-2025 12:42:18.914 INFO [main] org.apache.catalina.startup.HostConfig.deployWAR Deployment of web application archive [/home/radu/TAK-Server/src/oidf-server/tomcat/webapps/c2id-logout.war] has finished in [154] ms
14-May-2025 12:42:18.915 INFO [main] org.apache.catalina.startup.HostConfig.deployWAR Deploying web application archive [/home/radu/TAK-Server/src/oidf-server/tomcat/webapps/c2id.war]
14-May-2025 12:42:23.992 INFO [main] org.apache.jasper.servlet.TldScanner.scanJars At least one JAR was scanned for TLDs yet contained no TLDs. Enable debug logging for this logger for a complete list of JARs that were scanned but no TLDs were found in them. Skipping unneeded JARs during scanning can improve startup time and JSP compilation time.
SLF4J(W): No SLF4J providers were found.
SLF4J(W): Defaulting to no-operation (NOP) logger implementation
SLF4J(W): See https://www.slf4j.org/codes.html#noProviders for further details.
SLF4J(W): Class path contains SLF4J bindings targeting slf4j-api versions 1.7.x or earlier.
SLF4J(W): Ignoring binding found at [jar:file:/home/radu/TAK-Server/src/oidf-server/tomcat/webapps/c2id/WEB-INF/lib/log4j-slf4j-impl-2.24.2.jar!/org/slf4j/impl/StaticLoggerBinder.class]
SLF4J(W): See https://www.slf4j.org/codes.html#ignoredBindings for an explanation.
14-May-2025 12:42:29.527 WARNING [main] org.glassfish.jersey.message.internal.MessagingBinders$EnabledProvidersBinder.bindToBinder A class jakarta.activation.DataSource for a default provider MessageBodyWriter<jakarta.activation.DataSource> was not found. The provider is not available.
14-May-2025 12:42:29.550 WARNING [main] org.glassfish.jersey.server.wadl.WadlFeature.configure JAX-B API not found . WADL feature is disabled.
14-May-2025 12:42:29.631 WARNING [main] org.glassfish.jersey.internal.inject.Providers.checkProviderRuntime A provider com.nimbusds.openid.connect.provider.sts.STSEndpoint registered in SERVER runtime does not implement any provider interfaces applicable in the SERVER runtime. Due to constraint configuration problems the provider com.nimbusds.openid.connect.provider.sts.STSEndpoint will be ignored. 
14-May-2025 12:42:29.761 WARNING [main] org.glassfish.jersey.server.wadl.WadlFeature.configure JAX-B API not found . WADL feature is disabled.
14-May-2025 12:42:29.770 WARNING [main] org.glassfish.jersey.internal.inject.Providers.checkProviderRuntime A provider com.nimbusds.authzstore.rest.WebAPI registered in SERVER runtime does not implement any provider interfaces applicable in the SERVER runtime. Due to constraint configuration problems the provider com.nimbusds.authzstore.rest.WebAPI will be ignored. 
14-May-2025 12:42:29.849 WARNING [main] org.glassfish.jersey.server.wadl.WadlFeature.configure JAX-B API not found . WADL feature is disabled.
14-May-2025 12:42:29.852 WARNING [main] org.glassfish.jersey.internal.inject.Providers.checkProviderRuntime A provider com.nimbusds.openid.connect.provider.ciba.sessions.CIBASessionsEndpoint registered in SERVER runtime does not implement any provider interfaces applicable in the SERVER runtime. Due to constraint configuration problems the provider com.nimbusds.openid.connect.provider.ciba.sessions.CIBASessionsEndpoint will be ignored. 
14-May-2025 12:42:29.881 WARNING [main] org.glassfish.jersey.server.wadl.WadlFeature.configure JAX-B API not found . WADL feature is disabled.
14-May-2025 12:42:29.883 WARNING [main] org.glassfish.jersey.internal.inject.Providers.checkProviderRuntime A provider com.nimbusds.openid.connect.provider.checksession.CheckSessionBackendEndpoint registered in SERVER runtime does not implement any provider interfaces applicable in the SERVER runtime. Due to constraint configuration problems the provider com.nimbusds.openid.connect.provider.checksession.CheckSessionBackendEndpoint will be ignored. 
14-May-2025 12:42:29.917 WARNING [main] org.glassfish.jersey.server.wadl.WadlFeature.configure JAX-B API not found . WADL feature is disabled.
14-May-2025 12:42:29.983 WARNING [main] org.glassfish.jersey.server.wadl.WadlFeature.configure JAX-B API not found . WADL feature is disabled.
14-May-2025 12:42:29.991 WARNING [main] org.glassfish.jersey.internal.inject.Providers.checkProviderRuntime A provider com.nimbusds.sessionstore.rest.WebAPI registered in SERVER runtime does not implement any provider interfaces applicable in the SERVER runtime. Due to constraint configuration problems the provider com.nimbusds.sessionstore.rest.WebAPI will be ignored. 
14-May-2025 12:42:30.043 WARNING [main] org.glassfish.jersey.server.wadl.WadlFeature.configure JAX-B API not found . WADL feature is disabled.
14-May-2025 12:42:30.049 WARNING [main] org.glassfish.jersey.internal.inject.Providers.checkProviderRuntime A provider com.nimbusds.openid.connect.provider.authz.AuthorizationSessionEndpoint registered in SERVER runtime does not implement any provider interfaces applicable in the SERVER runtime. Due to constraint configuration problems the provider com.nimbusds.openid.connect.provider.authz.AuthorizationSessionEndpoint will be ignored. 
14-May-2025 12:42:30.083 WARNING [main] org.glassfish.jersey.server.wadl.WadlFeature.configure JAX-B API not found . WADL feature is disabled.
14-May-2025 12:42:30.085 WARNING [main] org.glassfish.jersey.internal.inject.Providers.checkProviderRuntime A provider com.nimbusds.openid.connect.provider.config.ConfigurationEndpoint registered in SERVER runtime does not implement any provider interfaces applicable in the SERVER runtime. Due to constraint configuration problems the provider com.nimbusds.openid.connect.provider.config.ConfigurationEndpoint will be ignored. 
14-May-2025 12:42:30.109 WARNING [main] org.glassfish.jersey.server.wadl.WadlFeature.configure JAX-B API not found . WADL feature is disabled.
14-May-2025 12:42:30.112 WARNING [main] org.glassfish.jersey.internal.inject.Providers.checkProviderRuntime A provider com.nimbusds.openid.connect.provider.authz.DirectAuthorizationEndpoint registered in SERVER runtime does not implement any provider interfaces applicable in the SERVER runtime. Due to constraint configuration problems the provider com.nimbusds.openid.connect.provider.authz.DirectAuthorizationEndpoint will be ignored. 
14-May-2025 12:42:30.135 WARNING [main] org.glassfish.jersey.server.wadl.WadlFeature.configure JAX-B API not found . WADL feature is disabled.
14-May-2025 12:42:30.139 WARNING [main] org.glassfish.jersey.internal.inject.Providers.checkProviderRuntime A provider com.nimbusds.openid.connect.provider.logout.endpoint.LogoutSessionEndpoint registered in SERVER runtime does not implement any provider interfaces applicable in the SERVER runtime. Due to constraint configuration problems the provider com.nimbusds.openid.connect.provider.logout.endpoint.LogoutSessionEndpoint will be ignored. 
14-May-2025 12:42:30.270 INFO [main] org.apache.catalina.startup.HostConfig.deployWAR Deployment of web application archive [/home/radu/TAK-Server/src/oidf-server/tomcat/webapps/c2id.war] has finished in [11,355] ms
14-May-2025 12:42:30.271 INFO [main] org.apache.catalina.startup.HostConfig.deployDirectory Deploying web application directory [/home/radu/TAK-Server/src/oidf-server/tomcat/webapps/manager]
14-May-2025 12:42:30.304 INFO [main] org.apache.catalina.startup.HostConfig.deployDirectory Deployment of web application directory [/home/radu/TAK-Server/src/oidf-server/tomcat/webapps/manager] has finished in [33] ms
14-May-2025 12:42:30.304 INFO [main] org.apache.catalina.startup.HostConfig.deployDirectory Deploying web application directory [/home/radu/TAK-Server/src/oidf-server/tomcat/webapps/ROOT]
14-May-2025 12:42:30.317 INFO [main] org.apache.catalina.startup.HostConfig.deployDirectory Deployment of web application directory [/home/radu/TAK-Server/src/oidf-server/tomcat/webapps/ROOT] has finished in [12] ms
14-May-2025 12:42:30.317 INFO [main] org.apache.catalina.startup.HostConfig.deployDirectory Deploying web application directory [/home/radu/TAK-Server/src/oidf-server/tomcat/webapps/host-manager]
14-May-2025 12:42:30.335 INFO [main] org.apache.catalina.startup.HostConfig.deployDirectory Deployment of web application directory [/home/radu/TAK-Server/src/oidf-server/tomcat/webapps/host-manager] has finished in [18] ms
14-May-2025 12:42:30.340 INFO [main] org.apache.coyote.AbstractProtocol.start Starting ProtocolHandler ["http-nio-8080"]
14-May-2025 12:42:30.351 INFO [main] org.apache.catalina.startup.Catalina.start Server startup in [17584] milliseconds
14-May-2025 12:42:30.354 SEVERE [main] org.apache.catalina.core.StandardServer.await Failed to create server shutdown socket on address [localhost] and port [8005] (base port [8005] and offset [0])
	java.net.BindException: Address already in use
		at java.base/sun.nio.ch.Net.bind0(Native Method)
		at java.base/sun.nio.ch.Net.bind(Net.java:555)
		at java.base/sun.nio.ch.Net.bind(Net.java:544)
		at java.base/sun.nio.ch.NioSocketImpl.bind(NioSocketImpl.java:648)
		at java.base/java.net.ServerSocket.bind(ServerSocket.java:388)
		at java.base/java.net.ServerSocket.<init>(ServerSocket.java:274)
		at org.apache.catalina.core.StandardServer.await(StandardServer.java:533)
		at org.apache.catalina.startup.Catalina.await(Catalina.java:851)
		at org.apache.catalina.startup.Catalina.start(Catalina.java:799)
		at java.base/jdk.internal.reflect.NativeMethodAccessorImpl.invoke0(Native Method)
		at java.base/jdk.internal.reflect.NativeMethodAccessorImpl.invoke(NativeMethodAccessorImpl.java:77)
		at java.base/jdk.internal.reflect.DelegatingMethodAccessorImpl.invoke(DelegatingMethodAccessorImpl.java:43)
		at java.base/java.lang.reflect.Method.invoke(Method.java:569)
		at org.apache.catalina.startup.Bootstrap.start(Bootstrap.java:345)
		at org.apache.catalina.startup.Bootstrap.main(Bootstrap.java:473)
14-May-2025 12:42:30.354 INFO [main] org.apache.coyote.AbstractProtocol.pause Pausing ProtocolHandler ["http-nio-8080"]
14-May-2025 12:42:30.360 INFO [main] org.apache.catalina.core.StandardService.stopInternal Stopping service [Catalina]
[CM8005] Stopping Infinispan...
[CM8015] Stopped Infinispan cache clients.remoteRequestJWTClaimsCache in 3 ms
[CM8015] Stopped Infinispan cache op.loginHintTokenMap in 7 ms
[CM8015] Stopped Infinispan cache op.dPoPJTICache in 7 ms
[CM8015] Stopped Infinispan cache keyStore.jwkSetMap in 416 ms
[CM8015] Stopped Infinispan cache sessionStore.sessionMap in 428 ms
[CM8015] Stopped Infinispan cache federation.registrationsMap in 429 ms
[CM8015] Stopped Infinispan cache op.authSessionMap in 429 ms
[CM8015] Stopped Infinispan cache authzStore.revocationJournalMap in 430 ms
[CM8015] Stopped Infinispan cache clients.registrationsMap in 430 ms
[CM8015] Stopped Infinispan cache authzStore.expendedTokenMap in 430 ms
[CM8015] Stopped Infinispan cache clients.remoteJWKSetCache in 431 ms
[CM8015] Stopped Infinispan cache authzStore.codeMap in 431 ms
[CM8015] Stopped Infinispan cache authzStore.longLivedAuthzMap in 431 ms
[CM8015] Stopped Infinispan cache keyStore.jwkSetHistoryMap in 432 ms
[CM8015] Stopped Infinispan cache authzStore.idAccessTokenMap in 432 ms
[CM8015] Stopped Infinispan cache op.consentSessionMap in 433 ms
[CM8015] Stopped Infinispan cache sessionStore.subjectMap in 434 ms
[CM8015] Stopped Infinispan cache org.infinispan.CONFIG in 434 ms
14-May-2025 12:42:30.911 WARNING [main] org.apache.catalina.loader.WebappClassLoaderBase.clearReferencesThreads The web application [c2id] appears to have started a thread named [RxCachedWorkerPoolEvictor-1] but has failed to stop it. This is very likely to create a memory leak. Stack trace of thread:
 java.base@17.0.15/jdk.internal.misc.Unsafe.park(Native Method)
 java.base@17.0.15/java.util.concurrent.locks.LockSupport.parkNanos(LockSupport.java:252)
 java.base@17.0.15/java.util.concurrent.locks.AbstractQueuedSynchronizer$ConditionObject.awaitNanos(AbstractQueuedSynchronizer.java:1679)
 java.base@17.0.15/java.util.concurrent.ScheduledThreadPoolExecutor$DelayedWorkQueue.take(ScheduledThreadPoolExecutor.java:1182)
 java.base@17.0.15/java.util.concurrent.ScheduledThreadPoolExecutor$DelayedWorkQueue.take(ScheduledThreadPoolExecutor.java:899)
 java.base@17.0.15/java.util.concurrent.ThreadPoolExecutor.getTask(ThreadPoolExecutor.java:1062)
 java.base@17.0.15/java.util.concurrent.ThreadPoolExecutor.runWorker(ThreadPoolExecutor.java:1122)
 java.base@17.0.15/java.util.concurrent.ThreadPoolExecutor$Worker.run(ThreadPoolExecutor.java:635)
 java.base@17.0.15/java.lang.Thread.run(Thread.java:840)
14-May-2025 12:42:30.911 WARNING [main] org.apache.catalina.loader.WebappClassLoaderBase.clearReferencesThreads The web application [c2id] appears to have started a thread named [HttpClient-1-SelectorManager] but has failed to stop it. This is very likely to create a memory leak. Stack trace of thread:
 java.base@17.0.15/sun.nio.ch.EPoll.wait(Native Method)
 java.base@17.0.15/sun.nio.ch.EPollSelectorImpl.doSelect(EPollSelectorImpl.java:118)
 java.base@17.0.15/sun.nio.ch.SelectorImpl.lockAndDoSelect(SelectorImpl.java:129)
 java.base@17.0.15/sun.nio.ch.SelectorImpl.select(SelectorImpl.java:141)
 platform/java.net.http@17.0.15/jdk.internal.net.http.HttpClientImpl$SelectorManager.run(HttpClientImpl.java:894)
14-May-2025 12:42:30.932 INFO [main] org.apache.coyote.AbstractProtocol.stop Stopping ProtocolHandler ["http-nio-8080"]
14-May-2025 12:42:30.940 INFO [main] org.apache.coyote.AbstractProtocol.destroy Destroying ProtocolHandler ["http-nio-8080"]
14-May-2025 12:44:50.310 INFO [main] org.apache.catalina.core.StandardServer.await A valid shutdown command was received via the shutdown port. Stopping the Server instance.
14-May-2025 12:44:50.310 INFO [main] org.apache.coyote.AbstractProtocol.pause Pausing ProtocolHandler ["http-nio-8080"]
14-May-2025 12:44:50.310 INFO [main] org.apache.catalina.core.StandardService.stopInternal Stopping service [Catalina]
14-May-2025 12:44:50.339 INFO [main] org.apache.coyote.AbstractProtocol.stop Stopping ProtocolHandler ["http-nio-8080"]
14-May-2025 12:44:50.340 INFO [main] org.apache.coyote.AbstractProtocol.destroy Destroying ProtocolHandler ["http-nio-8080"]
14-May-2025 12:45:01.057 INFO [main] org.apache.catalina.startup.VersionLoggerListener.log Server version name:   Apache Tomcat/10.1.39
14-May-2025 12:45:01.061 INFO [main] org.apache.catalina.startup.VersionLoggerListener.log Server built:          Mar 4 2025 19:02:32 UTC
14-May-2025 12:45:01.061 INFO [main] org.apache.catalina.startup.VersionLoggerListener.log Server version number: 10.1.39.0
14-May-2025 12:45:01.062 INFO [main] org.apache.catalina.startup.VersionLoggerListener.log OS Name:               Linux
14-May-2025 12:45:01.062 INFO [main] org.apache.catalina.startup.VersionLoggerListener.log OS Version:            6.8.0-59-generic
14-May-2025 12:45:01.062 INFO [main] org.apache.catalina.startup.VersionLoggerListener.log Architecture:          amd64
14-May-2025 12:45:01.062 INFO [main] org.apache.catalina.startup.VersionLoggerListener.log Java Home:             /usr/lib/jvm/java-17-openjdk-amd64
14-May-2025 12:45:01.062 INFO [main] org.apache.catalina.startup.VersionLoggerListener.log JVM Version:           17.0.15+6-Ubuntu-0ubuntu122.04
14-May-2025 12:45:01.062 INFO [main] org.apache.catalina.startup.VersionLoggerListener.log JVM Vendor:            Ubuntu
14-May-2025 12:45:01.062 INFO [main] org.apache.catalina.startup.VersionLoggerListener.log CATALINA_BASE:         /home/radu/TAK-Server/src/oidf-server/tomcat
14-May-2025 12:45:01.062 INFO [main] org.apache.catalina.startup.VersionLoggerListener.log CATALINA_HOME:         /home/radu/TAK-Server/src/oidf-server/tomcat
14-May-2025 12:45:01.064 INFO [main] org.apache.catalina.core.AprLifecycleListener.lifecycleEvent The Apache Tomcat Native library which allows using OpenSSL was not found on the java.library.path: [/home/radu/opt/lib::/usr/java/packages/lib:/usr/lib/x86_64-linux-gnu/jni:/lib/x86_64-linux-gnu:/usr/lib/x86_64-linux-gnu:/usr/lib/jni:/lib:/usr/lib]
14-May-2025 12:45:01.353 INFO [main] org.apache.coyote.AbstractProtocol.init Initializing ProtocolHandler ["http-nio-8080"]
14-May-2025 12:45:01.376 INFO [main] org.apache.catalina.startup.Catalina.load Server initialization in [481] milliseconds
14-May-2025 12:45:01.420 INFO [main] org.apache.catalina.core.StandardService.startInternal Starting service [Catalina]
14-May-2025 12:45:01.420 INFO [main] org.apache.catalina.core.StandardEngine.startInternal Starting Servlet engine: [Apache Tomcat/10.1.39]
14-May-2025 12:45:01.435 INFO [main] org.apache.catalina.startup.HostConfig.deployWAR Deploying web application archive [/home/radu/TAK-Server/src/oidf-server/tomcat/webapps/ldapauth.war]
14-May-2025 12:45:01.828 INFO [main] org.apache.jasper.servlet.TldScanner.scanJars At least one JAR was scanned for TLDs yet contained no TLDs. Enable debug logging for this logger for a complete list of JARs that were scanned but no TLDs were found in them. Skipping unneeded JARs during scanning can improve startup time and JSP compilation time.
14-May-2025 12:45:02.613 INFO [main] org.apache.catalina.startup.HostConfig.deployWAR Deployment of web application archive [/home/radu/TAK-Server/src/oidf-server/tomcat/webapps/ldapauth.war] has finished in [1,177] ms
14-May-2025 12:45:02.616 INFO [main] org.apache.catalina.startup.HostConfig.deployWAR Deploying web application archive [/home/radu/TAK-Server/src/oidf-server/tomcat/webapps/password-grant-handler.war]
14-May-2025 12:45:02.818 INFO [main] org.apache.jasper.servlet.TldScanner.scanJars At least one JAR was scanned for TLDs yet contained no TLDs. Enable debug logging for this logger for a complete list of JARs that were scanned but no TLDs were found in them. Skipping unneeded JARs during scanning can improve startup time and JSP compilation time.
14-May-2025 12:45:03.093 INFO [main] org.apache.catalina.startup.HostConfig.deployWAR Deployment of web application archive [/home/radu/TAK-Server/src/oidf-server/tomcat/webapps/password-grant-handler.war] has finished in [476] ms
14-May-2025 12:45:03.094 INFO [main] org.apache.catalina.startup.HostConfig.deployWAR Deploying web application archive [/home/radu/TAK-Server/src/oidf-server/tomcat/webapps/c2id-login.war]
14-May-2025 12:45:04.119 INFO [main] org.apache.jasper.servlet.TldScanner.scanJars At least one JAR was scanned for TLDs yet contained no TLDs. Enable debug logging for this logger for a complete list of JARs that were scanned but no TLDs were found in them. Skipping unneeded JARs during scanning can improve startup time and JSP compilation time.

                                  _   ___  _     _
                                 | | |__ \(_)   | |
   ___ ___  _ __  _ __   ___  ___| |_   ) )_  __| |
  / __/ _ \| '_ \| '_ \ / _ \/ __| __| / /| |/ _` |
 | (_| (_) | | | | | | |  __/ (__| |_ / /_| | (_| |
  \___\___/|_| |_|_| |_|\___|\___|\__|____|_|\__,_|  Login  (v3.4.5-migrated-1.0.9)

2025-05-14 12:45:05.049  INFO 252087 --- [           main] com.nimbusds.login.C2idLogin             : Starting C2idLogin v3.4.5-migrated-1.0.9 using Java 17.0.15 on lenss-10 with PID 252087 (/home/radu/TAK-Server/src/oidf-server/tomcat/webapps/c2id-login/WEB-INF/classes started by radu in /home/radu/TAK-Server/src/oidf-server/tomcat/bin)
2025-05-14 12:45:05.053  INFO 252087 --- [           main] com.nimbusds.login.C2idLogin             : The following profiles are active: prod
2025-05-14 12:45:06.770  INFO 252087 --- [           main] com.nimbusds.login.C2idLogin             : Started C2idLogin in 2.427 seconds (JVM running for 6.072)
14-May-2025 12:45:06.782 INFO [main] org.apache.catalina.startup.HostConfig.deployWAR Deployment of web application archive [/home/radu/TAK-Server/src/oidf-server/tomcat/webapps/c2id-login.war] has finished in [3,688] ms
14-May-2025 12:45:06.783 INFO [main] org.apache.catalina.startup.HostConfig.deployWAR Deploying web application archive [/home/radu/TAK-Server/src/oidf-server/tomcat/webapps/oidc-client.war]
May 14, 2025 12:45:07 PM org.apache.jasper.servlet.TldScanner scanJars
INFO: At least one JAR was scanned for TLDs yet contained no TLDs. Enable debug logging for this logger for a complete list of JARs that were scanned but no TLDs were found in them. Skipping unneeded JARs during scanning can improve startup time and JSP compilation time.
May 14, 2025 12:45:07 PM org.apache.catalina.core.ApplicationContext log
INFO: Initializing AtmosphereFramework
May 14, 2025 12:45:07 PM org.atmosphere.cpr.AtmosphereFramework addAtmosphereHandler
INFO: Installed AtmosphereHandler com.vaadin.server.communication.PushAtmosphereHandler mapped to context-path: /*
May 14, 2025 12:45:07 PM org.atmosphere.cpr.AtmosphereFramework addAtmosphereHandler
INFO: Installed the following AtmosphereInterceptor mapped to AtmosphereHandler com.vaadin.server.communication.PushAtmosphereHandler
May 14, 2025 12:45:07 PM org.atmosphere.util.IOUtils readServiceFile
INFO: META-INF/services/org.atmosphere.cpr.AtmosphereFramework not found in class loader
May 14, 2025 12:45:07 PM org.atmosphere.cpr.AtmosphereFramework autoConfigureService
INFO: Atmosphere is using org.atmosphere.util.VoidAnnotationProcessor for processing annotation
May 14, 2025 12:45:07 PM org.atmosphere.cpr.AtmosphereFramework initWebSocket
INFO: Installed WebSocketProtocol org.atmosphere.websocket.protocol.SimpleHttpProtocol 
May 14, 2025 12:45:07 PM org.atmosphere.container.JSR356AsyncSupport <init>
INFO: JSR 356 Mapping path /cb
May 14, 2025 12:45:07 PM org.atmosphere.cpr.AtmosphereFramework configureAtmosphereInterceptor
INFO: Installing Default AtmosphereInterceptors
May 14, 2025 12:45:07 PM org.atmosphere.cpr.AtmosphereFramework newAInterceptor
INFO: 	org.atmosphere.interceptor.CorsInterceptor : CORS Interceptor Support
May 14, 2025 12:45:07 PM org.atmosphere.cpr.AtmosphereFramework newAInterceptor
INFO: 	org.atmosphere.interceptor.CacheHeadersInterceptor : Default Response's Headers Interceptor
May 14, 2025 12:45:07 PM org.atmosphere.cpr.AtmosphereFramework newAInterceptor
INFO: 	org.atmosphere.interceptor.PaddingAtmosphereInterceptor : Browser Padding Interceptor Support
May 14, 2025 12:45:07 PM org.atmosphere.cpr.AtmosphereFramework newAInterceptor
INFO: 	org.atmosphere.interceptor.AndroidAtmosphereInterceptor : Android Interceptor Support
May 14, 2025 12:45:07 PM org.atmosphere.cpr.AtmosphereFramework configureAtmosphereInterceptor
INFO: Dropping Interceptor org.atmosphere.interceptor.HeartbeatInterceptor
May 14, 2025 12:45:07 PM org.atmosphere.cpr.AtmosphereFramework newAInterceptor
INFO: 	org.atmosphere.interceptor.SSEAtmosphereInterceptor : SSE Interceptor Support
May 14, 2025 12:45:07 PM org.atmosphere.cpr.AtmosphereFramework newAInterceptor
INFO: 	org.atmosphere.interceptor.JSONPAtmosphereInterceptor : JSONP Interceptor Support
May 14, 2025 12:45:07 PM org.atmosphere.cpr.AtmosphereFramework newAInterceptor
INFO: 	org.atmosphere.interceptor.JavaScriptProtocol : Atmosphere JavaScript Protocol
May 14, 2025 12:45:07 PM org.atmosphere.cpr.AtmosphereFramework newAInterceptor
INFO: 	org.atmosphere.interceptor.WebSocketMessageSuspendInterceptor : org.atmosphere.interceptor.WebSocketMessageSuspendInterceptor
May 14, 2025 12:45:07 PM org.atmosphere.cpr.AtmosphereFramework newAInterceptor
INFO: 	org.atmosphere.interceptor.OnDisconnectInterceptor : Browser disconnection detection
May 14, 2025 12:45:07 PM org.atmosphere.cpr.AtmosphereFramework newAInterceptor
INFO: 	org.atmosphere.interceptor.IdleResourceInterceptor : org.atmosphere.interceptor.IdleResourceInterceptor
May 14, 2025 12:45:07 PM org.atmosphere.cpr.AtmosphereFramework configureAtmosphereInterceptor
INFO: Set org.atmosphere.cpr.AtmosphereInterceptor.disableDefaults to disable them.
May 14, 2025 12:45:07 PM org.atmosphere.cpr.AtmosphereFramework info
INFO: Using EndpointMapper class org.atmosphere.util.DefaultEndpointMapper
May 14, 2025 12:45:07 PM org.atmosphere.cpr.AtmosphereFramework info
INFO: Using BroadcasterCache: org.atmosphere.cache.UUIDBroadcasterCache
May 14, 2025 12:45:07 PM org.atmosphere.cpr.AtmosphereFramework info
INFO: Default Broadcaster Class: org.atmosphere.cpr.DefaultBroadcaster
May 14, 2025 12:45:07 PM org.atmosphere.cpr.AtmosphereFramework info
INFO: Broadcaster Polling Wait Time 100
May 14, 2025 12:45:07 PM org.atmosphere.cpr.AtmosphereFramework info
INFO: Shared ExecutorService supported: true
May 14, 2025 12:45:07 PM org.atmosphere.cpr.AtmosphereFramework info
INFO: Messaging Thread Pool Size: Unlimited
May 14, 2025 12:45:07 PM org.atmosphere.cpr.AtmosphereFramework info
INFO: Async I/O Thread Pool Size: 200
May 14, 2025 12:45:07 PM org.atmosphere.cpr.AtmosphereFramework info
INFO: Using BroadcasterFactory: org.atmosphere.cpr.DefaultBroadcasterFactory
May 14, 2025 12:45:07 PM org.atmosphere.cpr.AtmosphereFramework info
INFO: Using WebSocketProcessor: org.atmosphere.websocket.DefaultWebSocketProcessor
May 14, 2025 12:45:07 PM org.atmosphere.cpr.AtmosphereFramework info
INFO: Invoke AtmosphereInterceptor on WebSocket message true
May 14, 2025 12:45:07 PM org.atmosphere.cpr.AtmosphereFramework info
INFO: HttpSession supported: true
May 14, 2025 12:45:07 PM org.atmosphere.cpr.AtmosphereFramework info
INFO: Atmosphere is using DefaultAtmosphereObjectFactory for dependency injection and object creation
May 14, 2025 12:45:07 PM org.atmosphere.cpr.AtmosphereFramework info
INFO: Atmosphere is using async support: org.atmosphere.container.JSR356AsyncSupport running under container: Apache Tomcat/10.1.39 using jakarta.servlet/3.0 and jsr356/WebSocket API
May 14, 2025 12:45:07 PM org.atmosphere.cpr.AtmosphereFramework info
INFO: Atmosphere Framework 2.2.13.vaadin1 started.
May 14, 2025 12:45:07 PM org.atmosphere.cpr.AtmosphereFramework interceptor
INFO: Installed AtmosphereInterceptor  Track Message Size Interceptor using | with priority BEFORE_DEFAULT 
May 14, 2025 12:45:07 PM org.atmosphere.cpr.AtmosphereFramework addAtmosphereHandler
INFO: Installed AtmosphereHandler com.vaadin.server.communication.PushAtmosphereHandler mapped to context-path: /*
May 14, 2025 12:45:07 PM org.atmosphere.cpr.AtmosphereFramework addAtmosphereHandler
INFO: Installed the following AtmosphereInterceptor mapped to AtmosphereHandler com.vaadin.server.communication.PushAtmosphereHandler
May 14, 2025 12:45:07 PM org.atmosphere.util.IOUtils readServiceFile
INFO: META-INF/services/org.atmosphere.cpr.AtmosphereFramework not found in class loader
May 14, 2025 12:45:07 PM org.atmosphere.cpr.AtmosphereFramework autoConfigureService
INFO: Atmosphere is using org.atmosphere.util.VoidAnnotationProcessor for processing annotation
May 14, 2025 12:45:07 PM org.atmosphere.cpr.AtmosphereFramework initWebSocket
INFO: Installed WebSocketProtocol org.atmosphere.websocket.protocol.SimpleHttpProtocol 
May 14, 2025 12:45:07 PM org.atmosphere.container.JSR356AsyncSupport <init>
INFO: JSR 356 Mapping path /{path}
May 14, 2025 12:45:07 PM org.atmosphere.cpr.AtmosphereFramework configureAtmosphereInterceptor
INFO: Installing Default AtmosphereInterceptors
May 14, 2025 12:45:07 PM org.atmosphere.cpr.AtmosphereFramework newAInterceptor
INFO: 	org.atmosphere.interceptor.CorsInterceptor : CORS Interceptor Support
May 14, 2025 12:45:07 PM org.atmosphere.cpr.AtmosphereFramework newAInterceptor
INFO: 	org.atmosphere.interceptor.CacheHeadersInterceptor : Default Response's Headers Interceptor
May 14, 2025 12:45:07 PM org.atmosphere.cpr.AtmosphereFramework newAInterceptor
INFO: 	org.atmosphere.interceptor.PaddingAtmosphereInterceptor : Browser Padding Interceptor Support
May 14, 2025 12:45:07 PM org.atmosphere.cpr.AtmosphereFramework newAInterceptor
INFO: 	org.atmosphere.interceptor.AndroidAtmosphereInterceptor : Android Interceptor Support
May 14, 2025 12:45:07 PM org.atmosphere.cpr.AtmosphereFramework configureAtmosphereInterceptor
INFO: Dropping Interceptor org.atmosphere.interceptor.HeartbeatInterceptor
May 14, 2025 12:45:07 PM org.atmosphere.cpr.AtmosphereFramework newAInterceptor
INFO: 	org.atmosphere.interceptor.SSEAtmosphereInterceptor : SSE Interceptor Support
May 14, 2025 12:45:07 PM org.atmosphere.cpr.AtmosphereFramework newAInterceptor
INFO: 	org.atmosphere.interceptor.JSONPAtmosphereInterceptor : JSONP Interceptor Support
May 14, 2025 12:45:07 PM org.atmosphere.cpr.AtmosphereFramework newAInterceptor
INFO: 	org.atmosphere.interceptor.JavaScriptProtocol : Atmosphere JavaScript Protocol
May 14, 2025 12:45:07 PM org.atmosphere.cpr.AtmosphereFramework newAInterceptor
INFO: 	org.atmosphere.interceptor.WebSocketMessageSuspendInterceptor : org.atmosphere.interceptor.WebSocketMessageSuspendInterceptor
May 14, 2025 12:45:07 PM org.atmosphere.cpr.AtmosphereFramework newAInterceptor
INFO: 	org.atmosphere.interceptor.OnDisconnectInterceptor : Browser disconnection detection
May 14, 2025 12:45:07 PM org.atmosphere.cpr.AtmosphereFramework newAInterceptor
INFO: 	org.atmosphere.interceptor.IdleResourceInterceptor : org.atmosphere.interceptor.IdleResourceInterceptor
May 14, 2025 12:45:07 PM org.atmosphere.cpr.AtmosphereFramework configureAtmosphereInterceptor
INFO: Set org.atmosphere.cpr.AtmosphereInterceptor.disableDefaults to disable them.
May 14, 2025 12:45:07 PM org.atmosphere.cpr.AtmosphereFramework info
INFO: Using EndpointMapper class org.atmosphere.util.DefaultEndpointMapper
May 14, 2025 12:45:07 PM org.atmosphere.cpr.AtmosphereFramework info
INFO: Using BroadcasterCache: org.atmosphere.cache.UUIDBroadcasterCache
May 14, 2025 12:45:07 PM org.atmosphere.cpr.AtmosphereFramework info
INFO: Default Broadcaster Class: org.atmosphere.cpr.DefaultBroadcaster
May 14, 2025 12:45:07 PM org.atmosphere.cpr.AtmosphereFramework info
INFO: Broadcaster Polling Wait Time 100
May 14, 2025 12:45:07 PM org.atmosphere.cpr.AtmosphereFramework info
INFO: Shared ExecutorService supported: true
May 14, 2025 12:45:07 PM org.atmosphere.cpr.AtmosphereFramework info
INFO: Messaging Thread Pool Size: Unlimited
May 14, 2025 12:45:07 PM org.atmosphere.cpr.AtmosphereFramework info
INFO: Async I/O Thread Pool Size: 200
May 14, 2025 12:45:07 PM org.atmosphere.cpr.AtmosphereFramework info
INFO: Using BroadcasterFactory: org.atmosphere.cpr.DefaultBroadcasterFactory
May 14, 2025 12:45:07 PM org.atmosphere.cpr.AtmosphereFramework info
INFO: Using WebSocketProcessor: org.atmosphere.websocket.DefaultWebSocketProcessor
May 14, 2025 12:45:07 PM org.atmosphere.cpr.AtmosphereFramework info
INFO: Invoke AtmosphereInterceptor on WebSocket message true
May 14, 2025 12:45:07 PM org.atmosphere.cpr.AtmosphereFramework info
INFO: HttpSession supported: true
May 14, 2025 12:45:07 PM org.atmosphere.cpr.AtmosphereFramework info
INFO: Atmosphere is using DefaultAtmosphereObjectFactory for dependency injection and object creation
May 14, 2025 12:45:07 PM org.atmosphere.cpr.AtmosphereFramework info
INFO: Atmosphere is using async support: org.atmosphere.container.JSR356AsyncSupport running under container: Apache Tomcat/10.1.39 using jakarta.servlet/3.0 and jsr356/WebSocket API
May 14, 2025 12:45:07 PM org.atmosphere.cpr.AtmosphereFramework info
INFO: Atmosphere Framework 2.2.13.vaadin1 started.
May 14, 2025 12:45:07 PM org.atmosphere.cpr.AtmosphereFramework interceptor
INFO: Installed AtmosphereInterceptor  Track Message Size Interceptor using | with priority BEFORE_DEFAULT 
14-May-2025 12:45:07.692 INFO [main] org.apache.catalina.startup.HostConfig.deployWAR Deployment of web application archive [/home/radu/TAK-Server/src/oidf-server/tomcat/webapps/oidc-client.war] has finished in [909] ms
14-May-2025 12:45:07.693 INFO [main] org.apache.catalina.startup.HostConfig.deployWAR Deploying web application archive [/home/radu/TAK-Server/src/oidf-server/tomcat/webapps/c2id-logout.war]
14-May-2025 12:45:07.846 INFO [main] org.apache.jasper.servlet.TldScanner.scanJars At least one JAR was scanned for TLDs yet contained no TLDs. Enable debug logging for this logger for a complete list of JARs that were scanned but no TLDs were found in them. Skipping unneeded JARs during scanning can improve startup time and JSP compilation time.
14-May-2025 12:45:07.855 INFO [main] org.apache.catalina.startup.HostConfig.deployWAR Deployment of web application archive [/home/radu/TAK-Server/src/oidf-server/tomcat/webapps/c2id-logout.war] has finished in [162] ms
14-May-2025 12:45:07.856 INFO [main] org.apache.catalina.startup.HostConfig.deployWAR Deploying web application archive [/home/radu/TAK-Server/src/oidf-server/tomcat/webapps/c2id.war]
14-May-2025 12:45:12.525 INFO [main] org.apache.jasper.servlet.TldScanner.scanJars At least one JAR was scanned for TLDs yet contained no TLDs. Enable debug logging for this logger for a complete list of JARs that were scanned but no TLDs were found in them. Skipping unneeded JARs during scanning can improve startup time and JSP compilation time.
SLF4J(W): No SLF4J providers were found.
SLF4J(W): Defaulting to no-operation (NOP) logger implementation
SLF4J(W): See https://www.slf4j.org/codes.html#noProviders for further details.
SLF4J(W): Class path contains SLF4J bindings targeting slf4j-api versions 1.7.x or earlier.
SLF4J(W): Ignoring binding found at [jar:file:/home/radu/TAK-Server/src/oidf-server/tomcat/webapps/c2id/WEB-INF/lib/log4j-slf4j-impl-2.24.2.jar!/org/slf4j/impl/StaticLoggerBinder.class]
SLF4J(W): See https://www.slf4j.org/codes.html#ignoredBindings for an explanation.
14-May-2025 12:45:17.680 WARNING [main] org.glassfish.jersey.message.internal.MessagingBinders$EnabledProvidersBinder.bindToBinder A class jakarta.activation.DataSource for a default provider MessageBodyWriter<jakarta.activation.DataSource> was not found. The provider is not available.
14-May-2025 12:45:17.715 WARNING [main] org.glassfish.jersey.server.wadl.WadlFeature.configure JAX-B API not found . WADL feature is disabled.
14-May-2025 12:45:17.831 WARNING [main] org.glassfish.jersey.internal.inject.Providers.checkProviderRuntime A provider com.nimbusds.openid.connect.provider.sts.STSEndpoint registered in SERVER runtime does not implement any provider interfaces applicable in the SERVER runtime. Due to constraint configuration problems the provider com.nimbusds.openid.connect.provider.sts.STSEndpoint will be ignored. 
14-May-2025 12:45:18.018 WARNING [main] org.glassfish.jersey.server.wadl.WadlFeature.configure JAX-B API not found . WADL feature is disabled.
14-May-2025 12:45:18.036 WARNING [main] org.glassfish.jersey.internal.inject.Providers.checkProviderRuntime A provider com.nimbusds.authzstore.rest.WebAPI registered in SERVER runtime does not implement any provider interfaces applicable in the SERVER runtime. Due to constraint configuration problems the provider com.nimbusds.authzstore.rest.WebAPI will be ignored. 
14-May-2025 12:45:18.122 WARNING [main] org.glassfish.jersey.server.wadl.WadlFeature.configure JAX-B API not found . WADL feature is disabled.
14-May-2025 12:45:18.125 WARNING [main] org.glassfish.jersey.internal.inject.Providers.checkProviderRuntime A provider com.nimbusds.openid.connect.provider.ciba.sessions.CIBASessionsEndpoint registered in SERVER runtime does not implement any provider interfaces applicable in the SERVER runtime. Due to constraint configuration problems the provider com.nimbusds.openid.connect.provider.ciba.sessions.CIBASessionsEndpoint will be ignored. 
14-May-2025 12:45:18.154 WARNING [main] org.glassfish.jersey.server.wadl.WadlFeature.configure JAX-B API not found . WADL feature is disabled.
14-May-2025 12:45:18.157 WARNING [main] org.glassfish.jersey.internal.inject.Providers.checkProviderRuntime A provider com.nimbusds.openid.connect.provider.checksession.CheckSessionBackendEndpoint registered in SERVER runtime does not implement any provider interfaces applicable in the SERVER runtime. Due to constraint configuration problems the provider com.nimbusds.openid.connect.provider.checksession.CheckSessionBackendEndpoint will be ignored. 
14-May-2025 12:45:18.190 WARNING [main] org.glassfish.jersey.server.wadl.WadlFeature.configure JAX-B API not found . WADL feature is disabled.
14-May-2025 12:45:18.268 WARNING [main] org.glassfish.jersey.server.wadl.WadlFeature.configure JAX-B API not found . WADL feature is disabled.
14-May-2025 12:45:18.277 WARNING [main] org.glassfish.jersey.internal.inject.Providers.checkProviderRuntime A provider com.nimbusds.sessionstore.rest.WebAPI registered in SERVER runtime does not implement any provider interfaces applicable in the SERVER runtime. Due to constraint configuration problems the provider com.nimbusds.sessionstore.rest.WebAPI will be ignored. 
14-May-2025 12:45:18.346 WARNING [main] org.glassfish.jersey.server.wadl.WadlFeature.configure JAX-B API not found . WADL feature is disabled.
14-May-2025 12:45:18.353 WARNING [main] org.glassfish.jersey.internal.inject.Providers.checkProviderRuntime A provider com.nimbusds.openid.connect.provider.authz.AuthorizationSessionEndpoint registered in SERVER runtime does not implement any provider interfaces applicable in the SERVER runtime. Due to constraint configuration problems the provider com.nimbusds.openid.connect.provider.authz.AuthorizationSessionEndpoint will be ignored. 
14-May-2025 12:45:18.398 WARNING [main] org.glassfish.jersey.server.wadl.WadlFeature.configure JAX-B API not found . WADL feature is disabled.
14-May-2025 12:45:18.403 WARNING [main] org.glassfish.jersey.internal.inject.Providers.checkProviderRuntime A provider com.nimbusds.openid.connect.provider.config.ConfigurationEndpoint registered in SERVER runtime does not implement any provider interfaces applicable in the SERVER runtime. Due to constraint configuration problems the provider com.nimbusds.openid.connect.provider.config.ConfigurationEndpoint will be ignored. 
14-May-2025 12:45:18.433 WARNING [main] org.glassfish.jersey.server.wadl.WadlFeature.configure JAX-B API not found . WADL feature is disabled.
14-May-2025 12:45:18.435 WARNING [main] org.glassfish.jersey.internal.inject.Providers.checkProviderRuntime A provider com.nimbusds.openid.connect.provider.authz.DirectAuthorizationEndpoint registered in SERVER runtime does not implement any provider interfaces applicable in the SERVER runtime. Due to constraint configuration problems the provider com.nimbusds.openid.connect.provider.authz.DirectAuthorizationEndpoint will be ignored. 
14-May-2025 12:45:18.465 WARNING [main] org.glassfish.jersey.server.wadl.WadlFeature.configure JAX-B API not found . WADL feature is disabled.
14-May-2025 12:45:18.468 WARNING [main] org.glassfish.jersey.internal.inject.Providers.checkProviderRuntime A provider com.nimbusds.openid.connect.provider.logout.endpoint.LogoutSessionEndpoint registered in SERVER runtime does not implement any provider interfaces applicable in the SERVER runtime. Due to constraint configuration problems the provider com.nimbusds.openid.connect.provider.logout.endpoint.LogoutSessionEndpoint will be ignored. 
14-May-2025 12:45:18.646 INFO [main] org.apache.catalina.startup.HostConfig.deployWAR Deployment of web application archive [/home/radu/TAK-Server/src/oidf-server/tomcat/webapps/c2id.war] has finished in [10,790] ms
14-May-2025 12:45:18.647 INFO [main] org.apache.catalina.startup.HostConfig.deployDirectory Deploying web application directory [/home/radu/TAK-Server/src/oidf-server/tomcat/webapps/manager]
14-May-2025 12:45:18.679 INFO [main] org.apache.catalina.startup.HostConfig.deployDirectory Deployment of web application directory [/home/radu/TAK-Server/src/oidf-server/tomcat/webapps/manager] has finished in [32] ms
14-May-2025 12:45:18.680 INFO [main] org.apache.catalina.startup.HostConfig.deployDirectory Deploying web application directory [/home/radu/TAK-Server/src/oidf-server/tomcat/webapps/ROOT]
14-May-2025 12:45:18.694 INFO [main] org.apache.catalina.startup.HostConfig.deployDirectory Deployment of web application directory [/home/radu/TAK-Server/src/oidf-server/tomcat/webapps/ROOT] has finished in [14] ms
14-May-2025 12:45:18.695 INFO [main] org.apache.catalina.startup.HostConfig.deployDirectory Deploying web application directory [/home/radu/TAK-Server/src/oidf-server/tomcat/webapps/host-manager]
14-May-2025 12:45:18.713 INFO [main] org.apache.catalina.startup.HostConfig.deployDirectory Deployment of web application directory [/home/radu/TAK-Server/src/oidf-server/tomcat/webapps/host-manager] has finished in [19] ms
14-May-2025 12:45:18.718 INFO [main] org.apache.coyote.AbstractProtocol.start Starting ProtocolHandler ["http-nio-8080"]
14-May-2025 12:45:18.733 INFO [main] org.apache.catalina.startup.Catalina.start Server startup in [17356] milliseconds
14-May-2025 12:45:36.326 INFO [main] org.apache.catalina.core.StandardServer.await A valid shutdown command was received via the shutdown port. Stopping the Server instance.
14-May-2025 12:45:36.327 INFO [main] org.apache.coyote.AbstractProtocol.pause Pausing ProtocolHandler ["http-nio-8080"]
14-May-2025 12:45:36.329 INFO [main] org.apache.catalina.core.StandardService.stopInternal Stopping service [Catalina]
[CM8005] Stopping Infinispan...
[CM8015] Stopped Infinispan cache clients.remoteRequestJWTClaimsCache in 4 ms
[CM8015] Stopped Infinispan cache op.loginHintTokenMap in 6 ms
[CM8015] Stopped Infinispan cache op.dPoPJTICache in 7 ms
[CM8015] Stopped Infinispan cache keyStore.jwkSetMap in 339 ms
[CM8015] Stopped Infinispan cache sessionStore.sessionMap in 351 ms
[CM8015] Stopped Infinispan cache federation.registrationsMap in 351 ms
[CM8015] Stopped Infinispan cache op.authSessionMap in 352 ms
[CM8015] Stopped Infinispan cache authzStore.revocationJournalMap in 352 ms
[CM8015] Stopped Infinispan cache clients.registrationsMap in 353 ms
[CM8015] Stopped Infinispan cache authzStore.expendedTokenMap in 353 ms
[CM8015] Stopped Infinispan cache clients.remoteJWKSetCache in 354 ms
[CM8015] Stopped Infinispan cache authzStore.codeMap in 354 ms
[CM8015] Stopped Infinispan cache authzStore.longLivedAuthzMap in 354 ms
[CM8015] Stopped Infinispan cache keyStore.jwkSetHistoryMap in 355 ms
[CM8015] Stopped Infinispan cache authzStore.idAccessTokenMap in 355 ms
[CM8015] Stopped Infinispan cache op.consentSessionMap in 356 ms
[CM8015] Stopped Infinispan cache sessionStore.subjectMap in 357 ms
[CM8015] Stopped Infinispan cache org.infinispan.CONFIG in 357 ms
14-May-2025 12:45:36.775 WARNING [main] org.apache.catalina.loader.WebappClassLoaderBase.clearReferencesThreads The web application [c2id] appears to have started a thread named [RxCachedWorkerPoolEvictor-1] but has failed to stop it. This is very likely to create a memory leak. Stack trace of thread:
 java.base@17.0.15/jdk.internal.misc.Unsafe.park(Native Method)
 java.base@17.0.15/java.util.concurrent.locks.LockSupport.parkNanos(LockSupport.java:252)
 java.base@17.0.15/java.util.concurrent.locks.AbstractQueuedSynchronizer$ConditionObject.awaitNanos(AbstractQueuedSynchronizer.java:1679)
 java.base@17.0.15/java.util.concurrent.ScheduledThreadPoolExecutor$DelayedWorkQueue.take(ScheduledThreadPoolExecutor.java:1182)
 java.base@17.0.15/java.util.concurrent.ScheduledThreadPoolExecutor$DelayedWorkQueue.take(ScheduledThreadPoolExecutor.java:899)
 java.base@17.0.15/java.util.concurrent.ThreadPoolExecutor.getTask(ThreadPoolExecutor.java:1062)
 java.base@17.0.15/java.util.concurrent.ThreadPoolExecutor.runWorker(ThreadPoolExecutor.java:1122)
 java.base@17.0.15/java.util.concurrent.ThreadPoolExecutor$Worker.run(ThreadPoolExecutor.java:635)
 java.base@17.0.15/java.lang.Thread.run(Thread.java:840)
14-May-2025 12:45:36.776 WARNING [main] org.apache.catalina.loader.WebappClassLoaderBase.clearReferencesThreads The web application [c2id] appears to have started a thread named [HttpClient-1-SelectorManager] but has failed to stop it. This is very likely to create a memory leak. Stack trace of thread:
 java.base@17.0.15/sun.nio.ch.EPoll.wait(Native Method)
 java.base@17.0.15/sun.nio.ch.EPollSelectorImpl.doSelect(EPollSelectorImpl.java:118)
 java.base@17.0.15/sun.nio.ch.SelectorImpl.lockAndDoSelect(SelectorImpl.java:129)
 java.base@17.0.15/sun.nio.ch.SelectorImpl.select(SelectorImpl.java:141)
 platform/java.net.http@17.0.15/jdk.internal.net.http.HttpClientImpl$SelectorManager.run(HttpClientImpl.java:894)
14-May-2025 12:45:36.794 INFO [main] org.apache.coyote.AbstractProtocol.stop Stopping ProtocolHandler ["http-nio-8080"]
14-May-2025 12:45:36.798 INFO [main] org.apache.coyote.AbstractProtocol.destroy Destroying ProtocolHandler ["http-nio-8080"]
14-May-2025 12:45:38.904 INFO [main] org.apache.catalina.startup.VersionLoggerListener.log Server version name:   Apache Tomcat/10.1.39
14-May-2025 12:45:38.909 INFO [main] org.apache.catalina.startup.VersionLoggerListener.log Server built:          Mar 4 2025 19:02:32 UTC
14-May-2025 12:45:38.909 INFO [main] org.apache.catalina.startup.VersionLoggerListener.log Server version number: 10.1.39.0
14-May-2025 12:45:38.909 INFO [main] org.apache.catalina.startup.VersionLoggerListener.log OS Name:               Linux
14-May-2025 12:45:38.909 INFO [main] org.apache.catalina.startup.VersionLoggerListener.log OS Version:            6.8.0-59-generic
14-May-2025 12:45:38.909 INFO [main] org.apache.catalina.startup.VersionLoggerListener.log Architecture:          amd64
14-May-2025 12:45:38.909 INFO [main] org.apache.catalina.startup.VersionLoggerListener.log Java Home:             /usr/lib/jvm/java-17-openjdk-amd64
14-May-2025 12:45:38.909 INFO [main] org.apache.catalina.startup.VersionLoggerListener.log JVM Version:           17.0.15+6-Ubuntu-0ubuntu122.04
14-May-2025 12:45:38.910 INFO [main] org.apache.catalina.startup.VersionLoggerListener.log JVM Vendor:            Ubuntu
14-May-2025 12:45:38.910 INFO [main] org.apache.catalina.startup.VersionLoggerListener.log CATALINA_BASE:         /home/radu/TAK-Server/src/oidf-server/tomcat
14-May-2025 12:45:38.910 INFO [main] org.apache.catalina.startup.VersionLoggerListener.log CATALINA_HOME:         /home/radu/TAK-Server/src/oidf-server/tomcat
14-May-2025 12:45:38.912 INFO [main] org.apache.catalina.core.AprLifecycleListener.lifecycleEvent The Apache Tomcat Native library which allows using OpenSSL was not found on the java.library.path: [/home/radu/opt/lib::/usr/java/packages/lib:/usr/lib/x86_64-linux-gnu/jni:/lib/x86_64-linux-gnu:/usr/lib/x86_64-linux-gnu:/usr/lib/jni:/lib:/usr/lib]
14-May-2025 12:45:39.195 INFO [main] org.apache.coyote.AbstractProtocol.init Initializing ProtocolHandler ["http-nio-8080"]
14-May-2025 12:45:39.219 INFO [main] org.apache.catalina.startup.Catalina.load Server initialization in [481] milliseconds
14-May-2025 12:45:39.261 INFO [main] org.apache.catalina.core.StandardService.startInternal Starting service [Catalina]
14-May-2025 12:45:39.261 INFO [main] org.apache.catalina.core.StandardEngine.startInternal Starting Servlet engine: [Apache Tomcat/10.1.39]
14-May-2025 12:45:39.275 INFO [main] org.apache.catalina.startup.HostConfig.deployWAR Deploying web application archive [/home/radu/TAK-Server/src/oidf-server/tomcat/webapps/ldapauth.war]
14-May-2025 12:45:39.637 INFO [main] org.apache.jasper.servlet.TldScanner.scanJars At least one JAR was scanned for TLDs yet contained no TLDs. Enable debug logging for this logger for a complete list of JARs that were scanned but no TLDs were found in them. Skipping unneeded JARs during scanning can improve startup time and JSP compilation time.
14-May-2025 12:45:40.307 INFO [main] org.apache.catalina.startup.HostConfig.deployWAR Deployment of web application archive [/home/radu/TAK-Server/src/oidf-server/tomcat/webapps/ldapauth.war] has finished in [1,032] ms
14-May-2025 12:45:40.308 INFO [main] org.apache.catalina.startup.HostConfig.deployWAR Deploying web application archive [/home/radu/TAK-Server/src/oidf-server/tomcat/webapps/password-grant-handler.war]
14-May-2025 12:45:40.533 INFO [main] org.apache.jasper.servlet.TldScanner.scanJars At least one JAR was scanned for TLDs yet contained no TLDs. Enable debug logging for this logger for a complete list of JARs that were scanned but no TLDs were found in them. Skipping unneeded JARs during scanning can improve startup time and JSP compilation time.
14-May-2025 12:45:40.794 INFO [main] org.apache.catalina.startup.HostConfig.deployWAR Deployment of web application archive [/home/radu/TAK-Server/src/oidf-server/tomcat/webapps/password-grant-handler.war] has finished in [486] ms
14-May-2025 12:45:40.794 INFO [main] org.apache.catalina.startup.HostConfig.deployWAR Deploying web application archive [/home/radu/TAK-Server/src/oidf-server/tomcat/webapps/c2id-login.war]
14-May-2025 12:45:42.385 INFO [main] org.apache.jasper.servlet.TldScanner.scanJars At least one JAR was scanned for TLDs yet contained no TLDs. Enable debug logging for this logger for a complete list of JARs that were scanned but no TLDs were found in them. Skipping unneeded JARs during scanning can improve startup time and JSP compilation time.

                                  _   ___  _     _
                                 | | |__ \(_)   | |
   ___ ___  _ __  _ __   ___  ___| |_   ) )_  __| |
  / __/ _ \| '_ \| '_ \ / _ \/ __| __| / /| |/ _` |
 | (_| (_) | | | | | | |  __/ (__| |_ / /_| | (_| |
  \___\___/|_| |_|_| |_|\___|\___|\__|____|_|\__,_|  Login  (v3.4.5-migrated-1.0.9)

2025-05-14 12:45:43.447  INFO 252338 --- [           main] com.nimbusds.login.C2idLogin             : Starting C2idLogin v3.4.5-migrated-1.0.9 using Java 17.0.15 on lenss-10 with PID 252338 (/home/radu/TAK-Server/src/oidf-server/tomcat/webapps/c2id-login/WEB-INF/classes started by radu in /home/radu/TAK-Server/src/oidf-server/tomcat/bin)
2025-05-14 12:45:43.450  INFO 252338 --- [           main] com.nimbusds.login.C2idLogin             : The following profiles are active: prod
2025-05-14 12:45:45.249  INFO 252338 --- [           main] com.nimbusds.login.C2idLogin             : Started C2idLogin in 2.473 seconds (JVM running for 6.705)
14-May-2025 12:45:45.260 INFO [main] org.apache.catalina.startup.HostConfig.deployWAR Deployment of web application archive [/home/radu/TAK-Server/src/oidf-server/tomcat/webapps/c2id-login.war] has finished in [4,466] ms
14-May-2025 12:45:45.261 INFO [main] org.apache.catalina.startup.HostConfig.deployWAR Deploying web application archive [/home/radu/TAK-Server/src/oidf-server/tomcat/webapps/oidc-client.war]
May 14, 2025 12:45:45 PM org.apache.jasper.servlet.TldScanner scanJars
INFO: At least one JAR was scanned for TLDs yet contained no TLDs. Enable debug logging for this logger for a complete list of JARs that were scanned but no TLDs were found in them. Skipping unneeded JARs during scanning can improve startup time and JSP compilation time.
May 14, 2025 12:45:46 PM org.apache.catalina.core.ApplicationContext log
INFO: Initializing AtmosphereFramework
May 14, 2025 12:45:46 PM org.atmosphere.cpr.AtmosphereFramework addAtmosphereHandler
INFO: Installed AtmosphereHandler com.vaadin.server.communication.PushAtmosphereHandler mapped to context-path: /*
May 14, 2025 12:45:46 PM org.atmosphere.cpr.AtmosphereFramework addAtmosphereHandler
INFO: Installed the following AtmosphereInterceptor mapped to AtmosphereHandler com.vaadin.server.communication.PushAtmosphereHandler
May 14, 2025 12:45:46 PM org.atmosphere.util.IOUtils readServiceFile
INFO: META-INF/services/org.atmosphere.cpr.AtmosphereFramework not found in class loader
May 14, 2025 12:45:46 PM org.atmosphere.cpr.AtmosphereFramework autoConfigureService
INFO: Atmosphere is using org.atmosphere.util.VoidAnnotationProcessor for processing annotation
May 14, 2025 12:45:46 PM org.atmosphere.cpr.AtmosphereFramework initWebSocket
INFO: Installed WebSocketProtocol org.atmosphere.websocket.protocol.SimpleHttpProtocol 
May 14, 2025 12:45:46 PM org.atmosphere.container.JSR356AsyncSupport <init>
INFO: JSR 356 Mapping path /cb
May 14, 2025 12:45:46 PM org.atmosphere.cpr.AtmosphereFramework configureAtmosphereInterceptor
INFO: Installing Default AtmosphereInterceptors
May 14, 2025 12:45:46 PM org.atmosphere.cpr.AtmosphereFramework newAInterceptor
INFO: 	org.atmosphere.interceptor.CorsInterceptor : CORS Interceptor Support
May 14, 2025 12:45:46 PM org.atmosphere.cpr.AtmosphereFramework newAInterceptor
INFO: 	org.atmosphere.interceptor.CacheHeadersInterceptor : Default Response's Headers Interceptor
May 14, 2025 12:45:46 PM org.atmosphere.cpr.AtmosphereFramework newAInterceptor
INFO: 	org.atmosphere.interceptor.PaddingAtmosphereInterceptor : Browser Padding Interceptor Support
May 14, 2025 12:45:46 PM org.atmosphere.cpr.AtmosphereFramework newAInterceptor
INFO: 	org.atmosphere.interceptor.AndroidAtmosphereInterceptor : Android Interceptor Support
May 14, 2025 12:45:46 PM org.atmosphere.cpr.AtmosphereFramework configureAtmosphereInterceptor
INFO: Dropping Interceptor org.atmosphere.interceptor.HeartbeatInterceptor
May 14, 2025 12:45:46 PM org.atmosphere.cpr.AtmosphereFramework newAInterceptor
INFO: 	org.atmosphere.interceptor.SSEAtmosphereInterceptor : SSE Interceptor Support
May 14, 2025 12:45:46 PM org.atmosphere.cpr.AtmosphereFramework newAInterceptor
INFO: 	org.atmosphere.interceptor.JSONPAtmosphereInterceptor : JSONP Interceptor Support
May 14, 2025 12:45:46 PM org.atmosphere.cpr.AtmosphereFramework newAInterceptor
INFO: 	org.atmosphere.interceptor.JavaScriptProtocol : Atmosphere JavaScript Protocol
May 14, 2025 12:45:46 PM org.atmosphere.cpr.AtmosphereFramework newAInterceptor
INFO: 	org.atmosphere.interceptor.WebSocketMessageSuspendInterceptor : org.atmosphere.interceptor.WebSocketMessageSuspendInterceptor
May 14, 2025 12:45:46 PM org.atmosphere.cpr.AtmosphereFramework newAInterceptor
INFO: 	org.atmosphere.interceptor.OnDisconnectInterceptor : Browser disconnection detection
May 14, 2025 12:45:46 PM org.atmosphere.cpr.AtmosphereFramework newAInterceptor
INFO: 	org.atmosphere.interceptor.IdleResourceInterceptor : org.atmosphere.interceptor.IdleResourceInterceptor
May 14, 2025 12:45:46 PM org.atmosphere.cpr.AtmosphereFramework configureAtmosphereInterceptor
INFO: Set org.atmosphere.cpr.AtmosphereInterceptor.disableDefaults to disable them.
May 14, 2025 12:45:46 PM org.atmosphere.cpr.AtmosphereFramework info
INFO: Using EndpointMapper class org.atmosphere.util.DefaultEndpointMapper
May 14, 2025 12:45:46 PM org.atmosphere.cpr.AtmosphereFramework info
INFO: Using BroadcasterCache: org.atmosphere.cache.UUIDBroadcasterCache
May 14, 2025 12:45:46 PM org.atmosphere.cpr.AtmosphereFramework info
INFO: Default Broadcaster Class: org.atmosphere.cpr.DefaultBroadcaster
May 14, 2025 12:45:46 PM org.atmosphere.cpr.AtmosphereFramework info
INFO: Broadcaster Polling Wait Time 100
May 14, 2025 12:45:46 PM org.atmosphere.cpr.AtmosphereFramework info
INFO: Shared ExecutorService supported: true
May 14, 2025 12:45:46 PM org.atmosphere.cpr.AtmosphereFramework info
INFO: Messaging Thread Pool Size: Unlimited
May 14, 2025 12:45:46 PM org.atmosphere.cpr.AtmosphereFramework info
INFO: Async I/O Thread Pool Size: 200
May 14, 2025 12:45:46 PM org.atmosphere.cpr.AtmosphereFramework info
INFO: Using BroadcasterFactory: org.atmosphere.cpr.DefaultBroadcasterFactory
May 14, 2025 12:45:46 PM org.atmosphere.cpr.AtmosphereFramework info
INFO: Using WebSocketProcessor: org.atmosphere.websocket.DefaultWebSocketProcessor
May 14, 2025 12:45:46 PM org.atmosphere.cpr.AtmosphereFramework info
INFO: Invoke AtmosphereInterceptor on WebSocket message true
May 14, 2025 12:45:46 PM org.atmosphere.cpr.AtmosphereFramework info
INFO: HttpSession supported: true
May 14, 2025 12:45:46 PM org.atmosphere.cpr.AtmosphereFramework info
INFO: Atmosphere is using DefaultAtmosphereObjectFactory for dependency injection and object creation
May 14, 2025 12:45:46 PM org.atmosphere.cpr.AtmosphereFramework info
INFO: Atmosphere is using async support: org.atmosphere.container.JSR356AsyncSupport running under container: Apache Tomcat/10.1.39 using jakarta.servlet/3.0 and jsr356/WebSocket API
May 14, 2025 12:45:46 PM org.atmosphere.cpr.AtmosphereFramework info
INFO: Atmosphere Framework 2.2.13.vaadin1 started.
May 14, 2025 12:45:46 PM org.atmosphere.cpr.AtmosphereFramework interceptor
INFO: Installed AtmosphereInterceptor  Track Message Size Interceptor using | with priority BEFORE_DEFAULT 
May 14, 2025 12:45:46 PM org.atmosphere.cpr.AtmosphereFramework addAtmosphereHandler
INFO: Installed AtmosphereHandler com.vaadin.server.communication.PushAtmosphereHandler mapped to context-path: /*
May 14, 2025 12:45:46 PM org.atmosphere.cpr.AtmosphereFramework addAtmosphereHandler
INFO: Installed the following AtmosphereInterceptor mapped to AtmosphereHandler com.vaadin.server.communication.PushAtmosphereHandler
May 14, 2025 12:45:46 PM org.atmosphere.util.IOUtils readServiceFile
INFO: META-INF/services/org.atmosphere.cpr.AtmosphereFramework not found in class loader
May 14, 2025 12:45:46 PM org.atmosphere.cpr.AtmosphereFramework autoConfigureService
INFO: Atmosphere is using org.atmosphere.util.VoidAnnotationProcessor for processing annotation
May 14, 2025 12:45:46 PM org.atmosphere.cpr.AtmosphereFramework initWebSocket
INFO: Installed WebSocketProtocol org.atmosphere.websocket.protocol.SimpleHttpProtocol 
May 14, 2025 12:45:46 PM org.atmosphere.container.JSR356AsyncSupport <init>
INFO: JSR 356 Mapping path /{path}
May 14, 2025 12:45:46 PM org.atmosphere.cpr.AtmosphereFramework configureAtmosphereInterceptor
INFO: Installing Default AtmosphereInterceptors
May 14, 2025 12:45:46 PM org.atmosphere.cpr.AtmosphereFramework newAInterceptor
INFO: 	org.atmosphere.interceptor.CorsInterceptor : CORS Interceptor Support
May 14, 2025 12:45:46 PM org.atmosphere.cpr.AtmosphereFramework newAInterceptor
INFO: 	org.atmosphere.interceptor.CacheHeadersInterceptor : Default Response's Headers Interceptor
May 14, 2025 12:45:46 PM org.atmosphere.cpr.AtmosphereFramework newAInterceptor
INFO: 	org.atmosphere.interceptor.PaddingAtmosphereInterceptor : Browser Padding Interceptor Support
May 14, 2025 12:45:46 PM org.atmosphere.cpr.AtmosphereFramework newAInterceptor
INFO: 	org.atmosphere.interceptor.AndroidAtmosphereInterceptor : Android Interceptor Support
May 14, 2025 12:45:46 PM org.atmosphere.cpr.AtmosphereFramework configureAtmosphereInterceptor
INFO: Dropping Interceptor org.atmosphere.interceptor.HeartbeatInterceptor
May 14, 2025 12:45:46 PM org.atmosphere.cpr.AtmosphereFramework newAInterceptor
INFO: 	org.atmosphere.interceptor.SSEAtmosphereInterceptor : SSE Interceptor Support
May 14, 2025 12:45:46 PM org.atmosphere.cpr.AtmosphereFramework newAInterceptor
INFO: 	org.atmosphere.interceptor.JSONPAtmosphereInterceptor : JSONP Interceptor Support
May 14, 2025 12:45:46 PM org.atmosphere.cpr.AtmosphereFramework newAInterceptor
INFO: 	org.atmosphere.interceptor.JavaScriptProtocol : Atmosphere JavaScript Protocol
May 14, 2025 12:45:46 PM org.atmosphere.cpr.AtmosphereFramework newAInterceptor
INFO: 	org.atmosphere.interceptor.WebSocketMessageSuspendInterceptor : org.atmosphere.interceptor.WebSocketMessageSuspendInterceptor
May 14, 2025 12:45:46 PM org.atmosphere.cpr.AtmosphereFramework newAInterceptor
INFO: 	org.atmosphere.interceptor.OnDisconnectInterceptor : Browser disconnection detection
May 14, 2025 12:45:46 PM org.atmosphere.cpr.AtmosphereFramework newAInterceptor
INFO: 	org.atmosphere.interceptor.IdleResourceInterceptor : org.atmosphere.interceptor.IdleResourceInterceptor
May 14, 2025 12:45:46 PM org.atmosphere.cpr.AtmosphereFramework configureAtmosphereInterceptor
INFO: Set org.atmosphere.cpr.AtmosphereInterceptor.disableDefaults to disable them.
May 14, 2025 12:45:46 PM org.atmosphere.cpr.AtmosphereFramework info
INFO: Using EndpointMapper class org.atmosphere.util.DefaultEndpointMapper
May 14, 2025 12:45:46 PM org.atmosphere.cpr.AtmosphereFramework info
INFO: Using BroadcasterCache: org.atmosphere.cache.UUIDBroadcasterCache
May 14, 2025 12:45:46 PM org.atmosphere.cpr.AtmosphereFramework info
INFO: Default Broadcaster Class: org.atmosphere.cpr.DefaultBroadcaster
May 14, 2025 12:45:46 PM org.atmosphere.cpr.AtmosphereFramework info
INFO: Broadcaster Polling Wait Time 100
May 14, 2025 12:45:46 PM org.atmosphere.cpr.AtmosphereFramework info
INFO: Shared ExecutorService supported: true
May 14, 2025 12:45:46 PM org.atmosphere.cpr.AtmosphereFramework info
INFO: Messaging Thread Pool Size: Unlimited
May 14, 2025 12:45:46 PM org.atmosphere.cpr.AtmosphereFramework info
INFO: Async I/O Thread Pool Size: 200
May 14, 2025 12:45:46 PM org.atmosphere.cpr.AtmosphereFramework info
INFO: Using BroadcasterFactory: org.atmosphere.cpr.DefaultBroadcasterFactory
May 14, 2025 12:45:46 PM org.atmosphere.cpr.AtmosphereFramework info
INFO: Using WebSocketProcessor: org.atmosphere.websocket.DefaultWebSocketProcessor
May 14, 2025 12:45:46 PM org.atmosphere.cpr.AtmosphereFramework info
INFO: Invoke AtmosphereInterceptor on WebSocket message true
May 14, 2025 12:45:46 PM org.atmosphere.cpr.AtmosphereFramework info
INFO: HttpSession supported: true
May 14, 2025 12:45:46 PM org.atmosphere.cpr.AtmosphereFramework info
INFO: Atmosphere is using DefaultAtmosphereObjectFactory for dependency injection and object creation
May 14, 2025 12:45:46 PM org.atmosphere.cpr.AtmosphereFramework info
INFO: Atmosphere is using async support: org.atmosphere.container.JSR356AsyncSupport running under container: Apache Tomcat/10.1.39 using jakarta.servlet/3.0 and jsr356/WebSocket API
May 14, 2025 12:45:46 PM org.atmosphere.cpr.AtmosphereFramework info
INFO: Atmosphere Framework 2.2.13.vaadin1 started.
May 14, 2025 12:45:46 PM org.atmosphere.cpr.AtmosphereFramework interceptor
INFO: Installed AtmosphereInterceptor  Track Message Size Interceptor using | with priority BEFORE_DEFAULT 
14-May-2025 12:45:46.173 INFO [main] org.apache.catalina.startup.HostConfig.deployWAR Deployment of web application archive [/home/radu/TAK-Server/src/oidf-server/tomcat/webapps/oidc-client.war] has finished in [912] ms
14-May-2025 12:45:46.174 INFO [main] org.apache.catalina.startup.HostConfig.deployWAR Deploying web application archive [/home/radu/TAK-Server/src/oidf-server/tomcat/webapps/c2id-logout.war]
14-May-2025 12:45:46.322 INFO [main] org.apache.jasper.servlet.TldScanner.scanJars At least one JAR was scanned for TLDs yet contained no TLDs. Enable debug logging for this logger for a complete list of JARs that were scanned but no TLDs were found in them. Skipping unneeded JARs during scanning can improve startup time and JSP compilation time.
14-May-2025 12:45:46.331 INFO [main] org.apache.catalina.startup.HostConfig.deployWAR Deployment of web application archive [/home/radu/TAK-Server/src/oidf-server/tomcat/webapps/c2id-logout.war] has finished in [156] ms
14-May-2025 12:45:46.331 INFO [main] org.apache.catalina.startup.HostConfig.deployWAR Deploying web application archive [/home/radu/TAK-Server/src/oidf-server/tomcat/webapps/c2id.war]
14-May-2025 12:45:50.922 INFO [main] org.apache.jasper.servlet.TldScanner.scanJars At least one JAR was scanned for TLDs yet contained no TLDs. Enable debug logging for this logger for a complete list of JARs that were scanned but no TLDs were found in them. Skipping unneeded JARs during scanning can improve startup time and JSP compilation time.
SLF4J(W): No SLF4J providers were found.
SLF4J(W): Defaulting to no-operation (NOP) logger implementation
SLF4J(W): See https://www.slf4j.org/codes.html#noProviders for further details.
SLF4J(W): Class path contains SLF4J bindings targeting slf4j-api versions 1.7.x or earlier.
SLF4J(W): Ignoring binding found at [jar:file:/home/radu/TAK-Server/src/oidf-server/tomcat/webapps/c2id/WEB-INF/lib/log4j-slf4j-impl-2.24.2.jar!/org/slf4j/impl/StaticLoggerBinder.class]
SLF4J(W): See https://www.slf4j.org/codes.html#ignoredBindings for an explanation.
14-May-2025 12:45:56.650 WARNING [main] org.glassfish.jersey.message.internal.MessagingBinders$EnabledProvidersBinder.bindToBinder A class jakarta.activation.DataSource for a default provider MessageBodyWriter<jakarta.activation.DataSource> was not found. The provider is not available.
14-May-2025 12:45:56.683 WARNING [main] org.glassfish.jersey.server.wadl.WadlFeature.configure JAX-B API not found . WADL feature is disabled.
14-May-2025 12:45:56.811 WARNING [main] org.glassfish.jersey.internal.inject.Providers.checkProviderRuntime A provider com.nimbusds.openid.connect.provider.sts.STSEndpoint registered in SERVER runtime does not implement any provider interfaces applicable in the SERVER runtime. Due to constraint configuration problems the provider com.nimbusds.openid.connect.provider.sts.STSEndpoint will be ignored. 
14-May-2025 12:45:57.059 WARNING [main] org.glassfish.jersey.server.wadl.WadlFeature.configure JAX-B API not found . WADL feature is disabled.
14-May-2025 12:45:57.079 WARNING [main] org.glassfish.jersey.internal.inject.Providers.checkProviderRuntime A provider com.nimbusds.authzstore.rest.WebAPI registered in SERVER runtime does not implement any provider interfaces applicable in the SERVER runtime. Due to constraint configuration problems the provider com.nimbusds.authzstore.rest.WebAPI will be ignored. 
14-May-2025 12:45:57.271 WARNING [main] org.glassfish.jersey.server.wadl.WadlFeature.configure JAX-B API not found . WADL feature is disabled.
14-May-2025 12:45:57.292 WARNING [main] org.glassfish.jersey.internal.inject.Providers.checkProviderRuntime A provider com.nimbusds.openid.connect.provider.ciba.sessions.CIBASessionsEndpoint registered in SERVER runtime does not implement any provider interfaces applicable in the SERVER runtime. Due to constraint configuration problems the provider com.nimbusds.openid.connect.provider.ciba.sessions.CIBASessionsEndpoint will be ignored. 
14-May-2025 12:45:57.386 WARNING [main] org.glassfish.jersey.server.wadl.WadlFeature.configure JAX-B API not found . WADL feature is disabled.
14-May-2025 12:45:57.398 WARNING [main] org.glassfish.jersey.internal.inject.Providers.checkProviderRuntime A provider com.nimbusds.openid.connect.provider.checksession.CheckSessionBackendEndpoint registered in SERVER runtime does not implement any provider interfaces applicable in the SERVER runtime. Due to constraint configuration problems the provider com.nimbusds.openid.connect.provider.checksession.CheckSessionBackendEndpoint will be ignored. 
14-May-2025 12:45:57.483 WARNING [main] org.glassfish.jersey.server.wadl.WadlFeature.configure JAX-B API not found . WADL feature is disabled.
14-May-2025 12:45:57.643 WARNING [main] org.glassfish.jersey.server.wadl.WadlFeature.configure JAX-B API not found . WADL feature is disabled.
14-May-2025 12:45:57.662 WARNING [main] org.glassfish.jersey.internal.inject.Providers.checkProviderRuntime A provider com.nimbusds.sessionstore.rest.WebAPI registered in SERVER runtime does not implement any provider interfaces applicable in the SERVER runtime. Due to constraint configuration problems the provider com.nimbusds.sessionstore.rest.WebAPI will be ignored. 
14-May-2025 12:45:57.762 WARNING [main] org.glassfish.jersey.server.wadl.WadlFeature.configure JAX-B API not found . WADL feature is disabled.
14-May-2025 12:45:57.767 WARNING [main] org.glassfish.jersey.internal.inject.Providers.checkProviderRuntime A provider com.nimbusds.openid.connect.provider.authz.AuthorizationSessionEndpoint registered in SERVER runtime does not implement any provider interfaces applicable in the SERVER runtime. Due to constraint configuration problems the provider com.nimbusds.openid.connect.provider.authz.AuthorizationSessionEndpoint will be ignored. 
14-May-2025 12:45:57.807 WARNING [main] org.glassfish.jersey.server.wadl.WadlFeature.configure JAX-B API not found . WADL feature is disabled.
14-May-2025 12:45:57.810 WARNING [main] org.glassfish.jersey.internal.inject.Providers.checkProviderRuntime A provider com.nimbusds.openid.connect.provider.config.ConfigurationEndpoint registered in SERVER runtime does not implement any provider interfaces applicable in the SERVER runtime. Due to constraint configuration problems the provider com.nimbusds.openid.connect.provider.config.ConfigurationEndpoint will be ignored. 
14-May-2025 12:45:57.857 WARNING [main] org.glassfish.jersey.server.wadl.WadlFeature.configure JAX-B API not found . WADL feature is disabled.
14-May-2025 12:45:57.860 WARNING [main] org.glassfish.jersey.internal.inject.Providers.checkProviderRuntime A provider com.nimbusds.openid.connect.provider.authz.DirectAuthorizationEndpoint registered in SERVER runtime does not implement any provider interfaces applicable in the SERVER runtime. Due to constraint configuration problems the provider com.nimbusds.openid.connect.provider.authz.DirectAuthorizationEndpoint will be ignored. 
14-May-2025 12:45:57.885 WARNING [main] org.glassfish.jersey.server.wadl.WadlFeature.configure JAX-B API not found . WADL feature is disabled.
14-May-2025 12:45:57.892 WARNING [main] org.glassfish.jersey.internal.inject.Providers.checkProviderRuntime A provider com.nimbusds.openid.connect.provider.logout.endpoint.LogoutSessionEndpoint registered in SERVER runtime does not implement any provider interfaces applicable in the SERVER runtime. Due to constraint configuration problems the provider com.nimbusds.openid.connect.provider.logout.endpoint.LogoutSessionEndpoint will be ignored. 
14-May-2025 12:45:58.030 INFO [main] org.apache.catalina.startup.HostConfig.deployWAR Deployment of web application archive [/home/radu/TAK-Server/src/oidf-server/tomcat/webapps/c2id.war] has finished in [11,698] ms
14-May-2025 12:45:58.030 INFO [main] org.apache.catalina.startup.HostConfig.deployDirectory Deploying web application directory [/home/radu/TAK-Server/src/oidf-server/tomcat/webapps/manager]
14-May-2025 12:45:58.093 INFO [main] org.apache.catalina.startup.HostConfig.deployDirectory Deployment of web application directory [/home/radu/TAK-Server/src/oidf-server/tomcat/webapps/manager] has finished in [62] ms
14-May-2025 12:45:58.093 INFO [main] org.apache.catalina.startup.HostConfig.deployDirectory Deploying web application directory [/home/radu/TAK-Server/src/oidf-server/tomcat/webapps/ROOT]
14-May-2025 12:45:58.122 INFO [main] org.apache.catalina.startup.HostConfig.deployDirectory Deployment of web application directory [/home/radu/TAK-Server/src/oidf-server/tomcat/webapps/ROOT] has finished in [29] ms
14-May-2025 12:45:58.123 INFO [main] org.apache.catalina.startup.HostConfig.deployDirectory Deploying web application directory [/home/radu/TAK-Server/src/oidf-server/tomcat/webapps/host-manager]
14-May-2025 12:45:58.153 INFO [main] org.apache.catalina.startup.HostConfig.deployDirectory Deployment of web application directory [/home/radu/TAK-Server/src/oidf-server/tomcat/webapps/host-manager] has finished in [30] ms
14-May-2025 12:45:58.161 INFO [main] org.apache.coyote.AbstractProtocol.start Starting ProtocolHandler ["http-nio-8080"]
14-May-2025 12:45:58.191 INFO [main] org.apache.catalina.startup.Catalina.start Server startup in [18971] milliseconds
14-May-2025 12:46:06.936 INFO [main] org.apache.catalina.core.StandardServer.await A valid shutdown command was received via the shutdown port. Stopping the Server instance.
14-May-2025 12:46:06.936 INFO [main] org.apache.coyote.AbstractProtocol.pause Pausing ProtocolHandler ["http-nio-8080"]
14-May-2025 12:46:06.938 INFO [main] org.apache.catalina.core.StandardService.stopInternal Stopping service [Catalina]
[CM8005] Stopping Infinispan...
[CM8015] Stopped Infinispan cache clients.remoteRequestJWTClaimsCache in 3 ms
[CM8015] Stopped Infinispan cache op.loginHintTokenMap in 6 ms
[CM8015] Stopped Infinispan cache op.dPoPJTICache in 7 ms
[CM8015] Stopped Infinispan cache keyStore.jwkSetMap in 410 ms
[CM8015] Stopped Infinispan cache sessionStore.sessionMap in 424 ms
[CM8015] Stopped Infinispan cache federation.registrationsMap in 424 ms
[CM8015] Stopped Infinispan cache op.authSessionMap in 425 ms
[CM8015] Stopped Infinispan cache authzStore.revocationJournalMap in 425 ms
[CM8015] Stopped Infinispan cache clients.registrationsMap in 426 ms
[CM8015] Stopped Infinispan cache authzStore.expendedTokenMap in 426 ms
[CM8015] Stopped Infinispan cache clients.remoteJWKSetCache in 426 ms
[CM8015] Stopped Infinispan cache authzStore.codeMap in 427 ms
[CM8015] Stopped Infinispan cache authzStore.longLivedAuthzMap in 427 ms
[CM8015] Stopped Infinispan cache keyStore.jwkSetHistoryMap in 428 ms
[CM8015] Stopped Infinispan cache authzStore.idAccessTokenMap in 428 ms
[CM8015] Stopped Infinispan cache op.consentSessionMap in 428 ms
[CM8015] Stopped Infinispan cache sessionStore.subjectMap in 429 ms
[CM8015] Stopped Infinispan cache org.infinispan.CONFIG in 430 ms
14-May-2025 12:46:07.427 WARNING [main] org.apache.catalina.loader.WebappClassLoaderBase.clearReferencesThreads The web application [c2id] appears to have started a thread named [RxCachedWorkerPoolEvictor-1] but has failed to stop it. This is very likely to create a memory leak. Stack trace of thread:
 java.base@17.0.15/jdk.internal.misc.Unsafe.park(Native Method)
 java.base@17.0.15/java.util.concurrent.locks.LockSupport.parkNanos(LockSupport.java:252)
 java.base@17.0.15/java.util.concurrent.locks.AbstractQueuedSynchronizer$ConditionObject.awaitNanos(AbstractQueuedSynchronizer.java:1679)
 java.base@17.0.15/java.util.concurrent.ScheduledThreadPoolExecutor$DelayedWorkQueue.take(ScheduledThreadPoolExecutor.java:1182)
 java.base@17.0.15/java.util.concurrent.ScheduledThreadPoolExecutor$DelayedWorkQueue.take(ScheduledThreadPoolExecutor.java:899)
 java.base@17.0.15/java.util.concurrent.ThreadPoolExecutor.getTask(ThreadPoolExecutor.java:1062)
 java.base@17.0.15/java.util.concurrent.ThreadPoolExecutor.runWorker(ThreadPoolExecutor.java:1122)
 java.base@17.0.15/java.util.concurrent.ThreadPoolExecutor$Worker.run(ThreadPoolExecutor.java:635)
 java.base@17.0.15/java.lang.Thread.run(Thread.java:840)
14-May-2025 12:46:07.427 WARNING [main] org.apache.catalina.loader.WebappClassLoaderBase.clearReferencesThreads The web application [c2id] appears to have started a thread named [HttpClient-1-SelectorManager] but has failed to stop it. This is very likely to create a memory leak. Stack trace of thread:
 java.base@17.0.15/sun.nio.ch.EPoll.wait(Native Method)
 java.base@17.0.15/sun.nio.ch.EPollSelectorImpl.doSelect(EPollSelectorImpl.java:118)
 java.base@17.0.15/sun.nio.ch.SelectorImpl.lockAndDoSelect(SelectorImpl.java:129)
 java.base@17.0.15/sun.nio.ch.SelectorImpl.select(SelectorImpl.java:141)
 platform/java.net.http@17.0.15/jdk.internal.net.http.HttpClientImpl$SelectorManager.run(HttpClientImpl.java:894)
14-May-2025 12:46:07.447 INFO [main] org.apache.coyote.AbstractProtocol.stop Stopping ProtocolHandler ["http-nio-8080"]
14-May-2025 12:46:07.457 INFO [main] org.apache.coyote.AbstractProtocol.destroy Destroying ProtocolHandler ["http-nio-8080"]
14-May-2025 12:46:12.283 INFO [main] org.apache.catalina.startup.VersionLoggerListener.log Server version name:   Apache Tomcat/10.1.39
14-May-2025 12:46:12.291 INFO [main] org.apache.catalina.startup.VersionLoggerListener.log Server built:          Mar 4 2025 19:02:32 UTC
14-May-2025 12:46:12.291 INFO [main] org.apache.catalina.startup.VersionLoggerListener.log Server version number: 10.1.39.0
14-May-2025 12:46:12.291 INFO [main] org.apache.catalina.startup.VersionLoggerListener.log OS Name:               Linux
14-May-2025 12:46:12.296 INFO [main] org.apache.catalina.startup.VersionLoggerListener.log OS Version:            6.8.0-59-generic
14-May-2025 12:46:12.296 INFO [main] org.apache.catalina.startup.VersionLoggerListener.log Architecture:          amd64
14-May-2025 12:46:12.296 INFO [main] org.apache.catalina.startup.VersionLoggerListener.log Java Home:             /usr/lib/jvm/java-17-openjdk-amd64
14-May-2025 12:46:12.296 INFO [main] org.apache.catalina.startup.VersionLoggerListener.log JVM Version:           17.0.15+6-Ubuntu-0ubuntu122.04
14-May-2025 12:46:12.296 INFO [main] org.apache.catalina.startup.VersionLoggerListener.log JVM Vendor:            Ubuntu
14-May-2025 12:46:12.297 INFO [main] org.apache.catalina.startup.VersionLoggerListener.log CATALINA_BASE:         /home/radu/TAK-Server/src/oidf-server/tomcat
14-May-2025 12:46:12.297 INFO [main] org.apache.catalina.startup.VersionLoggerListener.log CATALINA_HOME:         /home/radu/TAK-Server/src/oidf-server/tomcat
14-May-2025 12:46:12.298 INFO [main] org.apache.catalina.core.AprLifecycleListener.lifecycleEvent The Apache Tomcat Native library which allows using OpenSSL was not found on the java.library.path: [/home/radu/opt/lib::/usr/java/packages/lib:/usr/lib/x86_64-linux-gnu/jni:/lib/x86_64-linux-gnu:/usr/lib/x86_64-linux-gnu:/usr/lib/jni:/lib:/usr/lib]
14-May-2025 12:46:12.638 INFO [main] org.apache.coyote.AbstractProtocol.init Initializing ProtocolHandler ["http-nio-8080"]
14-May-2025 12:46:12.668 INFO [main] org.apache.catalina.startup.Catalina.load Server initialization in [547] milliseconds
14-May-2025 12:46:12.730 INFO [main] org.apache.catalina.core.StandardService.startInternal Starting service [Catalina]
14-May-2025 12:46:12.731 INFO [main] org.apache.catalina.core.StandardEngine.startInternal Starting Servlet engine: [Apache Tomcat/10.1.39]
14-May-2025 12:46:12.751 INFO [main] org.apache.catalina.startup.HostConfig.deployWAR Deploying web application archive [/home/radu/TAK-Server/src/oidf-server/tomcat/webapps/ldapauth.war]
14-May-2025 12:46:13.268 INFO [main] org.apache.jasper.servlet.TldScanner.scanJars At least one JAR was scanned for TLDs yet contained no TLDs. Enable debug logging for this logger for a complete list of JARs that were scanned but no TLDs were found in them. Skipping unneeded JARs during scanning can improve startup time and JSP compilation time.
14-May-2025 12:46:14.043 INFO [main] org.apache.catalina.startup.HostConfig.deployWAR Deployment of web application archive [/home/radu/TAK-Server/src/oidf-server/tomcat/webapps/ldapauth.war] has finished in [1,292] ms
14-May-2025 12:46:14.044 INFO [main] org.apache.catalina.startup.HostConfig.deployWAR Deploying web application archive [/home/radu/TAK-Server/src/oidf-server/tomcat/webapps/password-grant-handler.war]
14-May-2025 12:46:14.249 INFO [main] org.apache.jasper.servlet.TldScanner.scanJars At least one JAR was scanned for TLDs yet contained no TLDs. Enable debug logging for this logger for a complete list of JARs that were scanned but no TLDs were found in them. Skipping unneeded JARs during scanning can improve startup time and JSP compilation time.
14-May-2025 12:46:14.531 INFO [main] org.apache.catalina.startup.HostConfig.deployWAR Deployment of web application archive [/home/radu/TAK-Server/src/oidf-server/tomcat/webapps/password-grant-handler.war] has finished in [486] ms
14-May-2025 12:46:14.531 INFO [main] org.apache.catalina.startup.HostConfig.deployWAR Deploying web application archive [/home/radu/TAK-Server/src/oidf-server/tomcat/webapps/c2id-login.war]
14-May-2025 12:46:15.609 INFO [main] org.apache.jasper.servlet.TldScanner.scanJars At least one JAR was scanned for TLDs yet contained no TLDs. Enable debug logging for this logger for a complete list of JARs that were scanned but no TLDs were found in them. Skipping unneeded JARs during scanning can improve startup time and JSP compilation time.

                                  _   ___  _     _
                                 | | |__ \(_)   | |
   ___ ___  _ __  _ __   ___  ___| |_   ) )_  __| |
  / __/ _ \| '_ \| '_ \ / _ \/ __| __| / /| |/ _` |
 | (_| (_) | | | | | | |  __/ (__| |_ / /_| | (_| |
  \___\___/|_| |_|_| |_|\___|\___|\__|____|_|\__,_|  Login  (v3.4.5-migrated-1.0.9)

2025-05-14 12:46:16.488  INFO 252671 --- [           main] com.nimbusds.login.C2idLogin             : Starting C2idLogin v3.4.5-migrated-1.0.9 using Java 17.0.15 on lenss-10 with PID 252671 (/home/radu/TAK-Server/src/oidf-server/tomcat/webapps/c2id-login/WEB-INF/classes started by radu in /home/radu/TAK-Server/src/oidf-server/tomcat/bin)
2025-05-14 12:46:16.493  INFO 252671 --- [           main] com.nimbusds.login.C2idLogin             : The following profiles are active: prod
2025-05-14 12:46:18.468  INFO 252671 --- [           main] com.nimbusds.login.C2idLogin             : Started C2idLogin in 2.663 seconds (JVM running for 6.543)
14-May-2025 12:46:18.479 INFO [main] org.apache.catalina.startup.HostConfig.deployWAR Deployment of web application archive [/home/radu/TAK-Server/src/oidf-server/tomcat/webapps/c2id-login.war] has finished in [3,948] ms
14-May-2025 12:46:18.481 INFO [main] org.apache.catalina.startup.HostConfig.deployWAR Deploying web application archive [/home/radu/TAK-Server/src/oidf-server/tomcat/webapps/oidc-client.war]
May 14, 2025 12:46:18 PM org.apache.jasper.servlet.TldScanner scanJars
INFO: At least one JAR was scanned for TLDs yet contained no TLDs. Enable debug logging for this logger for a complete list of JARs that were scanned but no TLDs were found in them. Skipping unneeded JARs during scanning can improve startup time and JSP compilation time.
May 14, 2025 12:46:19 PM org.apache.catalina.core.ApplicationContext log
INFO: Initializing AtmosphereFramework
May 14, 2025 12:46:19 PM org.atmosphere.cpr.AtmosphereFramework addAtmosphereHandler
INFO: Installed AtmosphereHandler com.vaadin.server.communication.PushAtmosphereHandler mapped to context-path: /*
May 14, 2025 12:46:19 PM org.atmosphere.cpr.AtmosphereFramework addAtmosphereHandler
INFO: Installed the following AtmosphereInterceptor mapped to AtmosphereHandler com.vaadin.server.communication.PushAtmosphereHandler
May 14, 2025 12:46:19 PM org.atmosphere.util.IOUtils readServiceFile
INFO: META-INF/services/org.atmosphere.cpr.AtmosphereFramework not found in class loader
May 14, 2025 12:46:19 PM org.atmosphere.cpr.AtmosphereFramework autoConfigureService
INFO: Atmosphere is using org.atmosphere.util.VoidAnnotationProcessor for processing annotation
May 14, 2025 12:46:19 PM org.atmosphere.cpr.AtmosphereFramework initWebSocket
INFO: Installed WebSocketProtocol org.atmosphere.websocket.protocol.SimpleHttpProtocol 
May 14, 2025 12:46:19 PM org.atmosphere.container.JSR356AsyncSupport <init>
INFO: JSR 356 Mapping path /cb
May 14, 2025 12:46:19 PM org.atmosphere.cpr.AtmosphereFramework configureAtmosphereInterceptor
INFO: Installing Default AtmosphereInterceptors
May 14, 2025 12:46:19 PM org.atmosphere.cpr.AtmosphereFramework newAInterceptor
INFO: 	org.atmosphere.interceptor.CorsInterceptor : CORS Interceptor Support
May 14, 2025 12:46:19 PM org.atmosphere.cpr.AtmosphereFramework newAInterceptor
INFO: 	org.atmosphere.interceptor.CacheHeadersInterceptor : Default Response's Headers Interceptor
May 14, 2025 12:46:19 PM org.atmosphere.cpr.AtmosphereFramework newAInterceptor
INFO: 	org.atmosphere.interceptor.PaddingAtmosphereInterceptor : Browser Padding Interceptor Support
May 14, 2025 12:46:19 PM org.atmosphere.cpr.AtmosphereFramework newAInterceptor
INFO: 	org.atmosphere.interceptor.AndroidAtmosphereInterceptor : Android Interceptor Support
May 14, 2025 12:46:19 PM org.atmosphere.cpr.AtmosphereFramework configureAtmosphereInterceptor
INFO: Dropping Interceptor org.atmosphere.interceptor.HeartbeatInterceptor
May 14, 2025 12:46:19 PM org.atmosphere.cpr.AtmosphereFramework newAInterceptor
INFO: 	org.atmosphere.interceptor.SSEAtmosphereInterceptor : SSE Interceptor Support
May 14, 2025 12:46:19 PM org.atmosphere.cpr.AtmosphereFramework newAInterceptor
INFO: 	org.atmosphere.interceptor.JSONPAtmosphereInterceptor : JSONP Interceptor Support
May 14, 2025 12:46:19 PM org.atmosphere.cpr.AtmosphereFramework newAInterceptor
INFO: 	org.atmosphere.interceptor.JavaScriptProtocol : Atmosphere JavaScript Protocol
May 14, 2025 12:46:19 PM org.atmosphere.cpr.AtmosphereFramework newAInterceptor
INFO: 	org.atmosphere.interceptor.WebSocketMessageSuspendInterceptor : org.atmosphere.interceptor.WebSocketMessageSuspendInterceptor
May 14, 2025 12:46:19 PM org.atmosphere.cpr.AtmosphereFramework newAInterceptor
INFO: 	org.atmosphere.interceptor.OnDisconnectInterceptor : Browser disconnection detection
May 14, 2025 12:46:19 PM org.atmosphere.cpr.AtmosphereFramework newAInterceptor
INFO: 	org.atmosphere.interceptor.IdleResourceInterceptor : org.atmosphere.interceptor.IdleResourceInterceptor
May 14, 2025 12:46:19 PM org.atmosphere.cpr.AtmosphereFramework configureAtmosphereInterceptor
INFO: Set org.atmosphere.cpr.AtmosphereInterceptor.disableDefaults to disable them.
May 14, 2025 12:46:19 PM org.atmosphere.cpr.AtmosphereFramework info
INFO: Using EndpointMapper class org.atmosphere.util.DefaultEndpointMapper
May 14, 2025 12:46:19 PM org.atmosphere.cpr.AtmosphereFramework info
INFO: Using BroadcasterCache: org.atmosphere.cache.UUIDBroadcasterCache
May 14, 2025 12:46:19 PM org.atmosphere.cpr.AtmosphereFramework info
INFO: Default Broadcaster Class: org.atmosphere.cpr.DefaultBroadcaster
May 14, 2025 12:46:19 PM org.atmosphere.cpr.AtmosphereFramework info
INFO: Broadcaster Polling Wait Time 100
May 14, 2025 12:46:19 PM org.atmosphere.cpr.AtmosphereFramework info
INFO: Shared ExecutorService supported: true
May 14, 2025 12:46:19 PM org.atmosphere.cpr.AtmosphereFramework info
INFO: Messaging Thread Pool Size: Unlimited
May 14, 2025 12:46:19 PM org.atmosphere.cpr.AtmosphereFramework info
INFO: Async I/O Thread Pool Size: 200
May 14, 2025 12:46:19 PM org.atmosphere.cpr.AtmosphereFramework info
INFO: Using BroadcasterFactory: org.atmosphere.cpr.DefaultBroadcasterFactory
May 14, 2025 12:46:19 PM org.atmosphere.cpr.AtmosphereFramework info
INFO: Using WebSocketProcessor: org.atmosphere.websocket.DefaultWebSocketProcessor
May 14, 2025 12:46:19 PM org.atmosphere.cpr.AtmosphereFramework info
INFO: Invoke AtmosphereInterceptor on WebSocket message true
May 14, 2025 12:46:19 PM org.atmosphere.cpr.AtmosphereFramework info
INFO: HttpSession supported: true
May 14, 2025 12:46:19 PM org.atmosphere.cpr.AtmosphereFramework info
INFO: Atmosphere is using DefaultAtmosphereObjectFactory for dependency injection and object creation
May 14, 2025 12:46:19 PM org.atmosphere.cpr.AtmosphereFramework info
INFO: Atmosphere is using async support: org.atmosphere.container.JSR356AsyncSupport running under container: Apache Tomcat/10.1.39 using jakarta.servlet/3.0 and jsr356/WebSocket API
May 14, 2025 12:46:19 PM org.atmosphere.cpr.AtmosphereFramework info
INFO: Atmosphere Framework 2.2.13.vaadin1 started.
May 14, 2025 12:46:19 PM org.atmosphere.cpr.AtmosphereFramework interceptor
INFO: Installed AtmosphereInterceptor  Track Message Size Interceptor using | with priority BEFORE_DEFAULT 
May 14, 2025 12:46:19 PM org.atmosphere.cpr.AtmosphereFramework addAtmosphereHandler
INFO: Installed AtmosphereHandler com.vaadin.server.communication.PushAtmosphereHandler mapped to context-path: /*
May 14, 2025 12:46:19 PM org.atmosphere.cpr.AtmosphereFramework addAtmosphereHandler
INFO: Installed the following AtmosphereInterceptor mapped to AtmosphereHandler com.vaadin.server.communication.PushAtmosphereHandler
May 14, 2025 12:46:19 PM org.atmosphere.util.IOUtils readServiceFile
INFO: META-INF/services/org.atmosphere.cpr.AtmosphereFramework not found in class loader
May 14, 2025 12:46:19 PM org.atmosphere.cpr.AtmosphereFramework autoConfigureService
INFO: Atmosphere is using org.atmosphere.util.VoidAnnotationProcessor for processing annotation
May 14, 2025 12:46:19 PM org.atmosphere.cpr.AtmosphereFramework initWebSocket
INFO: Installed WebSocketProtocol org.atmosphere.websocket.protocol.SimpleHttpProtocol 
May 14, 2025 12:46:19 PM org.atmosphere.container.JSR356AsyncSupport <init>
INFO: JSR 356 Mapping path /{path}
May 14, 2025 12:46:19 PM org.atmosphere.cpr.AtmosphereFramework configureAtmosphereInterceptor
INFO: Installing Default AtmosphereInterceptors
May 14, 2025 12:46:19 PM org.atmosphere.cpr.AtmosphereFramework newAInterceptor
INFO: 	org.atmosphere.interceptor.CorsInterceptor : CORS Interceptor Support
May 14, 2025 12:46:19 PM org.atmosphere.cpr.AtmosphereFramework newAInterceptor
INFO: 	org.atmosphere.interceptor.CacheHeadersInterceptor : Default Response's Headers Interceptor
May 14, 2025 12:46:19 PM org.atmosphere.cpr.AtmosphereFramework newAInterceptor
INFO: 	org.atmosphere.interceptor.PaddingAtmosphereInterceptor : Browser Padding Interceptor Support
May 14, 2025 12:46:19 PM org.atmosphere.cpr.AtmosphereFramework newAInterceptor
INFO: 	org.atmosphere.interceptor.AndroidAtmosphereInterceptor : Android Interceptor Support
May 14, 2025 12:46:19 PM org.atmosphere.cpr.AtmosphereFramework configureAtmosphereInterceptor
INFO: Dropping Interceptor org.atmosphere.interceptor.HeartbeatInterceptor
May 14, 2025 12:46:19 PM org.atmosphere.cpr.AtmosphereFramework newAInterceptor
INFO: 	org.atmosphere.interceptor.SSEAtmosphereInterceptor : SSE Interceptor Support
May 14, 2025 12:46:19 PM org.atmosphere.cpr.AtmosphereFramework newAInterceptor
INFO: 	org.atmosphere.interceptor.JSONPAtmosphereInterceptor : JSONP Interceptor Support
May 14, 2025 12:46:19 PM org.atmosphere.cpr.AtmosphereFramework newAInterceptor
INFO: 	org.atmosphere.interceptor.JavaScriptProtocol : Atmosphere JavaScript Protocol
May 14, 2025 12:46:19 PM org.atmosphere.cpr.AtmosphereFramework newAInterceptor
INFO: 	org.atmosphere.interceptor.WebSocketMessageSuspendInterceptor : org.atmosphere.interceptor.WebSocketMessageSuspendInterceptor
May 14, 2025 12:46:19 PM org.atmosphere.cpr.AtmosphereFramework newAInterceptor
INFO: 	org.atmosphere.interceptor.OnDisconnectInterceptor : Browser disconnection detection
May 14, 2025 12:46:19 PM org.atmosphere.cpr.AtmosphereFramework newAInterceptor
INFO: 	org.atmosphere.interceptor.IdleResourceInterceptor : org.atmosphere.interceptor.IdleResourceInterceptor
May 14, 2025 12:46:19 PM org.atmosphere.cpr.AtmosphereFramework configureAtmosphereInterceptor
INFO: Set org.atmosphere.cpr.AtmosphereInterceptor.disableDefaults to disable them.
May 14, 2025 12:46:19 PM org.atmosphere.cpr.AtmosphereFramework info
INFO: Using EndpointMapper class org.atmosphere.util.DefaultEndpointMapper
May 14, 2025 12:46:19 PM org.atmosphere.cpr.AtmosphereFramework info
INFO: Using BroadcasterCache: org.atmosphere.cache.UUIDBroadcasterCache
May 14, 2025 12:46:19 PM org.atmosphere.cpr.AtmosphereFramework info
INFO: Default Broadcaster Class: org.atmosphere.cpr.DefaultBroadcaster
May 14, 2025 12:46:19 PM org.atmosphere.cpr.AtmosphereFramework info
INFO: Broadcaster Polling Wait Time 100
May 14, 2025 12:46:19 PM org.atmosphere.cpr.AtmosphereFramework info
INFO: Shared ExecutorService supported: true
May 14, 2025 12:46:19 PM org.atmosphere.cpr.AtmosphereFramework info
INFO: Messaging Thread Pool Size: Unlimited
May 14, 2025 12:46:19 PM org.atmosphere.cpr.AtmosphereFramework info
INFO: Async I/O Thread Pool Size: 200
May 14, 2025 12:46:19 PM org.atmosphere.cpr.AtmosphereFramework info
INFO: Using BroadcasterFactory: org.atmosphere.cpr.DefaultBroadcasterFactory
May 14, 2025 12:46:19 PM org.atmosphere.cpr.AtmosphereFramework info
INFO: Using WebSocketProcessor: org.atmosphere.websocket.DefaultWebSocketProcessor
May 14, 2025 12:46:19 PM org.atmosphere.cpr.AtmosphereFramework info
INFO: Invoke AtmosphereInterceptor on WebSocket message true
May 14, 2025 12:46:19 PM org.atmosphere.cpr.AtmosphereFramework info
INFO: HttpSession supported: true
May 14, 2025 12:46:19 PM org.atmosphere.cpr.AtmosphereFramework info
INFO: Atmosphere is using DefaultAtmosphereObjectFactory for dependency injection and object creation
May 14, 2025 12:46:19 PM org.atmosphere.cpr.AtmosphereFramework info
INFO: Atmosphere is using async support: org.atmosphere.container.JSR356AsyncSupport running under container: Apache Tomcat/10.1.39 using jakarta.servlet/3.0 and jsr356/WebSocket API
May 14, 2025 12:46:19 PM org.atmosphere.cpr.AtmosphereFramework info
INFO: Atmosphere Framework 2.2.13.vaadin1 started.
May 14, 2025 12:46:19 PM org.atmosphere.cpr.AtmosphereFramework interceptor
INFO: Installed AtmosphereInterceptor  Track Message Size Interceptor using | with priority BEFORE_DEFAULT 
14-May-2025 12:46:19.364 INFO [main] org.apache.catalina.startup.HostConfig.deployWAR Deployment of web application archive [/home/radu/TAK-Server/src/oidf-server/tomcat/webapps/oidc-client.war] has finished in [884] ms
14-May-2025 12:46:19.364 INFO [main] org.apache.catalina.startup.HostConfig.deployWAR Deploying web application archive [/home/radu/TAK-Server/src/oidf-server/tomcat/webapps/c2id-logout.war]
14-May-2025 12:46:19.516 INFO [main] org.apache.jasper.servlet.TldScanner.scanJars At least one JAR was scanned for TLDs yet contained no TLDs. Enable debug logging for this logger for a complete list of JARs that were scanned but no TLDs were found in them. Skipping unneeded JARs during scanning can improve startup time and JSP compilation time.
14-May-2025 12:46:19.527 INFO [main] org.apache.catalina.startup.HostConfig.deployWAR Deployment of web application archive [/home/radu/TAK-Server/src/oidf-server/tomcat/webapps/c2id-logout.war] has finished in [163] ms
14-May-2025 12:46:19.528 INFO [main] org.apache.catalina.startup.HostConfig.deployWAR Deploying web application archive [/home/radu/TAK-Server/src/oidf-server/tomcat/webapps/c2id.war]
14-May-2025 12:46:24.567 INFO [main] org.apache.jasper.servlet.TldScanner.scanJars At least one JAR was scanned for TLDs yet contained no TLDs. Enable debug logging for this logger for a complete list of JARs that were scanned but no TLDs were found in them. Skipping unneeded JARs during scanning can improve startup time and JSP compilation time.
SLF4J(W): No SLF4J providers were found.
SLF4J(W): Defaulting to no-operation (NOP) logger implementation
SLF4J(W): See https://www.slf4j.org/codes.html#noProviders for further details.
SLF4J(W): Class path contains SLF4J bindings targeting slf4j-api versions 1.7.x or earlier.
SLF4J(W): Ignoring binding found at [jar:file:/home/radu/TAK-Server/src/oidf-server/tomcat/webapps/c2id/WEB-INF/lib/log4j-slf4j-impl-2.24.2.jar!/org/slf4j/impl/StaticLoggerBinder.class]
SLF4J(W): See https://www.slf4j.org/codes.html#ignoredBindings for an explanation.
14-May-2025 12:46:30.536 WARNING [main] org.glassfish.jersey.message.internal.MessagingBinders$EnabledProvidersBinder.bindToBinder A class jakarta.activation.DataSource for a default provider MessageBodyWriter<jakarta.activation.DataSource> was not found. The provider is not available.
14-May-2025 12:46:30.573 WARNING [main] org.glassfish.jersey.server.wadl.WadlFeature.configure JAX-B API not found . WADL feature is disabled.
14-May-2025 12:46:30.715 WARNING [main] org.glassfish.jersey.internal.inject.Providers.checkProviderRuntime A provider com.nimbusds.openid.connect.provider.sts.STSEndpoint registered in SERVER runtime does not implement any provider interfaces applicable in the SERVER runtime. Due to constraint configuration problems the provider com.nimbusds.openid.connect.provider.sts.STSEndpoint will be ignored. 
14-May-2025 12:46:30.891 WARNING [main] org.glassfish.jersey.server.wadl.WadlFeature.configure JAX-B API not found . WADL feature is disabled.
14-May-2025 12:46:30.903 WARNING [main] org.glassfish.jersey.internal.inject.Providers.checkProviderRuntime A provider com.nimbusds.authzstore.rest.WebAPI registered in SERVER runtime does not implement any provider interfaces applicable in the SERVER runtime. Due to constraint configuration problems the provider com.nimbusds.authzstore.rest.WebAPI will be ignored. 
14-May-2025 12:46:30.980 WARNING [main] org.glassfish.jersey.server.wadl.WadlFeature.configure JAX-B API not found . WADL feature is disabled.
14-May-2025 12:46:30.983 WARNING [main] org.glassfish.jersey.internal.inject.Providers.checkProviderRuntime A provider com.nimbusds.openid.connect.provider.ciba.sessions.CIBASessionsEndpoint registered in SERVER runtime does not implement any provider interfaces applicable in the SERVER runtime. Due to constraint configuration problems the provider com.nimbusds.openid.connect.provider.ciba.sessions.CIBASessionsEndpoint will be ignored. 
14-May-2025 12:46:31.015 WARNING [main] org.glassfish.jersey.server.wadl.WadlFeature.configure JAX-B API not found . WADL feature is disabled.
14-May-2025 12:46:31.019 WARNING [main] org.glassfish.jersey.internal.inject.Providers.checkProviderRuntime A provider com.nimbusds.openid.connect.provider.checksession.CheckSessionBackendEndpoint registered in SERVER runtime does not implement any provider interfaces applicable in the SERVER runtime. Due to constraint configuration problems the provider com.nimbusds.openid.connect.provider.checksession.CheckSessionBackendEndpoint will be ignored. 
14-May-2025 12:46:31.054 WARNING [main] org.glassfish.jersey.server.wadl.WadlFeature.configure JAX-B API not found . WADL feature is disabled.
14-May-2025 12:46:31.113 WARNING [main] org.glassfish.jersey.server.wadl.WadlFeature.configure JAX-B API not found . WADL feature is disabled.
14-May-2025 12:46:31.120 WARNING [main] org.glassfish.jersey.internal.inject.Providers.checkProviderRuntime A provider com.nimbusds.sessionstore.rest.WebAPI registered in SERVER runtime does not implement any provider interfaces applicable in the SERVER runtime. Due to constraint configuration problems the provider com.nimbusds.sessionstore.rest.WebAPI will be ignored. 
14-May-2025 12:46:31.171 WARNING [main] org.glassfish.jersey.server.wadl.WadlFeature.configure JAX-B API not found . WADL feature is disabled.
14-May-2025 12:46:31.176 WARNING [main] org.glassfish.jersey.internal.inject.Providers.checkProviderRuntime A provider com.nimbusds.openid.connect.provider.authz.AuthorizationSessionEndpoint registered in SERVER runtime does not implement any provider interfaces applicable in the SERVER runtime. Due to constraint configuration problems the provider com.nimbusds.openid.connect.provider.authz.AuthorizationSessionEndpoint will be ignored. 
14-May-2025 12:46:31.210 WARNING [main] org.glassfish.jersey.server.wadl.WadlFeature.configure JAX-B API not found . WADL feature is disabled.
14-May-2025 12:46:31.213 WARNING [main] org.glassfish.jersey.internal.inject.Providers.checkProviderRuntime A provider com.nimbusds.openid.connect.provider.config.ConfigurationEndpoint registered in SERVER runtime does not implement any provider interfaces applicable in the SERVER runtime. Due to constraint configuration problems the provider com.nimbusds.openid.connect.provider.config.ConfigurationEndpoint will be ignored. 
14-May-2025 12:46:31.236 WARNING [main] org.glassfish.jersey.server.wadl.WadlFeature.configure JAX-B API not found . WADL feature is disabled.
14-May-2025 12:46:31.238 WARNING [main] org.glassfish.jersey.internal.inject.Providers.checkProviderRuntime A provider com.nimbusds.openid.connect.provider.authz.DirectAuthorizationEndpoint registered in SERVER runtime does not implement any provider interfaces applicable in the SERVER runtime. Due to constraint configuration problems the provider com.nimbusds.openid.connect.provider.authz.DirectAuthorizationEndpoint will be ignored. 
14-May-2025 12:46:31.261 WARNING [main] org.glassfish.jersey.server.wadl.WadlFeature.configure JAX-B API not found . WADL feature is disabled.
14-May-2025 12:46:31.265 WARNING [main] org.glassfish.jersey.internal.inject.Providers.checkProviderRuntime A provider com.nimbusds.openid.connect.provider.logout.endpoint.LogoutSessionEndpoint registered in SERVER runtime does not implement any provider interfaces applicable in the SERVER runtime. Due to constraint configuration problems the provider com.nimbusds.openid.connect.provider.logout.endpoint.LogoutSessionEndpoint will be ignored. 
14-May-2025 12:46:31.388 INFO [main] org.apache.catalina.startup.HostConfig.deployWAR Deployment of web application archive [/home/radu/TAK-Server/src/oidf-server/tomcat/webapps/c2id.war] has finished in [11,860] ms
14-May-2025 12:46:31.388 INFO [main] org.apache.catalina.startup.HostConfig.deployDirectory Deploying web application directory [/home/radu/TAK-Server/src/oidf-server/tomcat/webapps/manager]
14-May-2025 12:46:31.414 INFO [main] org.apache.catalina.startup.HostConfig.deployDirectory Deployment of web application directory [/home/radu/TAK-Server/src/oidf-server/tomcat/webapps/manager] has finished in [26] ms
14-May-2025 12:46:31.414 INFO [main] org.apache.catalina.startup.HostConfig.deployDirectory Deploying web application directory [/home/radu/TAK-Server/src/oidf-server/tomcat/webapps/ROOT]
14-May-2025 12:46:31.426 INFO [main] org.apache.catalina.startup.HostConfig.deployDirectory Deployment of web application directory [/home/radu/TAK-Server/src/oidf-server/tomcat/webapps/ROOT] has finished in [12] ms
14-May-2025 12:46:31.427 INFO [main] org.apache.catalina.startup.HostConfig.deployDirectory Deploying web application directory [/home/radu/TAK-Server/src/oidf-server/tomcat/webapps/host-manager]
14-May-2025 12:46:31.442 INFO [main] org.apache.catalina.startup.HostConfig.deployDirectory Deployment of web application directory [/home/radu/TAK-Server/src/oidf-server/tomcat/webapps/host-manager] has finished in [14] ms
14-May-2025 12:46:31.445 INFO [main] org.apache.coyote.AbstractProtocol.start Starting ProtocolHandler ["http-nio-8080"]
14-May-2025 12:46:31.458 INFO [main] org.apache.catalina.startup.Catalina.start Server startup in [18789] milliseconds
14-May-2025 12:46:39.661 INFO [main] org.apache.catalina.core.StandardServer.await A valid shutdown command was received via the shutdown port. Stopping the Server instance.
14-May-2025 12:46:39.662 INFO [main] org.apache.coyote.AbstractProtocol.pause Pausing ProtocolHandler ["http-nio-8080"]
14-May-2025 12:46:39.663 INFO [main] org.apache.catalina.core.StandardService.stopInternal Stopping service [Catalina]
[CM8005] Stopping Infinispan...
[CM8015] Stopped Infinispan cache clients.remoteRequestJWTClaimsCache in 3 ms
[CM8015] Stopped Infinispan cache op.loginHintTokenMap in 6 ms
[CM8015] Stopped Infinispan cache op.dPoPJTICache in 6 ms
[CM8015] Stopped Infinispan cache keyStore.jwkSetMap in 353 ms
[CM8015] Stopped Infinispan cache sessionStore.sessionMap in 365 ms
[CM8015] Stopped Infinispan cache federation.registrationsMap in 366 ms
[CM8015] Stopped Infinispan cache op.authSessionMap in 367 ms
[CM8015] Stopped Infinispan cache authzStore.revocationJournalMap in 367 ms
[CM8015] Stopped Infinispan cache clients.registrationsMap in 368 ms
[CM8015] Stopped Infinispan cache authzStore.expendedTokenMap in 368 ms
[CM8015] Stopped Infinispan cache clients.remoteJWKSetCache in 368 ms
[CM8015] Stopped Infinispan cache authzStore.codeMap in 369 ms
[CM8015] Stopped Infinispan cache authzStore.longLivedAuthzMap in 369 ms
[CM8015] Stopped Infinispan cache keyStore.jwkSetHistoryMap in 370 ms
[CM8015] Stopped Infinispan cache authzStore.idAccessTokenMap in 370 ms
[CM8015] Stopped Infinispan cache op.consentSessionMap in 371 ms
[CM8015] Stopped Infinispan cache sessionStore.subjectMap in 372 ms
[CM8015] Stopped Infinispan cache org.infinispan.CONFIG in 373 ms
14-May-2025 12:46:40.101 WARNING [main] org.apache.catalina.loader.WebappClassLoaderBase.clearReferencesThreads The web application [c2id] appears to have started a thread named [RxCachedWorkerPoolEvictor-1] but has failed to stop it. This is very likely to create a memory leak. Stack trace of thread:
 java.base@17.0.15/jdk.internal.misc.Unsafe.park(Native Method)
 java.base@17.0.15/java.util.concurrent.locks.LockSupport.parkNanos(LockSupport.java:252)
 java.base@17.0.15/java.util.concurrent.locks.AbstractQueuedSynchronizer$ConditionObject.awaitNanos(AbstractQueuedSynchronizer.java:1679)
 java.base@17.0.15/java.util.concurrent.ScheduledThreadPoolExecutor$DelayedWorkQueue.take(ScheduledThreadPoolExecutor.java:1182)
 java.base@17.0.15/java.util.concurrent.ScheduledThreadPoolExecutor$DelayedWorkQueue.take(ScheduledThreadPoolExecutor.java:899)
 java.base@17.0.15/java.util.concurrent.ThreadPoolExecutor.getTask(ThreadPoolExecutor.java:1062)
 java.base@17.0.15/java.util.concurrent.ThreadPoolExecutor.runWorker(ThreadPoolExecutor.java:1122)
 java.base@17.0.15/java.util.concurrent.ThreadPoolExecutor$Worker.run(ThreadPoolExecutor.java:635)
 java.base@17.0.15/java.lang.Thread.run(Thread.java:840)
14-May-2025 12:46:40.102 WARNING [main] org.apache.catalina.loader.WebappClassLoaderBase.clearReferencesThreads The web application [c2id] appears to have started a thread named [HttpClient-1-SelectorManager] but has failed to stop it. This is very likely to create a memory leak. Stack trace of thread:
 java.base@17.0.15/sun.nio.ch.EPoll.wait(Native Method)
 java.base@17.0.15/sun.nio.ch.EPollSelectorImpl.doSelect(EPollSelectorImpl.java:118)
 java.base@17.0.15/sun.nio.ch.SelectorImpl.lockAndDoSelect(SelectorImpl.java:129)
 java.base@17.0.15/sun.nio.ch.SelectorImpl.select(SelectorImpl.java:141)
 platform/java.net.http@17.0.15/jdk.internal.net.http.HttpClientImpl$SelectorManager.run(HttpClientImpl.java:894)
14-May-2025 12:46:40.120 INFO [main] org.apache.coyote.AbstractProtocol.stop Stopping ProtocolHandler ["http-nio-8080"]
14-May-2025 12:46:40.126 INFO [main] org.apache.coyote.AbstractProtocol.destroy Destroying ProtocolHandler ["http-nio-8080"]
14-May-2025 12:47:00.438 INFO [main] org.apache.catalina.startup.VersionLoggerListener.log Server version name:   Apache Tomcat/10.1.39
14-May-2025 12:47:00.443 INFO [main] org.apache.catalina.startup.VersionLoggerListener.log Server built:          Mar 4 2025 19:02:32 UTC
14-May-2025 12:47:00.443 INFO [main] org.apache.catalina.startup.VersionLoggerListener.log Server version number: 10.1.39.0
14-May-2025 12:47:00.443 INFO [main] org.apache.catalina.startup.VersionLoggerListener.log OS Name:               Linux
14-May-2025 12:47:00.444 INFO [main] org.apache.catalina.startup.VersionLoggerListener.log OS Version:            6.8.0-59-generic
14-May-2025 12:47:00.444 INFO [main] org.apache.catalina.startup.VersionLoggerListener.log Architecture:          amd64
14-May-2025 12:47:00.444 INFO [main] org.apache.catalina.startup.VersionLoggerListener.log Java Home:             /usr/lib/jvm/java-17-openjdk-amd64
14-May-2025 12:47:00.444 INFO [main] org.apache.catalina.startup.VersionLoggerListener.log JVM Version:           17.0.15+6-Ubuntu-0ubuntu122.04
14-May-2025 12:47:00.444 INFO [main] org.apache.catalina.startup.VersionLoggerListener.log JVM Vendor:            Ubuntu
14-May-2025 12:47:00.444 INFO [main] org.apache.catalina.startup.VersionLoggerListener.log CATALINA_BASE:         /home/radu/TAK-Server/src/oidf-server/tomcat
14-May-2025 12:47:00.444 INFO [main] org.apache.catalina.startup.VersionLoggerListener.log CATALINA_HOME:         /home/radu/TAK-Server/src/oidf-server/tomcat
14-May-2025 12:47:00.446 INFO [main] org.apache.catalina.core.AprLifecycleListener.lifecycleEvent The Apache Tomcat Native library which allows using OpenSSL was not found on the java.library.path: [/home/radu/opt/lib::/usr/java/packages/lib:/usr/lib/x86_64-linux-gnu/jni:/lib/x86_64-linux-gnu:/usr/lib/x86_64-linux-gnu:/usr/lib/jni:/lib:/usr/lib]
14-May-2025 12:47:00.734 INFO [main] org.apache.coyote.AbstractProtocol.init Initializing ProtocolHandler ["http-nio-8080"]
14-May-2025 12:47:00.758 INFO [main] org.apache.catalina.startup.Catalina.load Server initialization in [481] milliseconds
14-May-2025 12:47:00.807 INFO [main] org.apache.catalina.core.StandardService.startInternal Starting service [Catalina]
14-May-2025 12:47:00.807 INFO [main] org.apache.catalina.core.StandardEngine.startInternal Starting Servlet engine: [Apache Tomcat/10.1.39]
14-May-2025 12:47:00.823 INFO [main] org.apache.catalina.startup.HostConfig.deployWAR Deploying web application archive [/home/radu/TAK-Server/src/oidf-server/tomcat/webapps/ldapauth.war]
14-May-2025 12:47:01.185 INFO [main] org.apache.jasper.servlet.TldScanner.scanJars At least one JAR was scanned for TLDs yet contained no TLDs. Enable debug logging for this logger for a complete list of JARs that were scanned but no TLDs were found in them. Skipping unneeded JARs during scanning can improve startup time and JSP compilation time.
14-May-2025 12:47:01.929 INFO [main] org.apache.catalina.startup.HostConfig.deployWAR Deployment of web application archive [/home/radu/TAK-Server/src/oidf-server/tomcat/webapps/ldapauth.war] has finished in [1,106] ms
14-May-2025 12:47:01.930 INFO [main] org.apache.catalina.startup.HostConfig.deployWAR Deploying web application archive [/home/radu/TAK-Server/src/oidf-server/tomcat/webapps/password-grant-handler.war]
14-May-2025 12:47:02.120 INFO [main] org.apache.jasper.servlet.TldScanner.scanJars At least one JAR was scanned for TLDs yet contained no TLDs. Enable debug logging for this logger for a complete list of JARs that were scanned but no TLDs were found in them. Skipping unneeded JARs during scanning can improve startup time and JSP compilation time.
14-May-2025 12:47:02.385 INFO [main] org.apache.catalina.startup.HostConfig.deployWAR Deployment of web application archive [/home/radu/TAK-Server/src/oidf-server/tomcat/webapps/password-grant-handler.war] has finished in [454] ms
14-May-2025 12:47:02.385 INFO [main] org.apache.catalina.startup.HostConfig.deployWAR Deploying web application archive [/home/radu/TAK-Server/src/oidf-server/tomcat/webapps/c2id-login.war]
14-May-2025 12:47:03.415 INFO [main] org.apache.jasper.servlet.TldScanner.scanJars At least one JAR was scanned for TLDs yet contained no TLDs. Enable debug logging for this logger for a complete list of JARs that were scanned but no TLDs were found in them. Skipping unneeded JARs during scanning can improve startup time and JSP compilation time.

                                  _   ___  _     _
                                 | | |__ \(_)   | |
   ___ ___  _ __  _ __   ___  ___| |_   ) )_  __| |
  / __/ _ \| '_ \| '_ \ / _ \/ __| __| / /| |/ _` |
 | (_| (_) | | | | | | |  __/ (__| |_ / /_| | (_| |
  \___\___/|_| |_|_| |_|\___|\___|\__|____|_|\__,_|  Login  (v3.4.5-migrated-1.0.9)

2025-05-14 12:47:04.260  INFO 252867 --- [           main] com.nimbusds.login.C2idLogin             : Starting C2idLogin v3.4.5-migrated-1.0.9 using Java 17.0.15 on lenss-10 with PID 252867 (/home/radu/TAK-Server/src/oidf-server/tomcat/webapps/c2id-login/WEB-INF/classes started by radu in /home/radu/TAK-Server/src/oidf-server/tomcat/bin)
2025-05-14 12:47:04.263  INFO 252867 --- [           main] com.nimbusds.login.C2idLogin             : The following profiles are active: prod
2025-05-14 12:47:06.019  INFO 252867 --- [           main] com.nimbusds.login.C2idLogin             : Started C2idLogin in 2.361 seconds (JVM running for 5.937)
14-May-2025 12:47:06.031 INFO [main] org.apache.catalina.startup.HostConfig.deployWAR Deployment of web application archive [/home/radu/TAK-Server/src/oidf-server/tomcat/webapps/c2id-login.war] has finished in [3,645] ms
14-May-2025 12:47:06.032 INFO [main] org.apache.catalina.startup.HostConfig.deployWAR Deploying web application archive [/home/radu/TAK-Server/src/oidf-server/tomcat/webapps/oidc-client.war]
May 14, 2025 12:47:06 PM org.apache.jasper.servlet.TldScanner scanJars
INFO: At least one JAR was scanned for TLDs yet contained no TLDs. Enable debug logging for this logger for a complete list of JARs that were scanned but no TLDs were found in them. Skipping unneeded JARs during scanning can improve startup time and JSP compilation time.
May 14, 2025 12:47:06 PM org.apache.catalina.core.ApplicationContext log
INFO: Initializing AtmosphereFramework
May 14, 2025 12:47:06 PM org.atmosphere.cpr.AtmosphereFramework addAtmosphereHandler
INFO: Installed AtmosphereHandler com.vaadin.server.communication.PushAtmosphereHandler mapped to context-path: /*
May 14, 2025 12:47:06 PM org.atmosphere.cpr.AtmosphereFramework addAtmosphereHandler
INFO: Installed the following AtmosphereInterceptor mapped to AtmosphereHandler com.vaadin.server.communication.PushAtmosphereHandler
May 14, 2025 12:47:06 PM org.atmosphere.util.IOUtils readServiceFile
INFO: META-INF/services/org.atmosphere.cpr.AtmosphereFramework not found in class loader
May 14, 2025 12:47:06 PM org.atmosphere.cpr.AtmosphereFramework autoConfigureService
INFO: Atmosphere is using org.atmosphere.util.VoidAnnotationProcessor for processing annotation
May 14, 2025 12:47:06 PM org.atmosphere.cpr.AtmosphereFramework initWebSocket
INFO: Installed WebSocketProtocol org.atmosphere.websocket.protocol.SimpleHttpProtocol 
May 14, 2025 12:47:06 PM org.atmosphere.container.JSR356AsyncSupport <init>
INFO: JSR 356 Mapping path /cb
May 14, 2025 12:47:06 PM org.atmosphere.cpr.AtmosphereFramework configureAtmosphereInterceptor
INFO: Installing Default AtmosphereInterceptors
May 14, 2025 12:47:06 PM org.atmosphere.cpr.AtmosphereFramework newAInterceptor
INFO: 	org.atmosphere.interceptor.CorsInterceptor : CORS Interceptor Support
May 14, 2025 12:47:06 PM org.atmosphere.cpr.AtmosphereFramework newAInterceptor
INFO: 	org.atmosphere.interceptor.CacheHeadersInterceptor : Default Response's Headers Interceptor
May 14, 2025 12:47:06 PM org.atmosphere.cpr.AtmosphereFramework newAInterceptor
INFO: 	org.atmosphere.interceptor.PaddingAtmosphereInterceptor : Browser Padding Interceptor Support
May 14, 2025 12:47:06 PM org.atmosphere.cpr.AtmosphereFramework newAInterceptor
INFO: 	org.atmosphere.interceptor.AndroidAtmosphereInterceptor : Android Interceptor Support
May 14, 2025 12:47:06 PM org.atmosphere.cpr.AtmosphereFramework configureAtmosphereInterceptor
INFO: Dropping Interceptor org.atmosphere.interceptor.HeartbeatInterceptor
May 14, 2025 12:47:06 PM org.atmosphere.cpr.AtmosphereFramework newAInterceptor
INFO: 	org.atmosphere.interceptor.SSEAtmosphereInterceptor : SSE Interceptor Support
May 14, 2025 12:47:06 PM org.atmosphere.cpr.AtmosphereFramework newAInterceptor
INFO: 	org.atmosphere.interceptor.JSONPAtmosphereInterceptor : JSONP Interceptor Support
May 14, 2025 12:47:06 PM org.atmosphere.cpr.AtmosphereFramework newAInterceptor
INFO: 	org.atmosphere.interceptor.JavaScriptProtocol : Atmosphere JavaScript Protocol
May 14, 2025 12:47:06 PM org.atmosphere.cpr.AtmosphereFramework newAInterceptor
INFO: 	org.atmosphere.interceptor.WebSocketMessageSuspendInterceptor : org.atmosphere.interceptor.WebSocketMessageSuspendInterceptor
May 14, 2025 12:47:06 PM org.atmosphere.cpr.AtmosphereFramework newAInterceptor
INFO: 	org.atmosphere.interceptor.OnDisconnectInterceptor : Browser disconnection detection
May 14, 2025 12:47:06 PM org.atmosphere.cpr.AtmosphereFramework newAInterceptor
INFO: 	org.atmosphere.interceptor.IdleResourceInterceptor : org.atmosphere.interceptor.IdleResourceInterceptor
May 14, 2025 12:47:06 PM org.atmosphere.cpr.AtmosphereFramework configureAtmosphereInterceptor
INFO: Set org.atmosphere.cpr.AtmosphereInterceptor.disableDefaults to disable them.
May 14, 2025 12:47:06 PM org.atmosphere.cpr.AtmosphereFramework info
INFO: Using EndpointMapper class org.atmosphere.util.DefaultEndpointMapper
May 14, 2025 12:47:06 PM org.atmosphere.cpr.AtmosphereFramework info
INFO: Using BroadcasterCache: org.atmosphere.cache.UUIDBroadcasterCache
May 14, 2025 12:47:06 PM org.atmosphere.cpr.AtmosphereFramework info
INFO: Default Broadcaster Class: org.atmosphere.cpr.DefaultBroadcaster
May 14, 2025 12:47:06 PM org.atmosphere.cpr.AtmosphereFramework info
INFO: Broadcaster Polling Wait Time 100
May 14, 2025 12:47:06 PM org.atmosphere.cpr.AtmosphereFramework info
INFO: Shared ExecutorService supported: true
May 14, 2025 12:47:06 PM org.atmosphere.cpr.AtmosphereFramework info
INFO: Messaging Thread Pool Size: Unlimited
May 14, 2025 12:47:06 PM org.atmosphere.cpr.AtmosphereFramework info
INFO: Async I/O Thread Pool Size: 200
May 14, 2025 12:47:06 PM org.atmosphere.cpr.AtmosphereFramework info
INFO: Using BroadcasterFactory: org.atmosphere.cpr.DefaultBroadcasterFactory
May 14, 2025 12:47:06 PM org.atmosphere.cpr.AtmosphereFramework info
INFO: Using WebSocketProcessor: org.atmosphere.websocket.DefaultWebSocketProcessor
May 14, 2025 12:47:06 PM org.atmosphere.cpr.AtmosphereFramework info
INFO: Invoke AtmosphereInterceptor on WebSocket message true
May 14, 2025 12:47:06 PM org.atmosphere.cpr.AtmosphereFramework info
INFO: HttpSession supported: true
May 14, 2025 12:47:06 PM org.atmosphere.cpr.AtmosphereFramework info
INFO: Atmosphere is using DefaultAtmosphereObjectFactory for dependency injection and object creation
May 14, 2025 12:47:06 PM org.atmosphere.cpr.AtmosphereFramework info
INFO: Atmosphere is using async support: org.atmosphere.container.JSR356AsyncSupport running under container: Apache Tomcat/10.1.39 using jakarta.servlet/3.0 and jsr356/WebSocket API
May 14, 2025 12:47:06 PM org.atmosphere.cpr.AtmosphereFramework info
INFO: Atmosphere Framework 2.2.13.vaadin1 started.
May 14, 2025 12:47:06 PM org.atmosphere.cpr.AtmosphereFramework interceptor
INFO: Installed AtmosphereInterceptor  Track Message Size Interceptor using | with priority BEFORE_DEFAULT 
May 14, 2025 12:47:06 PM org.atmosphere.cpr.AtmosphereFramework addAtmosphereHandler
INFO: Installed AtmosphereHandler com.vaadin.server.communication.PushAtmosphereHandler mapped to context-path: /*
May 14, 2025 12:47:06 PM org.atmosphere.cpr.AtmosphereFramework addAtmosphereHandler
INFO: Installed the following AtmosphereInterceptor mapped to AtmosphereHandler com.vaadin.server.communication.PushAtmosphereHandler
May 14, 2025 12:47:06 PM org.atmosphere.util.IOUtils readServiceFile
INFO: META-INF/services/org.atmosphere.cpr.AtmosphereFramework not found in class loader
May 14, 2025 12:47:06 PM org.atmosphere.cpr.AtmosphereFramework autoConfigureService
INFO: Atmosphere is using org.atmosphere.util.VoidAnnotationProcessor for processing annotation
May 14, 2025 12:47:06 PM org.atmosphere.cpr.AtmosphereFramework initWebSocket
INFO: Installed WebSocketProtocol org.atmosphere.websocket.protocol.SimpleHttpProtocol 
May 14, 2025 12:47:06 PM org.atmosphere.container.JSR356AsyncSupport <init>
INFO: JSR 356 Mapping path /{path}
May 14, 2025 12:47:06 PM org.atmosphere.cpr.AtmosphereFramework configureAtmosphereInterceptor
INFO: Installing Default AtmosphereInterceptors
May 14, 2025 12:47:06 PM org.atmosphere.cpr.AtmosphereFramework newAInterceptor
INFO: 	org.atmosphere.interceptor.CorsInterceptor : CORS Interceptor Support
May 14, 2025 12:47:06 PM org.atmosphere.cpr.AtmosphereFramework newAInterceptor
INFO: 	org.atmosphere.interceptor.CacheHeadersInterceptor : Default Response's Headers Interceptor
May 14, 2025 12:47:06 PM org.atmosphere.cpr.AtmosphereFramework newAInterceptor
INFO: 	org.atmosphere.interceptor.PaddingAtmosphereInterceptor : Browser Padding Interceptor Support
May 14, 2025 12:47:06 PM org.atmosphere.cpr.AtmosphereFramework newAInterceptor
INFO: 	org.atmosphere.interceptor.AndroidAtmosphereInterceptor : Android Interceptor Support
May 14, 2025 12:47:06 PM org.atmosphere.cpr.AtmosphereFramework configureAtmosphereInterceptor
INFO: Dropping Interceptor org.atmosphere.interceptor.HeartbeatInterceptor
May 14, 2025 12:47:06 PM org.atmosphere.cpr.AtmosphereFramework newAInterceptor
INFO: 	org.atmosphere.interceptor.SSEAtmosphereInterceptor : SSE Interceptor Support
May 14, 2025 12:47:06 PM org.atmosphere.cpr.AtmosphereFramework newAInterceptor
INFO: 	org.atmosphere.interceptor.JSONPAtmosphereInterceptor : JSONP Interceptor Support
May 14, 2025 12:47:06 PM org.atmosphere.cpr.AtmosphereFramework newAInterceptor
INFO: 	org.atmosphere.interceptor.JavaScriptProtocol : Atmosphere JavaScript Protocol
May 14, 2025 12:47:06 PM org.atmosphere.cpr.AtmosphereFramework newAInterceptor
INFO: 	org.atmosphere.interceptor.WebSocketMessageSuspendInterceptor : org.atmosphere.interceptor.WebSocketMessageSuspendInterceptor
May 14, 2025 12:47:06 PM org.atmosphere.cpr.AtmosphereFramework newAInterceptor
INFO: 	org.atmosphere.interceptor.OnDisconnectInterceptor : Browser disconnection detection
May 14, 2025 12:47:06 PM org.atmosphere.cpr.AtmosphereFramework newAInterceptor
INFO: 	org.atmosphere.interceptor.IdleResourceInterceptor : org.atmosphere.interceptor.IdleResourceInterceptor
May 14, 2025 12:47:06 PM org.atmosphere.cpr.AtmosphereFramework configureAtmosphereInterceptor
INFO: Set org.atmosphere.cpr.AtmosphereInterceptor.disableDefaults to disable them.
May 14, 2025 12:47:06 PM org.atmosphere.cpr.AtmosphereFramework info
INFO: Using EndpointMapper class org.atmosphere.util.DefaultEndpointMapper
May 14, 2025 12:47:06 PM org.atmosphere.cpr.AtmosphereFramework info
INFO: Using BroadcasterCache: org.atmosphere.cache.UUIDBroadcasterCache
May 14, 2025 12:47:06 PM org.atmosphere.cpr.AtmosphereFramework info
INFO: Default Broadcaster Class: org.atmosphere.cpr.DefaultBroadcaster
May 14, 2025 12:47:06 PM org.atmosphere.cpr.AtmosphereFramework info
INFO: Broadcaster Polling Wait Time 100
May 14, 2025 12:47:06 PM org.atmosphere.cpr.AtmosphereFramework info
INFO: Shared ExecutorService supported: true
May 14, 2025 12:47:06 PM org.atmosphere.cpr.AtmosphereFramework info
INFO: Messaging Thread Pool Size: Unlimited
May 14, 2025 12:47:06 PM org.atmosphere.cpr.AtmosphereFramework info
INFO: Async I/O Thread Pool Size: 200
May 14, 2025 12:47:06 PM org.atmosphere.cpr.AtmosphereFramework info
INFO: Using BroadcasterFactory: org.atmosphere.cpr.DefaultBroadcasterFactory
May 14, 2025 12:47:06 PM org.atmosphere.cpr.AtmosphereFramework info
INFO: Using WebSocketProcessor: org.atmosphere.websocket.DefaultWebSocketProcessor
May 14, 2025 12:47:06 PM org.atmosphere.cpr.AtmosphereFramework info
INFO: Invoke AtmosphereInterceptor on WebSocket message true
May 14, 2025 12:47:06 PM org.atmosphere.cpr.AtmosphereFramework info
INFO: HttpSession supported: true
May 14, 2025 12:47:06 PM org.atmosphere.cpr.AtmosphereFramework info
INFO: Atmosphere is using DefaultAtmosphereObjectFactory for dependency injection and object creation
May 14, 2025 12:47:06 PM org.atmosphere.cpr.AtmosphereFramework info
INFO: Atmosphere is using async support: org.atmosphere.container.JSR356AsyncSupport running under container: Apache Tomcat/10.1.39 using jakarta.servlet/3.0 and jsr356/WebSocket API
May 14, 2025 12:47:06 PM org.atmosphere.cpr.AtmosphereFramework info
INFO: Atmosphere Framework 2.2.13.vaadin1 started.
May 14, 2025 12:47:06 PM org.atmosphere.cpr.AtmosphereFramework interceptor
INFO: Installed AtmosphereInterceptor  Track Message Size Interceptor using | with priority BEFORE_DEFAULT 
14-May-2025 12:47:06.957 INFO [main] org.apache.catalina.startup.HostConfig.deployWAR Deployment of web application archive [/home/radu/TAK-Server/src/oidf-server/tomcat/webapps/oidc-client.war] has finished in [925] ms
14-May-2025 12:47:06.958 INFO [main] org.apache.catalina.startup.HostConfig.deployWAR Deploying web application archive [/home/radu/TAK-Server/src/oidf-server/tomcat/webapps/c2id-logout.war]
14-May-2025 12:47:07.105 INFO [main] org.apache.jasper.servlet.TldScanner.scanJars At least one JAR was scanned for TLDs yet contained no TLDs. Enable debug logging for this logger for a complete list of JARs that were scanned but no TLDs were found in them. Skipping unneeded JARs during scanning can improve startup time and JSP compilation time.
14-May-2025 12:47:07.115 INFO [main] org.apache.catalina.startup.HostConfig.deployWAR Deployment of web application archive [/home/radu/TAK-Server/src/oidf-server/tomcat/webapps/c2id-logout.war] has finished in [156] ms
14-May-2025 12:47:07.115 INFO [main] org.apache.catalina.startup.HostConfig.deployWAR Deploying web application archive [/home/radu/TAK-Server/src/oidf-server/tomcat/webapps/c2id.war]
14-May-2025 12:47:11.776 INFO [main] org.apache.jasper.servlet.TldScanner.scanJars At least one JAR was scanned for TLDs yet contained no TLDs. Enable debug logging for this logger for a complete list of JARs that were scanned but no TLDs were found in them. Skipping unneeded JARs during scanning can improve startup time and JSP compilation time.
SLF4J(W): No SLF4J providers were found.
SLF4J(W): Defaulting to no-operation (NOP) logger implementation
SLF4J(W): See https://www.slf4j.org/codes.html#noProviders for further details.
SLF4J(W): Class path contains SLF4J bindings targeting slf4j-api versions 1.7.x or earlier.
SLF4J(W): Ignoring binding found at [jar:file:/home/radu/TAK-Server/src/oidf-server/tomcat/webapps/c2id/WEB-INF/lib/log4j-slf4j-impl-2.24.2.jar!/org/slf4j/impl/StaticLoggerBinder.class]
SLF4J(W): See https://www.slf4j.org/codes.html#ignoredBindings for an explanation.
14-May-2025 12:47:17.463 WARNING [main] org.glassfish.jersey.message.internal.MessagingBinders$EnabledProvidersBinder.bindToBinder A class jakarta.activation.DataSource for a default provider MessageBodyWriter<jakarta.activation.DataSource> was not found. The provider is not available.
14-May-2025 12:47:17.488 WARNING [main] org.glassfish.jersey.server.wadl.WadlFeature.configure JAX-B API not found . WADL feature is disabled.
14-May-2025 12:47:17.576 WARNING [main] org.glassfish.jersey.internal.inject.Providers.checkProviderRuntime A provider com.nimbusds.openid.connect.provider.sts.STSEndpoint registered in SERVER runtime does not implement any provider interfaces applicable in the SERVER runtime. Due to constraint configuration problems the provider com.nimbusds.openid.connect.provider.sts.STSEndpoint will be ignored. 
14-May-2025 12:47:17.705 WARNING [main] org.glassfish.jersey.server.wadl.WadlFeature.configure JAX-B API not found . WADL feature is disabled.
14-May-2025 12:47:17.715 WARNING [main] org.glassfish.jersey.internal.inject.Providers.checkProviderRuntime A provider com.nimbusds.authzstore.rest.WebAPI registered in SERVER runtime does not implement any provider interfaces applicable in the SERVER runtime. Due to constraint configuration problems the provider com.nimbusds.authzstore.rest.WebAPI will be ignored. 
14-May-2025 12:47:17.800 WARNING [main] org.glassfish.jersey.server.wadl.WadlFeature.configure JAX-B API not found . WADL feature is disabled.
14-May-2025 12:47:17.803 WARNING [main] org.glassfish.jersey.internal.inject.Providers.checkProviderRuntime A provider com.nimbusds.openid.connect.provider.ciba.sessions.CIBASessionsEndpoint registered in SERVER runtime does not implement any provider interfaces applicable in the SERVER runtime. Due to constraint configuration problems the provider com.nimbusds.openid.connect.provider.ciba.sessions.CIBASessionsEndpoint will be ignored. 
14-May-2025 12:47:17.836 WARNING [main] org.glassfish.jersey.server.wadl.WadlFeature.configure JAX-B API not found . WADL feature is disabled.
14-May-2025 12:47:17.839 WARNING [main] org.glassfish.jersey.internal.inject.Providers.checkProviderRuntime A provider com.nimbusds.openid.connect.provider.checksession.CheckSessionBackendEndpoint registered in SERVER runtime does not implement any provider interfaces applicable in the SERVER runtime. Due to constraint configuration problems the provider com.nimbusds.openid.connect.provider.checksession.CheckSessionBackendEndpoint will be ignored. 
14-May-2025 12:47:17.879 WARNING [main] org.glassfish.jersey.server.wadl.WadlFeature.configure JAX-B API not found . WADL feature is disabled.
14-May-2025 12:47:18.006 WARNING [main] org.glassfish.jersey.server.wadl.WadlFeature.configure JAX-B API not found . WADL feature is disabled.
14-May-2025 12:47:18.019 WARNING [main] org.glassfish.jersey.internal.inject.Providers.checkProviderRuntime A provider com.nimbusds.sessionstore.rest.WebAPI registered in SERVER runtime does not implement any provider interfaces applicable in the SERVER runtime. Due to constraint configuration problems the provider com.nimbusds.sessionstore.rest.WebAPI will be ignored. 
14-May-2025 12:47:18.072 WARNING [main] org.glassfish.jersey.server.wadl.WadlFeature.configure JAX-B API not found . WADL feature is disabled.
14-May-2025 12:47:18.076 WARNING [main] org.glassfish.jersey.internal.inject.Providers.checkProviderRuntime A provider com.nimbusds.openid.connect.provider.authz.AuthorizationSessionEndpoint registered in SERVER runtime does not implement any provider interfaces applicable in the SERVER runtime. Due to constraint configuration problems the provider com.nimbusds.openid.connect.provider.authz.AuthorizationSessionEndpoint will be ignored. 
14-May-2025 12:47:18.110 WARNING [main] org.glassfish.jersey.server.wadl.WadlFeature.configure JAX-B API not found . WADL feature is disabled.
14-May-2025 12:47:18.112 WARNING [main] org.glassfish.jersey.internal.inject.Providers.checkProviderRuntime A provider com.nimbusds.openid.connect.provider.config.ConfigurationEndpoint registered in SERVER runtime does not implement any provider interfaces applicable in the SERVER runtime. Due to constraint configuration problems the provider com.nimbusds.openid.connect.provider.config.ConfigurationEndpoint will be ignored. 
14-May-2025 12:47:18.134 WARNING [main] org.glassfish.jersey.server.wadl.WadlFeature.configure JAX-B API not found . WADL feature is disabled.
14-May-2025 12:47:18.137 WARNING [main] org.glassfish.jersey.internal.inject.Providers.checkProviderRuntime A provider com.nimbusds.openid.connect.provider.authz.DirectAuthorizationEndpoint registered in SERVER runtime does not implement any provider interfaces applicable in the SERVER runtime. Due to constraint configuration problems the provider com.nimbusds.openid.connect.provider.authz.DirectAuthorizationEndpoint will be ignored. 
14-May-2025 12:47:18.161 WARNING [main] org.glassfish.jersey.server.wadl.WadlFeature.configure JAX-B API not found . WADL feature is disabled.
14-May-2025 12:47:18.165 WARNING [main] org.glassfish.jersey.internal.inject.Providers.checkProviderRuntime A provider com.nimbusds.openid.connect.provider.logout.endpoint.LogoutSessionEndpoint registered in SERVER runtime does not implement any provider interfaces applicable in the SERVER runtime. Due to constraint configuration problems the provider com.nimbusds.openid.connect.provider.logout.endpoint.LogoutSessionEndpoint will be ignored. 
14-May-2025 12:47:18.320 INFO [main] org.apache.catalina.startup.HostConfig.deployWAR Deployment of web application archive [/home/radu/TAK-Server/src/oidf-server/tomcat/webapps/c2id.war] has finished in [11,205] ms
14-May-2025 12:47:18.321 INFO [main] org.apache.catalina.startup.HostConfig.deployDirectory Deploying web application directory [/home/radu/TAK-Server/src/oidf-server/tomcat/webapps/manager]
14-May-2025 12:47:18.352 INFO [main] org.apache.catalina.startup.HostConfig.deployDirectory Deployment of web application directory [/home/radu/TAK-Server/src/oidf-server/tomcat/webapps/manager] has finished in [31] ms
14-May-2025 12:47:18.352 INFO [main] org.apache.catalina.startup.HostConfig.deployDirectory Deploying web application directory [/home/radu/TAK-Server/src/oidf-server/tomcat/webapps/ROOT]
14-May-2025 12:47:18.366 INFO [main] org.apache.catalina.startup.HostConfig.deployDirectory Deployment of web application directory [/home/radu/TAK-Server/src/oidf-server/tomcat/webapps/ROOT] has finished in [14] ms
14-May-2025 12:47:18.366 INFO [main] org.apache.catalina.startup.HostConfig.deployDirectory Deploying web application directory [/home/radu/TAK-Server/src/oidf-server/tomcat/webapps/host-manager]
14-May-2025 12:47:18.383 INFO [main] org.apache.catalina.startup.HostConfig.deployDirectory Deployment of web application directory [/home/radu/TAK-Server/src/oidf-server/tomcat/webapps/host-manager] has finished in [17] ms
14-May-2025 12:47:18.387 INFO [main] org.apache.coyote.AbstractProtocol.start Starting ProtocolHandler ["http-nio-8080"]
14-May-2025 12:47:18.400 INFO [main] org.apache.catalina.startup.Catalina.start Server startup in [17642] milliseconds
14-May-2025 12:47:24.140 INFO [main] org.apache.catalina.core.StandardServer.await A valid shutdown command was received via the shutdown port. Stopping the Server instance.
14-May-2025 12:47:24.141 INFO [main] org.apache.coyote.AbstractProtocol.pause Pausing ProtocolHandler ["http-nio-8080"]
14-May-2025 12:47:24.142 INFO [main] org.apache.catalina.core.StandardService.stopInternal Stopping service [Catalina]
[CM8005] Stopping Infinispan...
[CM8015] Stopped Infinispan cache clients.remoteRequestJWTClaimsCache in 4 ms
[CM8015] Stopped Infinispan cache op.loginHintTokenMap in 6 ms
[CM8015] Stopped Infinispan cache op.dPoPJTICache in 6 ms
[CM8015] Stopped Infinispan cache keyStore.jwkSetMap in 371 ms
[CM8015] Stopped Infinispan cache sessionStore.sessionMap in 383 ms
[CM8015] Stopped Infinispan cache federation.registrationsMap in 384 ms
[CM8015] Stopped Infinispan cache op.authSessionMap in 385 ms
[CM8015] Stopped Infinispan cache authzStore.revocationJournalMap in 385 ms
[CM8015] Stopped Infinispan cache clients.registrationsMap in 386 ms
[CM8015] Stopped Infinispan cache authzStore.expendedTokenMap in 386 ms
[CM8015] Stopped Infinispan cache clients.remoteJWKSetCache in 386 ms
[CM8015] Stopped Infinispan cache authzStore.codeMap in 387 ms
[CM8015] Stopped Infinispan cache authzStore.longLivedAuthzMap in 387 ms
[CM8015] Stopped Infinispan cache keyStore.jwkSetHistoryMap in 388 ms
[CM8015] Stopped Infinispan cache authzStore.idAccessTokenMap in 388 ms
[CM8015] Stopped Infinispan cache op.consentSessionMap in 389 ms
[CM8015] Stopped Infinispan cache sessionStore.subjectMap in 390 ms
[CM8015] Stopped Infinispan cache org.infinispan.CONFIG in 391 ms
14-May-2025 12:47:24.595 WARNING [main] org.apache.catalina.loader.WebappClassLoaderBase.clearReferencesThreads The web application [c2id] appears to have started a thread named [RxCachedWorkerPoolEvictor-1] but has failed to stop it. This is very likely to create a memory leak. Stack trace of thread:
 java.base@17.0.15/jdk.internal.misc.Unsafe.park(Native Method)
 java.base@17.0.15/java.util.concurrent.locks.LockSupport.parkNanos(LockSupport.java:252)
 java.base@17.0.15/java.util.concurrent.locks.AbstractQueuedSynchronizer$ConditionObject.awaitNanos(AbstractQueuedSynchronizer.java:1679)
 java.base@17.0.15/java.util.concurrent.ScheduledThreadPoolExecutor$DelayedWorkQueue.take(ScheduledThreadPoolExecutor.java:1182)
 java.base@17.0.15/java.util.concurrent.ScheduledThreadPoolExecutor$DelayedWorkQueue.take(ScheduledThreadPoolExecutor.java:899)
 java.base@17.0.15/java.util.concurrent.ThreadPoolExecutor.getTask(ThreadPoolExecutor.java:1062)
 java.base@17.0.15/java.util.concurrent.ThreadPoolExecutor.runWorker(ThreadPoolExecutor.java:1122)
 java.base@17.0.15/java.util.concurrent.ThreadPoolExecutor$Worker.run(ThreadPoolExecutor.java:635)
 java.base@17.0.15/java.lang.Thread.run(Thread.java:840)
14-May-2025 12:47:24.595 WARNING [main] org.apache.catalina.loader.WebappClassLoaderBase.clearReferencesThreads The web application [c2id] appears to have started a thread named [HttpClient-1-SelectorManager] but has failed to stop it. This is very likely to create a memory leak. Stack trace of thread:
 java.base@17.0.15/sun.nio.ch.EPoll.wait(Native Method)
 java.base@17.0.15/sun.nio.ch.EPollSelectorImpl.doSelect(EPollSelectorImpl.java:118)
 java.base@17.0.15/sun.nio.ch.SelectorImpl.lockAndDoSelect(SelectorImpl.java:129)
 java.base@17.0.15/sun.nio.ch.SelectorImpl.select(SelectorImpl.java:141)
 platform/java.net.http@17.0.15/jdk.internal.net.http.HttpClientImpl$SelectorManager.run(HttpClientImpl.java:894)
14-May-2025 12:47:24.614 INFO [main] org.apache.coyote.AbstractProtocol.stop Stopping ProtocolHandler ["http-nio-8080"]
14-May-2025 12:47:24.623 INFO [main] org.apache.coyote.AbstractProtocol.destroy Destroying ProtocolHandler ["http-nio-8080"]
14-May-2025 12:47:37.154 INFO [main] org.apache.catalina.startup.VersionLoggerListener.log Server version name:   Apache Tomcat/10.1.39
14-May-2025 12:47:37.160 INFO [main] org.apache.catalina.startup.VersionLoggerListener.log Server built:          Mar 4 2025 19:02:32 UTC
14-May-2025 12:47:37.160 INFO [main] org.apache.catalina.startup.VersionLoggerListener.log Server version number: 10.1.39.0
14-May-2025 12:47:37.161 INFO [main] org.apache.catalina.startup.VersionLoggerListener.log OS Name:               Linux
14-May-2025 12:47:37.161 INFO [main] org.apache.catalina.startup.VersionLoggerListener.log OS Version:            6.8.0-59-generic
14-May-2025 12:47:37.161 INFO [main] org.apache.catalina.startup.VersionLoggerListener.log Architecture:          amd64
14-May-2025 12:47:37.161 INFO [main] org.apache.catalina.startup.VersionLoggerListener.log Java Home:             /usr/lib/jvm/java-17-openjdk-amd64
14-May-2025 12:47:37.161 INFO [main] org.apache.catalina.startup.VersionLoggerListener.log JVM Version:           17.0.15+6-Ubuntu-0ubuntu122.04
14-May-2025 12:47:37.161 INFO [main] org.apache.catalina.startup.VersionLoggerListener.log JVM Vendor:            Ubuntu
14-May-2025 12:47:37.161 INFO [main] org.apache.catalina.startup.VersionLoggerListener.log CATALINA_BASE:         /home/radu/TAK-Server/src/oidf-server/tomcat
14-May-2025 12:47:37.162 INFO [main] org.apache.catalina.startup.VersionLoggerListener.log CATALINA_HOME:         /home/radu/TAK-Server/src/oidf-server/tomcat
14-May-2025 12:47:37.163 INFO [main] org.apache.catalina.core.AprLifecycleListener.lifecycleEvent The Apache Tomcat Native library which allows using OpenSSL was not found on the java.library.path: [/home/radu/opt/lib::/usr/java/packages/lib:/usr/lib/x86_64-linux-gnu/jni:/lib/x86_64-linux-gnu:/usr/lib/x86_64-linux-gnu:/usr/lib/jni:/lib:/usr/lib]
14-May-2025 12:47:37.436 INFO [main] org.apache.coyote.AbstractProtocol.init Initializing ProtocolHandler ["http-nio-8080"]
14-May-2025 12:47:37.462 INFO [main] org.apache.catalina.startup.Catalina.load Server initialization in [471] milliseconds
14-May-2025 12:47:37.509 INFO [main] org.apache.catalina.core.StandardService.startInternal Starting service [Catalina]
14-May-2025 12:47:37.509 INFO [main] org.apache.catalina.core.StandardEngine.startInternal Starting Servlet engine: [Apache Tomcat/10.1.39]
14-May-2025 12:47:37.525 INFO [main] org.apache.catalina.startup.HostConfig.deployWAR Deploying web application archive [/home/radu/TAK-Server/src/oidf-server/tomcat/webapps/ldapauth.war]
14-May-2025 12:47:37.886 INFO [main] org.apache.jasper.servlet.TldScanner.scanJars At least one JAR was scanned for TLDs yet contained no TLDs. Enable debug logging for this logger for a complete list of JARs that were scanned but no TLDs were found in them. Skipping unneeded JARs during scanning can improve startup time and JSP compilation time.
14-May-2025 12:47:38.560 INFO [main] org.apache.catalina.startup.HostConfig.deployWAR Deployment of web application archive [/home/radu/TAK-Server/src/oidf-server/tomcat/webapps/ldapauth.war] has finished in [1,034] ms
14-May-2025 12:47:38.561 INFO [main] org.apache.catalina.startup.HostConfig.deployWAR Deploying web application archive [/home/radu/TAK-Server/src/oidf-server/tomcat/webapps/password-grant-handler.war]
14-May-2025 12:47:38.787 INFO [main] org.apache.jasper.servlet.TldScanner.scanJars At least one JAR was scanned for TLDs yet contained no TLDs. Enable debug logging for this logger for a complete list of JARs that were scanned but no TLDs were found in them. Skipping unneeded JARs during scanning can improve startup time and JSP compilation time.
14-May-2025 12:47:39.099 INFO [main] org.apache.catalina.startup.HostConfig.deployWAR Deployment of web application archive [/home/radu/TAK-Server/src/oidf-server/tomcat/webapps/password-grant-handler.war] has finished in [538] ms
14-May-2025 12:47:39.099 INFO [main] org.apache.catalina.startup.HostConfig.deployWAR Deploying web application archive [/home/radu/TAK-Server/src/oidf-server/tomcat/webapps/c2id-login.war]
14-May-2025 12:47:40.143 INFO [main] org.apache.jasper.servlet.TldScanner.scanJars At least one JAR was scanned for TLDs yet contained no TLDs. Enable debug logging for this logger for a complete list of JARs that were scanned but no TLDs were found in them. Skipping unneeded JARs during scanning can improve startup time and JSP compilation time.

                                  _   ___  _     _
                                 | | |__ \(_)   | |
   ___ ___  _ __  _ __   ___  ___| |_   ) )_  __| |
  / __/ _ \| '_ \| '_ \ / _ \/ __| __| / /| |/ _` |
 | (_| (_) | | | | | | |  __/ (__| |_ / /_| | (_| |
  \___\___/|_| |_|_| |_|\___|\___|\__|____|_|\__,_|  Login  (v3.4.5-migrated-1.0.9)

2025-05-14 12:47:41.323  INFO 253077 --- [           main] com.nimbusds.login.C2idLogin             : Starting C2idLogin v3.4.5-migrated-1.0.9 using Java 17.0.15 on lenss-10 with PID 253077 (/home/radu/TAK-Server/src/oidf-server/tomcat/webapps/c2id-login/WEB-INF/classes started by radu in /home/radu/TAK-Server/src/oidf-server/tomcat/bin)
2025-05-14 12:47:41.333  INFO 253077 --- [           main] com.nimbusds.login.C2idLogin             : The following profiles are active: prod
2025-05-14 12:47:43.864  INFO 253077 --- [           main] com.nimbusds.login.C2idLogin             : Started C2idLogin in 3.493 seconds (JVM running for 7.066)
14-May-2025 12:47:43.873 INFO [main] org.apache.catalina.startup.HostConfig.deployWAR Deployment of web application archive [/home/radu/TAK-Server/src/oidf-server/tomcat/webapps/c2id-login.war] has finished in [4,774] ms
14-May-2025 12:47:43.874 INFO [main] org.apache.catalina.startup.HostConfig.deployWAR Deploying web application archive [/home/radu/TAK-Server/src/oidf-server/tomcat/webapps/oidc-client.war]
May 14, 2025 12:47:44 PM org.apache.jasper.servlet.TldScanner scanJars
INFO: At least one JAR was scanned for TLDs yet contained no TLDs. Enable debug logging for this logger for a complete list of JARs that were scanned but no TLDs were found in them. Skipping unneeded JARs during scanning can improve startup time and JSP compilation time.
May 14, 2025 12:47:44 PM org.apache.catalina.core.ApplicationContext log
INFO: Initializing AtmosphereFramework
May 14, 2025 12:47:44 PM org.atmosphere.cpr.AtmosphereFramework addAtmosphereHandler
INFO: Installed AtmosphereHandler com.vaadin.server.communication.PushAtmosphereHandler mapped to context-path: /*
May 14, 2025 12:47:44 PM org.atmosphere.cpr.AtmosphereFramework addAtmosphereHandler
INFO: Installed the following AtmosphereInterceptor mapped to AtmosphereHandler com.vaadin.server.communication.PushAtmosphereHandler
May 14, 2025 12:47:44 PM org.atmosphere.util.IOUtils readServiceFile
INFO: META-INF/services/org.atmosphere.cpr.AtmosphereFramework not found in class loader
May 14, 2025 12:47:44 PM org.atmosphere.cpr.AtmosphereFramework autoConfigureService
INFO: Atmosphere is using org.atmosphere.util.VoidAnnotationProcessor for processing annotation
May 14, 2025 12:47:44 PM org.atmosphere.cpr.AtmosphereFramework initWebSocket
INFO: Installed WebSocketProtocol org.atmosphere.websocket.protocol.SimpleHttpProtocol 
May 14, 2025 12:47:44 PM org.atmosphere.container.JSR356AsyncSupport <init>
INFO: JSR 356 Mapping path /cb
May 14, 2025 12:47:44 PM org.atmosphere.cpr.AtmosphereFramework configureAtmosphereInterceptor
INFO: Installing Default AtmosphereInterceptors
May 14, 2025 12:47:44 PM org.atmosphere.cpr.AtmosphereFramework newAInterceptor
INFO: 	org.atmosphere.interceptor.CorsInterceptor : CORS Interceptor Support
May 14, 2025 12:47:44 PM org.atmosphere.cpr.AtmosphereFramework newAInterceptor
INFO: 	org.atmosphere.interceptor.CacheHeadersInterceptor : Default Response's Headers Interceptor
May 14, 2025 12:47:44 PM org.atmosphere.cpr.AtmosphereFramework newAInterceptor
INFO: 	org.atmosphere.interceptor.PaddingAtmosphereInterceptor : Browser Padding Interceptor Support
May 14, 2025 12:47:44 PM org.atmosphere.cpr.AtmosphereFramework newAInterceptor
INFO: 	org.atmosphere.interceptor.AndroidAtmosphereInterceptor : Android Interceptor Support
May 14, 2025 12:47:44 PM org.atmosphere.cpr.AtmosphereFramework configureAtmosphereInterceptor
INFO: Dropping Interceptor org.atmosphere.interceptor.HeartbeatInterceptor
May 14, 2025 12:47:44 PM org.atmosphere.cpr.AtmosphereFramework newAInterceptor
INFO: 	org.atmosphere.interceptor.SSEAtmosphereInterceptor : SSE Interceptor Support
May 14, 2025 12:47:44 PM org.atmosphere.cpr.AtmosphereFramework newAInterceptor
INFO: 	org.atmosphere.interceptor.JSONPAtmosphereInterceptor : JSONP Interceptor Support
May 14, 2025 12:47:44 PM org.atmosphere.cpr.AtmosphereFramework newAInterceptor
INFO: 	org.atmosphere.interceptor.JavaScriptProtocol : Atmosphere JavaScript Protocol
May 14, 2025 12:47:44 PM org.atmosphere.cpr.AtmosphereFramework newAInterceptor
INFO: 	org.atmosphere.interceptor.WebSocketMessageSuspendInterceptor : org.atmosphere.interceptor.WebSocketMessageSuspendInterceptor
May 14, 2025 12:47:44 PM org.atmosphere.cpr.AtmosphereFramework newAInterceptor
INFO: 	org.atmosphere.interceptor.OnDisconnectInterceptor : Browser disconnection detection
May 14, 2025 12:47:44 PM org.atmosphere.cpr.AtmosphereFramework newAInterceptor
INFO: 	org.atmosphere.interceptor.IdleResourceInterceptor : org.atmosphere.interceptor.IdleResourceInterceptor
May 14, 2025 12:47:44 PM org.atmosphere.cpr.AtmosphereFramework configureAtmosphereInterceptor
INFO: Set org.atmosphere.cpr.AtmosphereInterceptor.disableDefaults to disable them.
May 14, 2025 12:47:44 PM org.atmosphere.cpr.AtmosphereFramework info
INFO: Using EndpointMapper class org.atmosphere.util.DefaultEndpointMapper
May 14, 2025 12:47:44 PM org.atmosphere.cpr.AtmosphereFramework info
INFO: Using BroadcasterCache: org.atmosphere.cache.UUIDBroadcasterCache
May 14, 2025 12:47:44 PM org.atmosphere.cpr.AtmosphereFramework info
INFO: Default Broadcaster Class: org.atmosphere.cpr.DefaultBroadcaster
May 14, 2025 12:47:44 PM org.atmosphere.cpr.AtmosphereFramework info
INFO: Broadcaster Polling Wait Time 100
May 14, 2025 12:47:44 PM org.atmosphere.cpr.AtmosphereFramework info
INFO: Shared ExecutorService supported: true
May 14, 2025 12:47:44 PM org.atmosphere.cpr.AtmosphereFramework info
INFO: Messaging Thread Pool Size: Unlimited
May 14, 2025 12:47:44 PM org.atmosphere.cpr.AtmosphereFramework info
INFO: Async I/O Thread Pool Size: 200
May 14, 2025 12:47:44 PM org.atmosphere.cpr.AtmosphereFramework info
INFO: Using BroadcasterFactory: org.atmosphere.cpr.DefaultBroadcasterFactory
May 14, 2025 12:47:44 PM org.atmosphere.cpr.AtmosphereFramework info
INFO: Using WebSocketProcessor: org.atmosphere.websocket.DefaultWebSocketProcessor
May 14, 2025 12:47:44 PM org.atmosphere.cpr.AtmosphereFramework info
INFO: Invoke AtmosphereInterceptor on WebSocket message true
May 14, 2025 12:47:44 PM org.atmosphere.cpr.AtmosphereFramework info
INFO: HttpSession supported: true
May 14, 2025 12:47:44 PM org.atmosphere.cpr.AtmosphereFramework info
INFO: Atmosphere is using DefaultAtmosphereObjectFactory for dependency injection and object creation
May 14, 2025 12:47:44 PM org.atmosphere.cpr.AtmosphereFramework info
INFO: Atmosphere is using async support: org.atmosphere.container.JSR356AsyncSupport running under container: Apache Tomcat/10.1.39 using jakarta.servlet/3.0 and jsr356/WebSocket API
May 14, 2025 12:47:44 PM org.atmosphere.cpr.AtmosphereFramework info
INFO: Atmosphere Framework 2.2.13.vaadin1 started.
May 14, 2025 12:47:44 PM org.atmosphere.cpr.AtmosphereFramework interceptor
INFO: Installed AtmosphereInterceptor  Track Message Size Interceptor using | with priority BEFORE_DEFAULT 
May 14, 2025 12:47:44 PM org.atmosphere.cpr.AtmosphereFramework addAtmosphereHandler
INFO: Installed AtmosphereHandler com.vaadin.server.communication.PushAtmosphereHandler mapped to context-path: /*
May 14, 2025 12:47:44 PM org.atmosphere.cpr.AtmosphereFramework addAtmosphereHandler
INFO: Installed the following AtmosphereInterceptor mapped to AtmosphereHandler com.vaadin.server.communication.PushAtmosphereHandler
May 14, 2025 12:47:44 PM org.atmosphere.util.IOUtils readServiceFile
INFO: META-INF/services/org.atmosphere.cpr.AtmosphereFramework not found in class loader
May 14, 2025 12:47:44 PM org.atmosphere.cpr.AtmosphereFramework autoConfigureService
INFO: Atmosphere is using org.atmosphere.util.VoidAnnotationProcessor for processing annotation
May 14, 2025 12:47:44 PM org.atmosphere.cpr.AtmosphereFramework initWebSocket
INFO: Installed WebSocketProtocol org.atmosphere.websocket.protocol.SimpleHttpProtocol 
May 14, 2025 12:47:44 PM org.atmosphere.container.JSR356AsyncSupport <init>
INFO: JSR 356 Mapping path /{path}
May 14, 2025 12:47:44 PM org.atmosphere.cpr.AtmosphereFramework configureAtmosphereInterceptor
INFO: Installing Default AtmosphereInterceptors
May 14, 2025 12:47:44 PM org.atmosphere.cpr.AtmosphereFramework newAInterceptor
INFO: 	org.atmosphere.interceptor.CorsInterceptor : CORS Interceptor Support
May 14, 2025 12:47:44 PM org.atmosphere.cpr.AtmosphereFramework newAInterceptor
INFO: 	org.atmosphere.interceptor.CacheHeadersInterceptor : Default Response's Headers Interceptor
May 14, 2025 12:47:44 PM org.atmosphere.cpr.AtmosphereFramework newAInterceptor
INFO: 	org.atmosphere.interceptor.PaddingAtmosphereInterceptor : Browser Padding Interceptor Support
May 14, 2025 12:47:44 PM org.atmosphere.cpr.AtmosphereFramework newAInterceptor
INFO: 	org.atmosphere.interceptor.AndroidAtmosphereInterceptor : Android Interceptor Support
May 14, 2025 12:47:44 PM org.atmosphere.cpr.AtmosphereFramework configureAtmosphereInterceptor
INFO: Dropping Interceptor org.atmosphere.interceptor.HeartbeatInterceptor
May 14, 2025 12:47:44 PM org.atmosphere.cpr.AtmosphereFramework newAInterceptor
INFO: 	org.atmosphere.interceptor.SSEAtmosphereInterceptor : SSE Interceptor Support
May 14, 2025 12:47:44 PM org.atmosphere.cpr.AtmosphereFramework newAInterceptor
INFO: 	org.atmosphere.interceptor.JSONPAtmosphereInterceptor : JSONP Interceptor Support
May 14, 2025 12:47:44 PM org.atmosphere.cpr.AtmosphereFramework newAInterceptor
INFO: 	org.atmosphere.interceptor.JavaScriptProtocol : Atmosphere JavaScript Protocol
May 14, 2025 12:47:44 PM org.atmosphere.cpr.AtmosphereFramework newAInterceptor
INFO: 	org.atmosphere.interceptor.WebSocketMessageSuspendInterceptor : org.atmosphere.interceptor.WebSocketMessageSuspendInterceptor
May 14, 2025 12:47:44 PM org.atmosphere.cpr.AtmosphereFramework newAInterceptor
INFO: 	org.atmosphere.interceptor.OnDisconnectInterceptor : Browser disconnection detection
May 14, 2025 12:47:44 PM org.atmosphere.cpr.AtmosphereFramework newAInterceptor
INFO: 	org.atmosphere.interceptor.IdleResourceInterceptor : org.atmosphere.interceptor.IdleResourceInterceptor
May 14, 2025 12:47:44 PM org.atmosphere.cpr.AtmosphereFramework configureAtmosphereInterceptor
INFO: Set org.atmosphere.cpr.AtmosphereInterceptor.disableDefaults to disable them.
May 14, 2025 12:47:44 PM org.atmosphere.cpr.AtmosphereFramework info
INFO: Using EndpointMapper class org.atmosphere.util.DefaultEndpointMapper
May 14, 2025 12:47:44 PM org.atmosphere.cpr.AtmosphereFramework info
INFO: Using BroadcasterCache: org.atmosphere.cache.UUIDBroadcasterCache
May 14, 2025 12:47:44 PM org.atmosphere.cpr.AtmosphereFramework info
INFO: Default Broadcaster Class: org.atmosphere.cpr.DefaultBroadcaster
May 14, 2025 12:47:44 PM org.atmosphere.cpr.AtmosphereFramework info
INFO: Broadcaster Polling Wait Time 100
May 14, 2025 12:47:44 PM org.atmosphere.cpr.AtmosphereFramework info
INFO: Shared ExecutorService supported: true
May 14, 2025 12:47:44 PM org.atmosphere.cpr.AtmosphereFramework info
INFO: Messaging Thread Pool Size: Unlimited
May 14, 2025 12:47:44 PM org.atmosphere.cpr.AtmosphereFramework info
INFO: Async I/O Thread Pool Size: 200
May 14, 2025 12:47:44 PM org.atmosphere.cpr.AtmosphereFramework info
INFO: Using BroadcasterFactory: org.atmosphere.cpr.DefaultBroadcasterFactory
May 14, 2025 12:47:44 PM org.atmosphere.cpr.AtmosphereFramework info
INFO: Using WebSocketProcessor: org.atmosphere.websocket.DefaultWebSocketProcessor
May 14, 2025 12:47:44 PM org.atmosphere.cpr.AtmosphereFramework info
INFO: Invoke AtmosphereInterceptor on WebSocket message true
May 14, 2025 12:47:44 PM org.atmosphere.cpr.AtmosphereFramework info
INFO: HttpSession supported: true
May 14, 2025 12:47:44 PM org.atmosphere.cpr.AtmosphereFramework info
INFO: Atmosphere is using DefaultAtmosphereObjectFactory for dependency injection and object creation
May 14, 2025 12:47:44 PM org.atmosphere.cpr.AtmosphereFramework info
INFO: Atmosphere is using async support: org.atmosphere.container.JSR356AsyncSupport running under container: Apache Tomcat/10.1.39 using jakarta.servlet/3.0 and jsr356/WebSocket API
May 14, 2025 12:47:44 PM org.atmosphere.cpr.AtmosphereFramework info
INFO: Atmosphere Framework 2.2.13.vaadin1 started.
May 14, 2025 12:47:44 PM org.atmosphere.cpr.AtmosphereFramework interceptor
INFO: Installed AtmosphereInterceptor  Track Message Size Interceptor using | with priority BEFORE_DEFAULT 
14-May-2025 12:47:44.761 INFO [main] org.apache.catalina.startup.HostConfig.deployWAR Deployment of web application archive [/home/radu/TAK-Server/src/oidf-server/tomcat/webapps/oidc-client.war] has finished in [886] ms
14-May-2025 12:47:44.761 INFO [main] org.apache.catalina.startup.HostConfig.deployWAR Deploying web application archive [/home/radu/TAK-Server/src/oidf-server/tomcat/webapps/c2id-logout.war]
14-May-2025 12:47:44.913 INFO [main] org.apache.jasper.servlet.TldScanner.scanJars At least one JAR was scanned for TLDs yet contained no TLDs. Enable debug logging for this logger for a complete list of JARs that were scanned but no TLDs were found in them. Skipping unneeded JARs during scanning can improve startup time and JSP compilation time.
14-May-2025 12:47:44.922 INFO [main] org.apache.catalina.startup.HostConfig.deployWAR Deployment of web application archive [/home/radu/TAK-Server/src/oidf-server/tomcat/webapps/c2id-logout.war] has finished in [160] ms
14-May-2025 12:47:44.922 INFO [main] org.apache.catalina.startup.HostConfig.deployWAR Deploying web application archive [/home/radu/TAK-Server/src/oidf-server/tomcat/webapps/c2id.war]
14-May-2025 12:47:49.555 INFO [main] org.apache.jasper.servlet.TldScanner.scanJars At least one JAR was scanned for TLDs yet contained no TLDs. Enable debug logging for this logger for a complete list of JARs that were scanned but no TLDs were found in them. Skipping unneeded JARs during scanning can improve startup time and JSP compilation time.
SLF4J(W): No SLF4J providers were found.
SLF4J(W): Defaulting to no-operation (NOP) logger implementation
SLF4J(W): See https://www.slf4j.org/codes.html#noProviders for further details.
SLF4J(W): Class path contains SLF4J bindings targeting slf4j-api versions 1.7.x or earlier.
SLF4J(W): Ignoring binding found at [jar:file:/home/radu/TAK-Server/src/oidf-server/tomcat/webapps/c2id/WEB-INF/lib/log4j-slf4j-impl-2.24.2.jar!/org/slf4j/impl/StaticLoggerBinder.class]
SLF4J(W): See https://www.slf4j.org/codes.html#ignoredBindings for an explanation.
14-May-2025 12:47:54.702 WARNING [main] org.glassfish.jersey.message.internal.MessagingBinders$EnabledProvidersBinder.bindToBinder A class jakarta.activation.DataSource for a default provider MessageBodyWriter<jakarta.activation.DataSource> was not found. The provider is not available.
14-May-2025 12:47:54.725 WARNING [main] org.glassfish.jersey.server.wadl.WadlFeature.configure JAX-B API not found . WADL feature is disabled.
14-May-2025 12:47:54.806 WARNING [main] org.glassfish.jersey.internal.inject.Providers.checkProviderRuntime A provider com.nimbusds.openid.connect.provider.sts.STSEndpoint registered in SERVER runtime does not implement any provider interfaces applicable in the SERVER runtime. Due to constraint configuration problems the provider com.nimbusds.openid.connect.provider.sts.STSEndpoint will be ignored. 
14-May-2025 12:47:54.933 WARNING [main] org.glassfish.jersey.server.wadl.WadlFeature.configure JAX-B API not found . WADL feature is disabled.
14-May-2025 12:47:54.941 WARNING [main] org.glassfish.jersey.internal.inject.Providers.checkProviderRuntime A provider com.nimbusds.authzstore.rest.WebAPI registered in SERVER runtime does not implement any provider interfaces applicable in the SERVER runtime. Due to constraint configuration problems the provider com.nimbusds.authzstore.rest.WebAPI will be ignored. 
14-May-2025 12:47:55.018 WARNING [main] org.glassfish.jersey.server.wadl.WadlFeature.configure JAX-B API not found . WADL feature is disabled.
14-May-2025 12:47:55.022 WARNING [main] org.glassfish.jersey.internal.inject.Providers.checkProviderRuntime A provider com.nimbusds.openid.connect.provider.ciba.sessions.CIBASessionsEndpoint registered in SERVER runtime does not implement any provider interfaces applicable in the SERVER runtime. Due to constraint configuration problems the provider com.nimbusds.openid.connect.provider.ciba.sessions.CIBASessionsEndpoint will be ignored. 
14-May-2025 12:47:55.056 WARNING [main] org.glassfish.jersey.server.wadl.WadlFeature.configure JAX-B API not found . WADL feature is disabled.
14-May-2025 12:47:55.060 WARNING [main] org.glassfish.jersey.internal.inject.Providers.checkProviderRuntime A provider com.nimbusds.openid.connect.provider.checksession.CheckSessionBackendEndpoint registered in SERVER runtime does not implement any provider interfaces applicable in the SERVER runtime. Due to constraint configuration problems the provider com.nimbusds.openid.connect.provider.checksession.CheckSessionBackendEndpoint will be ignored. 
14-May-2025 12:47:55.097 WARNING [main] org.glassfish.jersey.server.wadl.WadlFeature.configure JAX-B API not found . WADL feature is disabled.
14-May-2025 12:47:55.171 WARNING [main] org.glassfish.jersey.server.wadl.WadlFeature.configure JAX-B API not found . WADL feature is disabled.
14-May-2025 12:47:55.180 WARNING [main] org.glassfish.jersey.internal.inject.Providers.checkProviderRuntime A provider com.nimbusds.sessionstore.rest.WebAPI registered in SERVER runtime does not implement any provider interfaces applicable in the SERVER runtime. Due to constraint configuration problems the provider com.nimbusds.sessionstore.rest.WebAPI will be ignored. 
14-May-2025 12:47:55.239 WARNING [main] org.glassfish.jersey.server.wadl.WadlFeature.configure JAX-B API not found . WADL feature is disabled.
14-May-2025 12:47:55.247 WARNING [main] org.glassfish.jersey.internal.inject.Providers.checkProviderRuntime A provider com.nimbusds.openid.connect.provider.authz.AuthorizationSessionEndpoint registered in SERVER runtime does not implement any provider interfaces applicable in the SERVER runtime. Due to constraint configuration problems the provider com.nimbusds.openid.connect.provider.authz.AuthorizationSessionEndpoint will be ignored. 
14-May-2025 12:47:55.282 WARNING [main] org.glassfish.jersey.server.wadl.WadlFeature.configure JAX-B API not found . WADL feature is disabled.
14-May-2025 12:47:55.285 WARNING [main] org.glassfish.jersey.internal.inject.Providers.checkProviderRuntime A provider com.nimbusds.openid.connect.provider.config.ConfigurationEndpoint registered in SERVER runtime does not implement any provider interfaces applicable in the SERVER runtime. Due to constraint configuration problems the provider com.nimbusds.openid.connect.provider.config.ConfigurationEndpoint will be ignored. 
14-May-2025 12:47:55.313 WARNING [main] org.glassfish.jersey.server.wadl.WadlFeature.configure JAX-B API not found . WADL feature is disabled.
14-May-2025 12:47:55.316 WARNING [main] org.glassfish.jersey.internal.inject.Providers.checkProviderRuntime A provider com.nimbusds.openid.connect.provider.authz.DirectAuthorizationEndpoint registered in SERVER runtime does not implement any provider interfaces applicable in the SERVER runtime. Due to constraint configuration problems the provider com.nimbusds.openid.connect.provider.authz.DirectAuthorizationEndpoint will be ignored. 
14-May-2025 12:47:55.342 WARNING [main] org.glassfish.jersey.server.wadl.WadlFeature.configure JAX-B API not found . WADL feature is disabled.
14-May-2025 12:47:55.348 WARNING [main] org.glassfish.jersey.internal.inject.Providers.checkProviderRuntime A provider com.nimbusds.openid.connect.provider.logout.endpoint.LogoutSessionEndpoint registered in SERVER runtime does not implement any provider interfaces applicable in the SERVER runtime. Due to constraint configuration problems the provider com.nimbusds.openid.connect.provider.logout.endpoint.LogoutSessionEndpoint will be ignored. 
14-May-2025 12:47:55.525 INFO [main] org.apache.catalina.startup.HostConfig.deployWAR Deployment of web application archive [/home/radu/TAK-Server/src/oidf-server/tomcat/webapps/c2id.war] has finished in [10,602] ms
14-May-2025 12:47:55.526 INFO [main] org.apache.catalina.startup.HostConfig.deployDirectory Deploying web application directory [/home/radu/TAK-Server/src/oidf-server/tomcat/webapps/manager]
14-May-2025 12:47:55.561 INFO [main] org.apache.catalina.startup.HostConfig.deployDirectory Deployment of web application directory [/home/radu/TAK-Server/src/oidf-server/tomcat/webapps/manager] has finished in [35] ms
14-May-2025 12:47:55.561 INFO [main] org.apache.catalina.startup.HostConfig.deployDirectory Deploying web application directory [/home/radu/TAK-Server/src/oidf-server/tomcat/webapps/ROOT]
14-May-2025 12:47:55.573 INFO [main] org.apache.catalina.startup.HostConfig.deployDirectory Deployment of web application directory [/home/radu/TAK-Server/src/oidf-server/tomcat/webapps/ROOT] has finished in [12] ms
14-May-2025 12:47:55.573 INFO [main] org.apache.catalina.startup.HostConfig.deployDirectory Deploying web application directory [/home/radu/TAK-Server/src/oidf-server/tomcat/webapps/host-manager]
14-May-2025 12:47:55.589 INFO [main] org.apache.catalina.startup.HostConfig.deployDirectory Deployment of web application directory [/home/radu/TAK-Server/src/oidf-server/tomcat/webapps/host-manager] has finished in [16] ms
14-May-2025 12:47:55.594 INFO [main] org.apache.coyote.AbstractProtocol.start Starting ProtocolHandler ["http-nio-8080"]
14-May-2025 12:47:55.605 INFO [main] org.apache.catalina.startup.Catalina.start Server startup in [18142] milliseconds
14-May-2025 12:48:01.370 INFO [main] org.apache.catalina.core.StandardServer.await A valid shutdown command was received via the shutdown port. Stopping the Server instance.
14-May-2025 12:48:01.371 INFO [main] org.apache.coyote.AbstractProtocol.pause Pausing ProtocolHandler ["http-nio-8080"]
14-May-2025 12:48:01.373 INFO [main] org.apache.catalina.core.StandardService.stopInternal Stopping service [Catalina]
[CM8005] Stopping Infinispan...
[CM8015] Stopped Infinispan cache clients.remoteRequestJWTClaimsCache in 3 ms
[CM8015] Stopped Infinispan cache op.loginHintTokenMap in 5 ms
[CM8015] Stopped Infinispan cache op.dPoPJTICache in 6 ms
[CM8015] Stopped Infinispan cache keyStore.jwkSetMap in 325 ms
[CM8015] Stopped Infinispan cache sessionStore.sessionMap in 338 ms
[CM8015] Stopped Infinispan cache federation.registrationsMap in 339 ms
[CM8015] Stopped Infinispan cache op.authSessionMap in 339 ms
[CM8015] Stopped Infinispan cache authzStore.revocationJournalMap in 340 ms
[CM8015] Stopped Infinispan cache clients.registrationsMap in 340 ms
[CM8015] Stopped Infinispan cache authzStore.expendedTokenMap in 340 ms
[CM8015] Stopped Infinispan cache clients.remoteJWKSetCache in 341 ms
[CM8015] Stopped Infinispan cache authzStore.codeMap in 341 ms
[CM8015] Stopped Infinispan cache authzStore.longLivedAuthzMap in 342 ms
[CM8015] Stopped Infinispan cache keyStore.jwkSetHistoryMap in 342 ms
[CM8015] Stopped Infinispan cache authzStore.idAccessTokenMap in 343 ms
[CM8015] Stopped Infinispan cache op.consentSessionMap in 344 ms
[CM8015] Stopped Infinispan cache sessionStore.subjectMap in 344 ms
[CM8015] Stopped Infinispan cache org.infinispan.CONFIG in 345 ms
14-May-2025 12:48:01.781 WARNING [main] org.apache.catalina.loader.WebappClassLoaderBase.clearReferencesThreads The web application [c2id] appears to have started a thread named [RxCachedWorkerPoolEvictor-1] but has failed to stop it. This is very likely to create a memory leak. Stack trace of thread:
 java.base@17.0.15/jdk.internal.misc.Unsafe.park(Native Method)
 java.base@17.0.15/java.util.concurrent.locks.LockSupport.parkNanos(LockSupport.java:252)
 java.base@17.0.15/java.util.concurrent.locks.AbstractQueuedSynchronizer$ConditionObject.awaitNanos(AbstractQueuedSynchronizer.java:1679)
 java.base@17.0.15/java.util.concurrent.ScheduledThreadPoolExecutor$DelayedWorkQueue.take(ScheduledThreadPoolExecutor.java:1182)
 java.base@17.0.15/java.util.concurrent.ScheduledThreadPoolExecutor$DelayedWorkQueue.take(ScheduledThreadPoolExecutor.java:899)
 java.base@17.0.15/java.util.concurrent.ThreadPoolExecutor.getTask(ThreadPoolExecutor.java:1062)
 java.base@17.0.15/java.util.concurrent.ThreadPoolExecutor.runWorker(ThreadPoolExecutor.java:1122)
 java.base@17.0.15/java.util.concurrent.ThreadPoolExecutor$Worker.run(ThreadPoolExecutor.java:635)
 java.base@17.0.15/java.lang.Thread.run(Thread.java:840)
14-May-2025 12:48:01.781 WARNING [main] org.apache.catalina.loader.WebappClassLoaderBase.clearReferencesThreads The web application [c2id] appears to have started a thread named [HttpClient-1-SelectorManager] but has failed to stop it. This is very likely to create a memory leak. Stack trace of thread:
 java.base@17.0.15/sun.nio.ch.EPoll.wait(Native Method)
 java.base@17.0.15/sun.nio.ch.EPollSelectorImpl.doSelect(EPollSelectorImpl.java:118)
 java.base@17.0.15/sun.nio.ch.SelectorImpl.lockAndDoSelect(SelectorImpl.java:129)
 java.base@17.0.15/sun.nio.ch.SelectorImpl.select(SelectorImpl.java:141)
 platform/java.net.http@17.0.15/jdk.internal.net.http.HttpClientImpl$SelectorManager.run(HttpClientImpl.java:894)
14-May-2025 12:48:01.801 INFO [main] org.apache.coyote.AbstractProtocol.stop Stopping ProtocolHandler ["http-nio-8080"]
14-May-2025 12:48:01.809 INFO [main] org.apache.coyote.AbstractProtocol.destroy Destroying ProtocolHandler ["http-nio-8080"]
14-May-2025 12:48:08.450 INFO [main] org.apache.catalina.startup.VersionLoggerListener.log Server version name:   Apache Tomcat/10.1.39
14-May-2025 12:48:08.454 INFO [main] org.apache.catalina.startup.VersionLoggerListener.log Server built:          Mar 4 2025 19:02:32 UTC
14-May-2025 12:48:08.454 INFO [main] org.apache.catalina.startup.VersionLoggerListener.log Server version number: 10.1.39.0
14-May-2025 12:48:08.454 INFO [main] org.apache.catalina.startup.VersionLoggerListener.log OS Name:               Linux
14-May-2025 12:48:08.454 INFO [main] org.apache.catalina.startup.VersionLoggerListener.log OS Version:            6.8.0-59-generic
14-May-2025 12:48:08.455 INFO [main] org.apache.catalina.startup.VersionLoggerListener.log Architecture:          amd64
14-May-2025 12:48:08.455 INFO [main] org.apache.catalina.startup.VersionLoggerListener.log Java Home:             /usr/lib/jvm/java-17-openjdk-amd64
14-May-2025 12:48:08.455 INFO [main] org.apache.catalina.startup.VersionLoggerListener.log JVM Version:           17.0.15+6-Ubuntu-0ubuntu122.04
14-May-2025 12:48:08.455 INFO [main] org.apache.catalina.startup.VersionLoggerListener.log JVM Vendor:            Ubuntu
14-May-2025 12:48:08.455 INFO [main] org.apache.catalina.startup.VersionLoggerListener.log CATALINA_BASE:         /home/radu/TAK-Server/src/oidf-server/tomcat
14-May-2025 12:48:08.455 INFO [main] org.apache.catalina.startup.VersionLoggerListener.log CATALINA_HOME:         /home/radu/TAK-Server/src/oidf-server/tomcat
14-May-2025 12:48:08.457 INFO [main] org.apache.catalina.core.AprLifecycleListener.lifecycleEvent The Apache Tomcat Native library which allows using OpenSSL was not found on the java.library.path: [/home/radu/opt/lib::/usr/java/packages/lib:/usr/lib/x86_64-linux-gnu/jni:/lib/x86_64-linux-gnu:/usr/lib/x86_64-linux-gnu:/usr/lib/jni:/lib:/usr/lib]
14-May-2025 12:48:08.727 INFO [main] org.apache.coyote.AbstractProtocol.init Initializing ProtocolHandler ["http-nio-8080"]
14-May-2025 12:48:08.752 INFO [main] org.apache.catalina.startup.Catalina.load Server initialization in [464] milliseconds
14-May-2025 12:48:08.795 INFO [main] org.apache.catalina.core.StandardService.startInternal Starting service [Catalina]
14-May-2025 12:48:08.796 INFO [main] org.apache.catalina.core.StandardEngine.startInternal Starting Servlet engine: [Apache Tomcat/10.1.39]
14-May-2025 12:48:08.816 INFO [main] org.apache.catalina.startup.HostConfig.deployWAR Deploying web application archive [/home/radu/TAK-Server/src/oidf-server/tomcat/webapps/ldapauth.war]
14-May-2025 12:48:09.182 INFO [main] org.apache.jasper.servlet.TldScanner.scanJars At least one JAR was scanned for TLDs yet contained no TLDs. Enable debug logging for this logger for a complete list of JARs that were scanned but no TLDs were found in them. Skipping unneeded JARs during scanning can improve startup time and JSP compilation time.
14-May-2025 12:48:09.861 INFO [main] org.apache.catalina.startup.HostConfig.deployWAR Deployment of web application archive [/home/radu/TAK-Server/src/oidf-server/tomcat/webapps/ldapauth.war] has finished in [1,044] ms
14-May-2025 12:48:09.862 INFO [main] org.apache.catalina.startup.HostConfig.deployWAR Deploying web application archive [/home/radu/TAK-Server/src/oidf-server/tomcat/webapps/password-grant-handler.war]
14-May-2025 12:48:10.059 INFO [main] org.apache.jasper.servlet.TldScanner.scanJars At least one JAR was scanned for TLDs yet contained no TLDs. Enable debug logging for this logger for a complete list of JARs that were scanned but no TLDs were found in them. Skipping unneeded JARs during scanning can improve startup time and JSP compilation time.
14-May-2025 12:48:10.314 INFO [main] org.apache.catalina.startup.HostConfig.deployWAR Deployment of web application archive [/home/radu/TAK-Server/src/oidf-server/tomcat/webapps/password-grant-handler.war] has finished in [452] ms
14-May-2025 12:48:10.315 INFO [main] org.apache.catalina.startup.HostConfig.deployWAR Deploying web application archive [/home/radu/TAK-Server/src/oidf-server/tomcat/webapps/c2id-login.war]
14-May-2025 12:48:11.640 INFO [main] org.apache.jasper.servlet.TldScanner.scanJars At least one JAR was scanned for TLDs yet contained no TLDs. Enable debug logging for this logger for a complete list of JARs that were scanned but no TLDs were found in them. Skipping unneeded JARs during scanning can improve startup time and JSP compilation time.

                                  _   ___  _     _
                                 | | |__ \(_)   | |
   ___ ___  _ __  _ __   ___  ___| |_   ) )_  __| |
  / __/ _ \| '_ \| '_ \ / _ \/ __| __| / /| |/ _` |
 | (_| (_) | | | | | | |  __/ (__| |_ / /_| | (_| |
  \___\___/|_| |_|_| |_|\___|\___|\__|____|_|\__,_|  Login  (v3.4.5-migrated-1.0.9)

2025-05-14 12:48:12.921  INFO 253274 --- [           main] com.nimbusds.login.C2idLogin             : Starting C2idLogin v3.4.5-migrated-1.0.9 using Java 17.0.15 on lenss-10 with PID 253274 (/home/radu/TAK-Server/src/oidf-server/tomcat/webapps/c2id-login/WEB-INF/classes started by radu in /home/radu/TAK-Server/src/oidf-server/tomcat/bin)
2025-05-14 12:48:12.925  INFO 253274 --- [           main] com.nimbusds.login.C2idLogin             : The following profiles are active: prod
2025-05-14 12:48:14.549  INFO 253274 --- [           main] com.nimbusds.login.C2idLogin             : Started C2idLogin in 2.539 seconds (JVM running for 6.462)
14-May-2025 12:48:14.559 INFO [main] org.apache.catalina.startup.HostConfig.deployWAR Deployment of web application archive [/home/radu/TAK-Server/src/oidf-server/tomcat/webapps/c2id-login.war] has finished in [4,244] ms
14-May-2025 12:48:14.560 INFO [main] org.apache.catalina.startup.HostConfig.deployWAR Deploying web application archive [/home/radu/TAK-Server/src/oidf-server/tomcat/webapps/oidc-client.war]
May 14, 2025 12:48:14 PM org.apache.jasper.servlet.TldScanner scanJars
INFO: At least one JAR was scanned for TLDs yet contained no TLDs. Enable debug logging for this logger for a complete list of JARs that were scanned but no TLDs were found in them. Skipping unneeded JARs during scanning can improve startup time and JSP compilation time.
May 14, 2025 12:48:15 PM org.apache.catalina.core.ApplicationContext log
INFO: Initializing AtmosphereFramework
May 14, 2025 12:48:15 PM org.atmosphere.cpr.AtmosphereFramework addAtmosphereHandler
INFO: Installed AtmosphereHandler com.vaadin.server.communication.PushAtmosphereHandler mapped to context-path: /*
May 14, 2025 12:48:15 PM org.atmosphere.cpr.AtmosphereFramework addAtmosphereHandler
INFO: Installed the following AtmosphereInterceptor mapped to AtmosphereHandler com.vaadin.server.communication.PushAtmosphereHandler
May 14, 2025 12:48:15 PM org.atmosphere.util.IOUtils readServiceFile
INFO: META-INF/services/org.atmosphere.cpr.AtmosphereFramework not found in class loader
May 14, 2025 12:48:15 PM org.atmosphere.cpr.AtmosphereFramework autoConfigureService
INFO: Atmosphere is using org.atmosphere.util.VoidAnnotationProcessor for processing annotation
May 14, 2025 12:48:15 PM org.atmosphere.cpr.AtmosphereFramework initWebSocket
INFO: Installed WebSocketProtocol org.atmosphere.websocket.protocol.SimpleHttpProtocol 
May 14, 2025 12:48:15 PM org.atmosphere.container.JSR356AsyncSupport <init>
INFO: JSR 356 Mapping path /cb
May 14, 2025 12:48:15 PM org.atmosphere.cpr.AtmosphereFramework configureAtmosphereInterceptor
INFO: Installing Default AtmosphereInterceptors
May 14, 2025 12:48:15 PM org.atmosphere.cpr.AtmosphereFramework newAInterceptor
INFO: 	org.atmosphere.interceptor.CorsInterceptor : CORS Interceptor Support
May 14, 2025 12:48:15 PM org.atmosphere.cpr.AtmosphereFramework newAInterceptor
INFO: 	org.atmosphere.interceptor.CacheHeadersInterceptor : Default Response's Headers Interceptor
May 14, 2025 12:48:15 PM org.atmosphere.cpr.AtmosphereFramework newAInterceptor
INFO: 	org.atmosphere.interceptor.PaddingAtmosphereInterceptor : Browser Padding Interceptor Support
May 14, 2025 12:48:15 PM org.atmosphere.cpr.AtmosphereFramework newAInterceptor
INFO: 	org.atmosphere.interceptor.AndroidAtmosphereInterceptor : Android Interceptor Support
May 14, 2025 12:48:15 PM org.atmosphere.cpr.AtmosphereFramework configureAtmosphereInterceptor
INFO: Dropping Interceptor org.atmosphere.interceptor.HeartbeatInterceptor
May 14, 2025 12:48:15 PM org.atmosphere.cpr.AtmosphereFramework newAInterceptor
INFO: 	org.atmosphere.interceptor.SSEAtmosphereInterceptor : SSE Interceptor Support
May 14, 2025 12:48:15 PM org.atmosphere.cpr.AtmosphereFramework newAInterceptor
INFO: 	org.atmosphere.interceptor.JSONPAtmosphereInterceptor : JSONP Interceptor Support
May 14, 2025 12:48:15 PM org.atmosphere.cpr.AtmosphereFramework newAInterceptor
INFO: 	org.atmosphere.interceptor.JavaScriptProtocol : Atmosphere JavaScript Protocol
May 14, 2025 12:48:15 PM org.atmosphere.cpr.AtmosphereFramework newAInterceptor
INFO: 	org.atmosphere.interceptor.WebSocketMessageSuspendInterceptor : org.atmosphere.interceptor.WebSocketMessageSuspendInterceptor
May 14, 2025 12:48:15 PM org.atmosphere.cpr.AtmosphereFramework newAInterceptor
INFO: 	org.atmosphere.interceptor.OnDisconnectInterceptor : Browser disconnection detection
May 14, 2025 12:48:15 PM org.atmosphere.cpr.AtmosphereFramework newAInterceptor
INFO: 	org.atmosphere.interceptor.IdleResourceInterceptor : org.atmosphere.interceptor.IdleResourceInterceptor
May 14, 2025 12:48:15 PM org.atmosphere.cpr.AtmosphereFramework configureAtmosphereInterceptor
INFO: Set org.atmosphere.cpr.AtmosphereInterceptor.disableDefaults to disable them.
May 14, 2025 12:48:15 PM org.atmosphere.cpr.AtmosphereFramework info
INFO: Using EndpointMapper class org.atmosphere.util.DefaultEndpointMapper
May 14, 2025 12:48:15 PM org.atmosphere.cpr.AtmosphereFramework info
INFO: Using BroadcasterCache: org.atmosphere.cache.UUIDBroadcasterCache
May 14, 2025 12:48:15 PM org.atmosphere.cpr.AtmosphereFramework info
INFO: Default Broadcaster Class: org.atmosphere.cpr.DefaultBroadcaster
May 14, 2025 12:48:15 PM org.atmosphere.cpr.AtmosphereFramework info
INFO: Broadcaster Polling Wait Time 100
May 14, 2025 12:48:15 PM org.atmosphere.cpr.AtmosphereFramework info
INFO: Shared ExecutorService supported: true
May 14, 2025 12:48:15 PM org.atmosphere.cpr.AtmosphereFramework info
INFO: Messaging Thread Pool Size: Unlimited
May 14, 2025 12:48:15 PM org.atmosphere.cpr.AtmosphereFramework info
INFO: Async I/O Thread Pool Size: 200
May 14, 2025 12:48:15 PM org.atmosphere.cpr.AtmosphereFramework info
INFO: Using BroadcasterFactory: org.atmosphere.cpr.DefaultBroadcasterFactory
May 14, 2025 12:48:15 PM org.atmosphere.cpr.AtmosphereFramework info
INFO: Using WebSocketProcessor: org.atmosphere.websocket.DefaultWebSocketProcessor
May 14, 2025 12:48:15 PM org.atmosphere.cpr.AtmosphereFramework info
INFO: Invoke AtmosphereInterceptor on WebSocket message true
May 14, 2025 12:48:15 PM org.atmosphere.cpr.AtmosphereFramework info
INFO: HttpSession supported: true
May 14, 2025 12:48:15 PM org.atmosphere.cpr.AtmosphereFramework info
INFO: Atmosphere is using DefaultAtmosphereObjectFactory for dependency injection and object creation
May 14, 2025 12:48:15 PM org.atmosphere.cpr.AtmosphereFramework info
INFO: Atmosphere is using async support: org.atmosphere.container.JSR356AsyncSupport running under container: Apache Tomcat/10.1.39 using jakarta.servlet/3.0 and jsr356/WebSocket API
May 14, 2025 12:48:15 PM org.atmosphere.cpr.AtmosphereFramework info
INFO: Atmosphere Framework 2.2.13.vaadin1 started.
May 14, 2025 12:48:15 PM org.atmosphere.cpr.AtmosphereFramework interceptor
INFO: Installed AtmosphereInterceptor  Track Message Size Interceptor using | with priority BEFORE_DEFAULT 
May 14, 2025 12:48:15 PM org.atmosphere.cpr.AtmosphereFramework addAtmosphereHandler
INFO: Installed AtmosphereHandler com.vaadin.server.communication.PushAtmosphereHandler mapped to context-path: /*
May 14, 2025 12:48:15 PM org.atmosphere.cpr.AtmosphereFramework addAtmosphereHandler
INFO: Installed the following AtmosphereInterceptor mapped to AtmosphereHandler com.vaadin.server.communication.PushAtmosphereHandler
May 14, 2025 12:48:15 PM org.atmosphere.util.IOUtils readServiceFile
INFO: META-INF/services/org.atmosphere.cpr.AtmosphereFramework not found in class loader
May 14, 2025 12:48:15 PM org.atmosphere.cpr.AtmosphereFramework autoConfigureService
INFO: Atmosphere is using org.atmosphere.util.VoidAnnotationProcessor for processing annotation
May 14, 2025 12:48:15 PM org.atmosphere.cpr.AtmosphereFramework initWebSocket
INFO: Installed WebSocketProtocol org.atmosphere.websocket.protocol.SimpleHttpProtocol 
May 14, 2025 12:48:15 PM org.atmosphere.container.JSR356AsyncSupport <init>
INFO: JSR 356 Mapping path /{path}
May 14, 2025 12:48:15 PM org.atmosphere.cpr.AtmosphereFramework configureAtmosphereInterceptor
INFO: Installing Default AtmosphereInterceptors
May 14, 2025 12:48:15 PM org.atmosphere.cpr.AtmosphereFramework newAInterceptor
INFO: 	org.atmosphere.interceptor.CorsInterceptor : CORS Interceptor Support
May 14, 2025 12:48:15 PM org.atmosphere.cpr.AtmosphereFramework newAInterceptor
INFO: 	org.atmosphere.interceptor.CacheHeadersInterceptor : Default Response's Headers Interceptor
May 14, 2025 12:48:15 PM org.atmosphere.cpr.AtmosphereFramework newAInterceptor
INFO: 	org.atmosphere.interceptor.PaddingAtmosphereInterceptor : Browser Padding Interceptor Support
May 14, 2025 12:48:15 PM org.atmosphere.cpr.AtmosphereFramework newAInterceptor
INFO: 	org.atmosphere.interceptor.AndroidAtmosphereInterceptor : Android Interceptor Support
May 14, 2025 12:48:15 PM org.atmosphere.cpr.AtmosphereFramework configureAtmosphereInterceptor
INFO: Dropping Interceptor org.atmosphere.interceptor.HeartbeatInterceptor
May 14, 2025 12:48:15 PM org.atmosphere.cpr.AtmosphereFramework newAInterceptor
INFO: 	org.atmosphere.interceptor.SSEAtmosphereInterceptor : SSE Interceptor Support
May 14, 2025 12:48:15 PM org.atmosphere.cpr.AtmosphereFramework newAInterceptor
INFO: 	org.atmosphere.interceptor.JSONPAtmosphereInterceptor : JSONP Interceptor Support
May 14, 2025 12:48:15 PM org.atmosphere.cpr.AtmosphereFramework newAInterceptor
INFO: 	org.atmosphere.interceptor.JavaScriptProtocol : Atmosphere JavaScript Protocol
May 14, 2025 12:48:15 PM org.atmosphere.cpr.AtmosphereFramework newAInterceptor
INFO: 	org.atmosphere.interceptor.WebSocketMessageSuspendInterceptor : org.atmosphere.interceptor.WebSocketMessageSuspendInterceptor
May 14, 2025 12:48:15 PM org.atmosphere.cpr.AtmosphereFramework newAInterceptor
INFO: 	org.atmosphere.interceptor.OnDisconnectInterceptor : Browser disconnection detection
May 14, 2025 12:48:15 PM org.atmosphere.cpr.AtmosphereFramework newAInterceptor
INFO: 	org.atmosphere.interceptor.IdleResourceInterceptor : org.atmosphere.interceptor.IdleResourceInterceptor
May 14, 2025 12:48:15 PM org.atmosphere.cpr.AtmosphereFramework configureAtmosphereInterceptor
INFO: Set org.atmosphere.cpr.AtmosphereInterceptor.disableDefaults to disable them.
May 14, 2025 12:48:15 PM org.atmosphere.cpr.AtmosphereFramework info
INFO: Using EndpointMapper class org.atmosphere.util.DefaultEndpointMapper
May 14, 2025 12:48:15 PM org.atmosphere.cpr.AtmosphereFramework info
INFO: Using BroadcasterCache: org.atmosphere.cache.UUIDBroadcasterCache
May 14, 2025 12:48:15 PM org.atmosphere.cpr.AtmosphereFramework info
INFO: Default Broadcaster Class: org.atmosphere.cpr.DefaultBroadcaster
May 14, 2025 12:48:15 PM org.atmosphere.cpr.AtmosphereFramework info
INFO: Broadcaster Polling Wait Time 100
May 14, 2025 12:48:15 PM org.atmosphere.cpr.AtmosphereFramework info
INFO: Shared ExecutorService supported: true
May 14, 2025 12:48:15 PM org.atmosphere.cpr.AtmosphereFramework info
INFO: Messaging Thread Pool Size: Unlimited
May 14, 2025 12:48:15 PM org.atmosphere.cpr.AtmosphereFramework info
INFO: Async I/O Thread Pool Size: 200
May 14, 2025 12:48:15 PM org.atmosphere.cpr.AtmosphereFramework info
INFO: Using BroadcasterFactory: org.atmosphere.cpr.DefaultBroadcasterFactory
May 14, 2025 12:48:15 PM org.atmosphere.cpr.AtmosphereFramework info
INFO: Using WebSocketProcessor: org.atmosphere.websocket.DefaultWebSocketProcessor
May 14, 2025 12:48:15 PM org.atmosphere.cpr.AtmosphereFramework info
INFO: Invoke AtmosphereInterceptor on WebSocket message true
May 14, 2025 12:48:15 PM org.atmosphere.cpr.AtmosphereFramework info
INFO: HttpSession supported: true
May 14, 2025 12:48:15 PM org.atmosphere.cpr.AtmosphereFramework info
INFO: Atmosphere is using DefaultAtmosphereObjectFactory for dependency injection and object creation
May 14, 2025 12:48:15 PM org.atmosphere.cpr.AtmosphereFramework info
INFO: Atmosphere is using async support: org.atmosphere.container.JSR356AsyncSupport running under container: Apache Tomcat/10.1.39 using jakarta.servlet/3.0 and jsr356/WebSocket API
May 14, 2025 12:48:15 PM org.atmosphere.cpr.AtmosphereFramework info
INFO: Atmosphere Framework 2.2.13.vaadin1 started.
May 14, 2025 12:48:15 PM org.atmosphere.cpr.AtmosphereFramework interceptor
INFO: Installed AtmosphereInterceptor  Track Message Size Interceptor using | with priority BEFORE_DEFAULT 
14-May-2025 12:48:15.391 INFO [main] org.apache.catalina.startup.HostConfig.deployWAR Deployment of web application archive [/home/radu/TAK-Server/src/oidf-server/tomcat/webapps/oidc-client.war] has finished in [831] ms
14-May-2025 12:48:15.391 INFO [main] org.apache.catalina.startup.HostConfig.deployWAR Deploying web application archive [/home/radu/TAK-Server/src/oidf-server/tomcat/webapps/c2id-logout.war]
14-May-2025 12:48:15.534 INFO [main] org.apache.jasper.servlet.TldScanner.scanJars At least one JAR was scanned for TLDs yet contained no TLDs. Enable debug logging for this logger for a complete list of JARs that were scanned but no TLDs were found in them. Skipping unneeded JARs during scanning can improve startup time and JSP compilation time.
14-May-2025 12:48:15.542 INFO [main] org.apache.catalina.startup.HostConfig.deployWAR Deployment of web application archive [/home/radu/TAK-Server/src/oidf-server/tomcat/webapps/c2id-logout.war] has finished in [151] ms
14-May-2025 12:48:15.543 INFO [main] org.apache.catalina.startup.HostConfig.deployWAR Deploying web application archive [/home/radu/TAK-Server/src/oidf-server/tomcat/webapps/c2id.war]
14-May-2025 12:48:20.287 INFO [main] org.apache.jasper.servlet.TldScanner.scanJars At least one JAR was scanned for TLDs yet contained no TLDs. Enable debug logging for this logger for a complete list of JARs that were scanned but no TLDs were found in them. Skipping unneeded JARs during scanning can improve startup time and JSP compilation time.
SLF4J(W): No SLF4J providers were found.
SLF4J(W): Defaulting to no-operation (NOP) logger implementation
SLF4J(W): See https://www.slf4j.org/codes.html#noProviders for further details.
SLF4J(W): Class path contains SLF4J bindings targeting slf4j-api versions 1.7.x or earlier.
SLF4J(W): Ignoring binding found at [jar:file:/home/radu/TAK-Server/src/oidf-server/tomcat/webapps/c2id/WEB-INF/lib/log4j-slf4j-impl-2.24.2.jar!/org/slf4j/impl/StaticLoggerBinder.class]
SLF4J(W): See https://www.slf4j.org/codes.html#ignoredBindings for an explanation.
14-May-2025 12:48:25.265 WARNING [main] org.glassfish.jersey.message.internal.MessagingBinders$EnabledProvidersBinder.bindToBinder A class jakarta.activation.DataSource for a default provider MessageBodyWriter<jakarta.activation.DataSource> was not found. The provider is not available.
14-May-2025 12:48:25.290 WARNING [main] org.glassfish.jersey.server.wadl.WadlFeature.configure JAX-B API not found . WADL feature is disabled.
14-May-2025 12:48:25.377 WARNING [main] org.glassfish.jersey.internal.inject.Providers.checkProviderRuntime A provider com.nimbusds.openid.connect.provider.sts.STSEndpoint registered in SERVER runtime does not implement any provider interfaces applicable in the SERVER runtime. Due to constraint configuration problems the provider com.nimbusds.openid.connect.provider.sts.STSEndpoint will be ignored. 
14-May-2025 12:48:25.499 WARNING [main] org.glassfish.jersey.server.wadl.WadlFeature.configure JAX-B API not found . WADL feature is disabled.
14-May-2025 12:48:25.508 WARNING [main] org.glassfish.jersey.internal.inject.Providers.checkProviderRuntime A provider com.nimbusds.authzstore.rest.WebAPI registered in SERVER runtime does not implement any provider interfaces applicable in the SERVER runtime. Due to constraint configuration problems the provider com.nimbusds.authzstore.rest.WebAPI will be ignored. 
14-May-2025 12:48:25.574 WARNING [main] org.glassfish.jersey.server.wadl.WadlFeature.configure JAX-B API not found . WADL feature is disabled.
14-May-2025 12:48:25.577 WARNING [main] org.glassfish.jersey.internal.inject.Providers.checkProviderRuntime A provider com.nimbusds.openid.connect.provider.ciba.sessions.CIBASessionsEndpoint registered in SERVER runtime does not implement any provider interfaces applicable in the SERVER runtime. Due to constraint configuration problems the provider com.nimbusds.openid.connect.provider.ciba.sessions.CIBASessionsEndpoint will be ignored. 
14-May-2025 12:48:25.606 WARNING [main] org.glassfish.jersey.server.wadl.WadlFeature.configure JAX-B API not found . WADL feature is disabled.
14-May-2025 12:48:25.609 WARNING [main] org.glassfish.jersey.internal.inject.Providers.checkProviderRuntime A provider com.nimbusds.openid.connect.provider.checksession.CheckSessionBackendEndpoint registered in SERVER runtime does not implement any provider interfaces applicable in the SERVER runtime. Due to constraint configuration problems the provider com.nimbusds.openid.connect.provider.checksession.CheckSessionBackendEndpoint will be ignored. 
14-May-2025 12:48:25.641 WARNING [main] org.glassfish.jersey.server.wadl.WadlFeature.configure JAX-B API not found . WADL feature is disabled.
14-May-2025 12:48:25.705 WARNING [main] org.glassfish.jersey.server.wadl.WadlFeature.configure JAX-B API not found . WADL feature is disabled.
14-May-2025 12:48:25.714 WARNING [main] org.glassfish.jersey.internal.inject.Providers.checkProviderRuntime A provider com.nimbusds.sessionstore.rest.WebAPI registered in SERVER runtime does not implement any provider interfaces applicable in the SERVER runtime. Due to constraint configuration problems the provider com.nimbusds.sessionstore.rest.WebAPI will be ignored. 
14-May-2025 12:48:25.761 WARNING [main] org.glassfish.jersey.server.wadl.WadlFeature.configure JAX-B API not found . WADL feature is disabled.
14-May-2025 12:48:25.766 WARNING [main] org.glassfish.jersey.internal.inject.Providers.checkProviderRuntime A provider com.nimbusds.openid.connect.provider.authz.AuthorizationSessionEndpoint registered in SERVER runtime does not implement any provider interfaces applicable in the SERVER runtime. Due to constraint configuration problems the provider com.nimbusds.openid.connect.provider.authz.AuthorizationSessionEndpoint will be ignored. 
14-May-2025 12:48:25.794 WARNING [main] org.glassfish.jersey.server.wadl.WadlFeature.configure JAX-B API not found . WADL feature is disabled.
14-May-2025 12:48:25.797 WARNING [main] org.glassfish.jersey.internal.inject.Providers.checkProviderRuntime A provider com.nimbusds.openid.connect.provider.config.ConfigurationEndpoint registered in SERVER runtime does not implement any provider interfaces applicable in the SERVER runtime. Due to constraint configuration problems the provider com.nimbusds.openid.connect.provider.config.ConfigurationEndpoint will be ignored. 
14-May-2025 12:48:25.819 WARNING [main] org.glassfish.jersey.server.wadl.WadlFeature.configure JAX-B API not found . WADL feature is disabled.
14-May-2025 12:48:25.821 WARNING [main] org.glassfish.jersey.internal.inject.Providers.checkProviderRuntime A provider com.nimbusds.openid.connect.provider.authz.DirectAuthorizationEndpoint registered in SERVER runtime does not implement any provider interfaces applicable in the SERVER runtime. Due to constraint configuration problems the provider com.nimbusds.openid.connect.provider.authz.DirectAuthorizationEndpoint will be ignored. 
14-May-2025 12:48:25.845 WARNING [main] org.glassfish.jersey.server.wadl.WadlFeature.configure JAX-B API not found . WADL feature is disabled.
14-May-2025 12:48:25.848 WARNING [main] org.glassfish.jersey.internal.inject.Providers.checkProviderRuntime A provider com.nimbusds.openid.connect.provider.logout.endpoint.LogoutSessionEndpoint registered in SERVER runtime does not implement any provider interfaces applicable in the SERVER runtime. Due to constraint configuration problems the provider com.nimbusds.openid.connect.provider.logout.endpoint.LogoutSessionEndpoint will be ignored. 
14-May-2025 12:48:26.002 INFO [main] org.apache.catalina.startup.HostConfig.deployWAR Deployment of web application archive [/home/radu/TAK-Server/src/oidf-server/tomcat/webapps/c2id.war] has finished in [10,459] ms
14-May-2025 12:48:26.003 INFO [main] org.apache.catalina.startup.HostConfig.deployDirectory Deploying web application directory [/home/radu/TAK-Server/src/oidf-server/tomcat/webapps/manager]
14-May-2025 12:48:26.053 INFO [main] org.apache.catalina.startup.HostConfig.deployDirectory Deployment of web application directory [/home/radu/TAK-Server/src/oidf-server/tomcat/webapps/manager] has finished in [50] ms
14-May-2025 12:48:26.053 INFO [main] org.apache.catalina.startup.HostConfig.deployDirectory Deploying web application directory [/home/radu/TAK-Server/src/oidf-server/tomcat/webapps/ROOT]
14-May-2025 12:48:26.074 INFO [main] org.apache.catalina.startup.HostConfig.deployDirectory Deployment of web application directory [/home/radu/TAK-Server/src/oidf-server/tomcat/webapps/ROOT] has finished in [21] ms
14-May-2025 12:48:26.074 INFO [main] org.apache.catalina.startup.HostConfig.deployDirectory Deploying web application directory [/home/radu/TAK-Server/src/oidf-server/tomcat/webapps/host-manager]
14-May-2025 12:48:26.108 INFO [main] org.apache.catalina.startup.HostConfig.deployDirectory Deployment of web application directory [/home/radu/TAK-Server/src/oidf-server/tomcat/webapps/host-manager] has finished in [34] ms
14-May-2025 12:48:26.116 INFO [main] org.apache.coyote.AbstractProtocol.start Starting ProtocolHandler ["http-nio-8080"]
14-May-2025 12:48:26.140 INFO [main] org.apache.catalina.startup.Catalina.start Server startup in [17388] milliseconds
14-May-2025 12:48:34.400 INFO [main] org.apache.catalina.core.StandardServer.await A valid shutdown command was received via the shutdown port. Stopping the Server instance.
14-May-2025 12:48:34.400 INFO [main] org.apache.coyote.AbstractProtocol.pause Pausing ProtocolHandler ["http-nio-8080"]
14-May-2025 12:48:34.403 INFO [main] org.apache.catalina.core.StandardService.stopInternal Stopping service [Catalina]
[CM8005] Stopping Infinispan...
[CM8015] Stopped Infinispan cache clients.remoteRequestJWTClaimsCache in 4 ms
[CM8015] Stopped Infinispan cache op.loginHintTokenMap in 6 ms
[CM8015] Stopped Infinispan cache op.dPoPJTICache in 6 ms
[CM8015] Stopped Infinispan cache keyStore.jwkSetMap in 271 ms
[CM8015] Stopped Infinispan cache sessionStore.sessionMap in 282 ms
[CM8015] Stopped Infinispan cache federation.registrationsMap in 283 ms
[CM8015] Stopped Infinispan cache op.authSessionMap in 283 ms
[CM8015] Stopped Infinispan cache authzStore.revocationJournalMap in 284 ms
[CM8015] Stopped Infinispan cache clients.registrationsMap in 284 ms
[CM8015] Stopped Infinispan cache authzStore.expendedTokenMap in 285 ms
[CM8015] Stopped Infinispan cache clients.remoteJWKSetCache in 285 ms
[CM8015] Stopped Infinispan cache authzStore.codeMap in 285 ms
[CM8015] Stopped Infinispan cache authzStore.longLivedAuthzMap in 286 ms
[CM8015] Stopped Infinispan cache keyStore.jwkSetHistoryMap in 286 ms
[CM8015] Stopped Infinispan cache authzStore.idAccessTokenMap in 286 ms
[CM8015] Stopped Infinispan cache op.consentSessionMap in 287 ms
[CM8015] Stopped Infinispan cache sessionStore.subjectMap in 288 ms
[CM8015] Stopped Infinispan cache org.infinispan.CONFIG in 288 ms
14-May-2025 12:48:34.776 WARNING [main] org.apache.catalina.loader.WebappClassLoaderBase.clearReferencesThreads The web application [c2id] appears to have started a thread named [RxCachedWorkerPoolEvictor-1] but has failed to stop it. This is very likely to create a memory leak. Stack trace of thread:
 java.base@17.0.15/jdk.internal.misc.Unsafe.park(Native Method)
 java.base@17.0.15/java.util.concurrent.locks.LockSupport.parkNanos(LockSupport.java:252)
 java.base@17.0.15/java.util.concurrent.locks.AbstractQueuedSynchronizer$ConditionObject.awaitNanos(AbstractQueuedSynchronizer.java:1679)
 java.base@17.0.15/java.util.concurrent.ScheduledThreadPoolExecutor$DelayedWorkQueue.take(ScheduledThreadPoolExecutor.java:1182)
 java.base@17.0.15/java.util.concurrent.ScheduledThreadPoolExecutor$DelayedWorkQueue.take(ScheduledThreadPoolExecutor.java:899)
 java.base@17.0.15/java.util.concurrent.ThreadPoolExecutor.getTask(ThreadPoolExecutor.java:1062)
 java.base@17.0.15/java.util.concurrent.ThreadPoolExecutor.runWorker(ThreadPoolExecutor.java:1122)
 java.base@17.0.15/java.util.concurrent.ThreadPoolExecutor$Worker.run(ThreadPoolExecutor.java:635)
 java.base@17.0.15/java.lang.Thread.run(Thread.java:840)
14-May-2025 12:48:34.776 WARNING [main] org.apache.catalina.loader.WebappClassLoaderBase.clearReferencesThreads The web application [c2id] appears to have started a thread named [HttpClient-1-SelectorManager] but has failed to stop it. This is very likely to create a memory leak. Stack trace of thread:
 java.base@17.0.15/sun.nio.ch.EPoll.wait(Native Method)
 java.base@17.0.15/sun.nio.ch.EPollSelectorImpl.doSelect(EPollSelectorImpl.java:118)
 java.base@17.0.15/sun.nio.ch.SelectorImpl.lockAndDoSelect(SelectorImpl.java:129)
 java.base@17.0.15/sun.nio.ch.SelectorImpl.select(SelectorImpl.java:141)
 platform/java.net.http@17.0.15/jdk.internal.net.http.HttpClientImpl$SelectorManager.run(HttpClientImpl.java:894)
14-May-2025 12:48:34.796 INFO [main] org.apache.coyote.AbstractProtocol.stop Stopping ProtocolHandler ["http-nio-8080"]
14-May-2025 12:48:34.802 INFO [main] org.apache.coyote.AbstractProtocol.destroy Destroying ProtocolHandler ["http-nio-8080"]
14-May-2025 12:48:38.260 INFO [main] org.apache.catalina.startup.VersionLoggerListener.log Server version name:   Apache Tomcat/10.1.39
14-May-2025 12:48:38.266 INFO [main] org.apache.catalina.startup.VersionLoggerListener.log Server built:          Mar 4 2025 19:02:32 UTC
14-May-2025 12:48:38.266 INFO [main] org.apache.catalina.startup.VersionLoggerListener.log Server version number: 10.1.39.0
14-May-2025 12:48:38.266 INFO [main] org.apache.catalina.startup.VersionLoggerListener.log OS Name:               Linux
14-May-2025 12:48:38.266 INFO [main] org.apache.catalina.startup.VersionLoggerListener.log OS Version:            6.8.0-59-generic
14-May-2025 12:48:38.266 INFO [main] org.apache.catalina.startup.VersionLoggerListener.log Architecture:          amd64
14-May-2025 12:48:38.266 INFO [main] org.apache.catalina.startup.VersionLoggerListener.log Java Home:             /usr/lib/jvm/java-17-openjdk-amd64
14-May-2025 12:48:38.267 INFO [main] org.apache.catalina.startup.VersionLoggerListener.log JVM Version:           17.0.15+6-Ubuntu-0ubuntu122.04
14-May-2025 12:48:38.267 INFO [main] org.apache.catalina.startup.VersionLoggerListener.log JVM Vendor:            Ubuntu
14-May-2025 12:48:38.267 INFO [main] org.apache.catalina.startup.VersionLoggerListener.log CATALINA_BASE:         /home/radu/TAK-Server/src/oidf-server/tomcat
14-May-2025 12:48:38.267 INFO [main] org.apache.catalina.startup.VersionLoggerListener.log CATALINA_HOME:         /home/radu/TAK-Server/src/oidf-server/tomcat
14-May-2025 12:48:38.269 INFO [main] org.apache.catalina.core.AprLifecycleListener.lifecycleEvent The Apache Tomcat Native library which allows using OpenSSL was not found on the java.library.path: [/home/radu/opt/lib::/usr/java/packages/lib:/usr/lib/x86_64-linux-gnu/jni:/lib/x86_64-linux-gnu:/usr/lib/x86_64-linux-gnu:/usr/lib/jni:/lib:/usr/lib]
14-May-2025 12:48:38.555 INFO [main] org.apache.coyote.AbstractProtocol.init Initializing ProtocolHandler ["http-nio-8080"]
14-May-2025 12:48:38.578 INFO [main] org.apache.catalina.startup.Catalina.load Server initialization in [484] milliseconds
14-May-2025 12:48:38.622 INFO [main] org.apache.catalina.core.StandardService.startInternal Starting service [Catalina]
14-May-2025 12:48:38.622 INFO [main] org.apache.catalina.core.StandardEngine.startInternal Starting Servlet engine: [Apache Tomcat/10.1.39]
14-May-2025 12:48:38.637 INFO [main] org.apache.catalina.startup.HostConfig.deployWAR Deploying web application archive [/home/radu/TAK-Server/src/oidf-server/tomcat/webapps/ldapauth.war]
14-May-2025 12:48:39.022 INFO [main] org.apache.jasper.servlet.TldScanner.scanJars At least one JAR was scanned for TLDs yet contained no TLDs. Enable debug logging for this logger for a complete list of JARs that were scanned but no TLDs were found in them. Skipping unneeded JARs during scanning can improve startup time and JSP compilation time.
14-May-2025 12:48:39.747 INFO [main] org.apache.catalina.startup.HostConfig.deployWAR Deployment of web application archive [/home/radu/TAK-Server/src/oidf-server/tomcat/webapps/ldapauth.war] has finished in [1,104] ms
14-May-2025 12:48:39.749 INFO [main] org.apache.catalina.startup.HostConfig.deployWAR Deploying web application archive [/home/radu/TAK-Server/src/oidf-server/tomcat/webapps/password-grant-handler.war]
14-May-2025 12:48:39.982 INFO [main] org.apache.jasper.servlet.TldScanner.scanJars At least one JAR was scanned for TLDs yet contained no TLDs. Enable debug logging for this logger for a complete list of JARs that were scanned but no TLDs were found in them. Skipping unneeded JARs during scanning can improve startup time and JSP compilation time.
14-May-2025 12:48:40.245 INFO [main] org.apache.catalina.startup.HostConfig.deployWAR Deployment of web application archive [/home/radu/TAK-Server/src/oidf-server/tomcat/webapps/password-grant-handler.war] has finished in [496] ms
14-May-2025 12:48:40.246 INFO [main] org.apache.catalina.startup.HostConfig.deployWAR Deploying web application archive [/home/radu/TAK-Server/src/oidf-server/tomcat/webapps/c2id-login.war]
14-May-2025 12:48:41.283 INFO [main] org.apache.jasper.servlet.TldScanner.scanJars At least one JAR was scanned for TLDs yet contained no TLDs. Enable debug logging for this logger for a complete list of JARs that were scanned but no TLDs were found in them. Skipping unneeded JARs during scanning can improve startup time and JSP compilation time.

                                  _   ___  _     _
                                 | | |__ \(_)   | |
   ___ ___  _ __  _ __   ___  ___| |_   ) )_  __| |
  / __/ _ \| '_ \| '_ \ / _ \/ __| __| / /| |/ _` |
 | (_| (_) | | | | | | |  __/ (__| |_ / /_| | (_| |
  \___\___/|_| |_|_| |_|\___|\___|\__|____|_|\__,_|  Login  (v3.4.5-migrated-1.0.9)

2025-05-14 12:48:42.840  INFO 253475 --- [           main] com.nimbusds.login.C2idLogin             : Starting C2idLogin v3.4.5-migrated-1.0.9 using Java 17.0.15 on lenss-10 with PID 253475 (/home/radu/TAK-Server/src/oidf-server/tomcat/webapps/c2id-login/WEB-INF/classes started by radu in /home/radu/TAK-Server/src/oidf-server/tomcat/bin)
2025-05-14 12:48:42.844  INFO 253475 --- [           main] com.nimbusds.login.C2idLogin             : The following profiles are active: prod
2025-05-14 12:48:44.534  INFO 253475 --- [           main] com.nimbusds.login.C2idLogin             : Started C2idLogin in 2.774 seconds (JVM running for 6.639)
14-May-2025 12:48:44.546 INFO [main] org.apache.catalina.startup.HostConfig.deployWAR Deployment of web application archive [/home/radu/TAK-Server/src/oidf-server/tomcat/webapps/c2id-login.war] has finished in [4,300] ms
14-May-2025 12:48:44.547 INFO [main] org.apache.catalina.startup.HostConfig.deployWAR Deploying web application archive [/home/radu/TAK-Server/src/oidf-server/tomcat/webapps/oidc-client.war]
May 14, 2025 12:48:44 PM org.apache.jasper.servlet.TldScanner scanJars
INFO: At least one JAR was scanned for TLDs yet contained no TLDs. Enable debug logging for this logger for a complete list of JARs that were scanned but no TLDs were found in them. Skipping unneeded JARs during scanning can improve startup time and JSP compilation time.
May 14, 2025 12:48:45 PM org.apache.catalina.core.ApplicationContext log
INFO: Initializing AtmosphereFramework
May 14, 2025 12:48:45 PM org.atmosphere.cpr.AtmosphereFramework addAtmosphereHandler
INFO: Installed AtmosphereHandler com.vaadin.server.communication.PushAtmosphereHandler mapped to context-path: /*
May 14, 2025 12:48:45 PM org.atmosphere.cpr.AtmosphereFramework addAtmosphereHandler
INFO: Installed the following AtmosphereInterceptor mapped to AtmosphereHandler com.vaadin.server.communication.PushAtmosphereHandler
May 14, 2025 12:48:45 PM org.atmosphere.util.IOUtils readServiceFile
INFO: META-INF/services/org.atmosphere.cpr.AtmosphereFramework not found in class loader
May 14, 2025 12:48:45 PM org.atmosphere.cpr.AtmosphereFramework autoConfigureService
INFO: Atmosphere is using org.atmosphere.util.VoidAnnotationProcessor for processing annotation
May 14, 2025 12:48:45 PM org.atmosphere.cpr.AtmosphereFramework initWebSocket
INFO: Installed WebSocketProtocol org.atmosphere.websocket.protocol.SimpleHttpProtocol 
May 14, 2025 12:48:45 PM org.atmosphere.container.JSR356AsyncSupport <init>
INFO: JSR 356 Mapping path /cb
May 14, 2025 12:48:45 PM org.atmosphere.cpr.AtmosphereFramework configureAtmosphereInterceptor
INFO: Installing Default AtmosphereInterceptors
May 14, 2025 12:48:45 PM org.atmosphere.cpr.AtmosphereFramework newAInterceptor
INFO: 	org.atmosphere.interceptor.CorsInterceptor : CORS Interceptor Support
May 14, 2025 12:48:45 PM org.atmosphere.cpr.AtmosphereFramework newAInterceptor
INFO: 	org.atmosphere.interceptor.CacheHeadersInterceptor : Default Response's Headers Interceptor
May 14, 2025 12:48:45 PM org.atmosphere.cpr.AtmosphereFramework newAInterceptor
INFO: 	org.atmosphere.interceptor.PaddingAtmosphereInterceptor : Browser Padding Interceptor Support
May 14, 2025 12:48:45 PM org.atmosphere.cpr.AtmosphereFramework newAInterceptor
INFO: 	org.atmosphere.interceptor.AndroidAtmosphereInterceptor : Android Interceptor Support
May 14, 2025 12:48:45 PM org.atmosphere.cpr.AtmosphereFramework configureAtmosphereInterceptor
INFO: Dropping Interceptor org.atmosphere.interceptor.HeartbeatInterceptor
May 14, 2025 12:48:45 PM org.atmosphere.cpr.AtmosphereFramework newAInterceptor
INFO: 	org.atmosphere.interceptor.SSEAtmosphereInterceptor : SSE Interceptor Support
May 14, 2025 12:48:45 PM org.atmosphere.cpr.AtmosphereFramework newAInterceptor
INFO: 	org.atmosphere.interceptor.JSONPAtmosphereInterceptor : JSONP Interceptor Support
May 14, 2025 12:48:45 PM org.atmosphere.cpr.AtmosphereFramework newAInterceptor
INFO: 	org.atmosphere.interceptor.JavaScriptProtocol : Atmosphere JavaScript Protocol
May 14, 2025 12:48:45 PM org.atmosphere.cpr.AtmosphereFramework newAInterceptor
INFO: 	org.atmosphere.interceptor.WebSocketMessageSuspendInterceptor : org.atmosphere.interceptor.WebSocketMessageSuspendInterceptor
May 14, 2025 12:48:45 PM org.atmosphere.cpr.AtmosphereFramework newAInterceptor
INFO: 	org.atmosphere.interceptor.OnDisconnectInterceptor : Browser disconnection detection
May 14, 2025 12:48:45 PM org.atmosphere.cpr.AtmosphereFramework newAInterceptor
INFO: 	org.atmosphere.interceptor.IdleResourceInterceptor : org.atmosphere.interceptor.IdleResourceInterceptor
May 14, 2025 12:48:45 PM org.atmosphere.cpr.AtmosphereFramework configureAtmosphereInterceptor
INFO: Set org.atmosphere.cpr.AtmosphereInterceptor.disableDefaults to disable them.
May 14, 2025 12:48:45 PM org.atmosphere.cpr.AtmosphereFramework info
INFO: Using EndpointMapper class org.atmosphere.util.DefaultEndpointMapper
May 14, 2025 12:48:45 PM org.atmosphere.cpr.AtmosphereFramework info
INFO: Using BroadcasterCache: org.atmosphere.cache.UUIDBroadcasterCache
May 14, 2025 12:48:45 PM org.atmosphere.cpr.AtmosphereFramework info
INFO: Default Broadcaster Class: org.atmosphere.cpr.DefaultBroadcaster
May 14, 2025 12:48:45 PM org.atmosphere.cpr.AtmosphereFramework info
INFO: Broadcaster Polling Wait Time 100
May 14, 2025 12:48:45 PM org.atmosphere.cpr.AtmosphereFramework info
INFO: Shared ExecutorService supported: true
May 14, 2025 12:48:45 PM org.atmosphere.cpr.AtmosphereFramework info
INFO: Messaging Thread Pool Size: Unlimited
May 14, 2025 12:48:45 PM org.atmosphere.cpr.AtmosphereFramework info
INFO: Async I/O Thread Pool Size: 200
May 14, 2025 12:48:45 PM org.atmosphere.cpr.AtmosphereFramework info
INFO: Using BroadcasterFactory: org.atmosphere.cpr.DefaultBroadcasterFactory
May 14, 2025 12:48:45 PM org.atmosphere.cpr.AtmosphereFramework info
INFO: Using WebSocketProcessor: org.atmosphere.websocket.DefaultWebSocketProcessor
May 14, 2025 12:48:45 PM org.atmosphere.cpr.AtmosphereFramework info
INFO: Invoke AtmosphereInterceptor on WebSocket message true
May 14, 2025 12:48:45 PM org.atmosphere.cpr.AtmosphereFramework info
INFO: HttpSession supported: true
May 14, 2025 12:48:45 PM org.atmosphere.cpr.AtmosphereFramework info
INFO: Atmosphere is using DefaultAtmosphereObjectFactory for dependency injection and object creation
May 14, 2025 12:48:45 PM org.atmosphere.cpr.AtmosphereFramework info
INFO: Atmosphere is using async support: org.atmosphere.container.JSR356AsyncSupport running under container: Apache Tomcat/10.1.39 using jakarta.servlet/3.0 and jsr356/WebSocket API
May 14, 2025 12:48:45 PM org.atmosphere.cpr.AtmosphereFramework info
INFO: Atmosphere Framework 2.2.13.vaadin1 started.
May 14, 2025 12:48:45 PM org.atmosphere.cpr.AtmosphereFramework interceptor
INFO: Installed AtmosphereInterceptor  Track Message Size Interceptor using | with priority BEFORE_DEFAULT 
May 14, 2025 12:48:45 PM org.atmosphere.cpr.AtmosphereFramework addAtmosphereHandler
INFO: Installed AtmosphereHandler com.vaadin.server.communication.PushAtmosphereHandler mapped to context-path: /*
May 14, 2025 12:48:45 PM org.atmosphere.cpr.AtmosphereFramework addAtmosphereHandler
INFO: Installed the following AtmosphereInterceptor mapped to AtmosphereHandler com.vaadin.server.communication.PushAtmosphereHandler
May 14, 2025 12:48:45 PM org.atmosphere.util.IOUtils readServiceFile
INFO: META-INF/services/org.atmosphere.cpr.AtmosphereFramework not found in class loader
May 14, 2025 12:48:45 PM org.atmosphere.cpr.AtmosphereFramework autoConfigureService
INFO: Atmosphere is using org.atmosphere.util.VoidAnnotationProcessor for processing annotation
May 14, 2025 12:48:45 PM org.atmosphere.cpr.AtmosphereFramework initWebSocket
INFO: Installed WebSocketProtocol org.atmosphere.websocket.protocol.SimpleHttpProtocol 
May 14, 2025 12:48:45 PM org.atmosphere.container.JSR356AsyncSupport <init>
INFO: JSR 356 Mapping path /{path}
May 14, 2025 12:48:45 PM org.atmosphere.cpr.AtmosphereFramework configureAtmosphereInterceptor
INFO: Installing Default AtmosphereInterceptors
May 14, 2025 12:48:45 PM org.atmosphere.cpr.AtmosphereFramework newAInterceptor
INFO: 	org.atmosphere.interceptor.CorsInterceptor : CORS Interceptor Support
May 14, 2025 12:48:45 PM org.atmosphere.cpr.AtmosphereFramework newAInterceptor
INFO: 	org.atmosphere.interceptor.CacheHeadersInterceptor : Default Response's Headers Interceptor
May 14, 2025 12:48:45 PM org.atmosphere.cpr.AtmosphereFramework newAInterceptor
INFO: 	org.atmosphere.interceptor.PaddingAtmosphereInterceptor : Browser Padding Interceptor Support
May 14, 2025 12:48:45 PM org.atmosphere.cpr.AtmosphereFramework newAInterceptor
INFO: 	org.atmosphere.interceptor.AndroidAtmosphereInterceptor : Android Interceptor Support
May 14, 2025 12:48:45 PM org.atmosphere.cpr.AtmosphereFramework configureAtmosphereInterceptor
INFO: Dropping Interceptor org.atmosphere.interceptor.HeartbeatInterceptor
May 14, 2025 12:48:45 PM org.atmosphere.cpr.AtmosphereFramework newAInterceptor
INFO: 	org.atmosphere.interceptor.SSEAtmosphereInterceptor : SSE Interceptor Support
May 14, 2025 12:48:45 PM org.atmosphere.cpr.AtmosphereFramework newAInterceptor
INFO: 	org.atmosphere.interceptor.JSONPAtmosphereInterceptor : JSONP Interceptor Support
May 14, 2025 12:48:45 PM org.atmosphere.cpr.AtmosphereFramework newAInterceptor
INFO: 	org.atmosphere.interceptor.JavaScriptProtocol : Atmosphere JavaScript Protocol
May 14, 2025 12:48:45 PM org.atmosphere.cpr.AtmosphereFramework newAInterceptor
INFO: 	org.atmosphere.interceptor.WebSocketMessageSuspendInterceptor : org.atmosphere.interceptor.WebSocketMessageSuspendInterceptor
May 14, 2025 12:48:45 PM org.atmosphere.cpr.AtmosphereFramework newAInterceptor
INFO: 	org.atmosphere.interceptor.OnDisconnectInterceptor : Browser disconnection detection
May 14, 2025 12:48:45 PM org.atmosphere.cpr.AtmosphereFramework newAInterceptor
INFO: 	org.atmosphere.interceptor.IdleResourceInterceptor : org.atmosphere.interceptor.IdleResourceInterceptor
May 14, 2025 12:48:45 PM org.atmosphere.cpr.AtmosphereFramework configureAtmosphereInterceptor
INFO: Set org.atmosphere.cpr.AtmosphereInterceptor.disableDefaults to disable them.
May 14, 2025 12:48:45 PM org.atmosphere.cpr.AtmosphereFramework info
INFO: Using EndpointMapper class org.atmosphere.util.DefaultEndpointMapper
May 14, 2025 12:48:45 PM org.atmosphere.cpr.AtmosphereFramework info
INFO: Using BroadcasterCache: org.atmosphere.cache.UUIDBroadcasterCache
May 14, 2025 12:48:45 PM org.atmosphere.cpr.AtmosphereFramework info
INFO: Default Broadcaster Class: org.atmosphere.cpr.DefaultBroadcaster
May 14, 2025 12:48:45 PM org.atmosphere.cpr.AtmosphereFramework info
INFO: Broadcaster Polling Wait Time 100
May 14, 2025 12:48:45 PM org.atmosphere.cpr.AtmosphereFramework info
INFO: Shared ExecutorService supported: true
May 14, 2025 12:48:45 PM org.atmosphere.cpr.AtmosphereFramework info
INFO: Messaging Thread Pool Size: Unlimited
May 14, 2025 12:48:45 PM org.atmosphere.cpr.AtmosphereFramework info
INFO: Async I/O Thread Pool Size: 200
May 14, 2025 12:48:45 PM org.atmosphere.cpr.AtmosphereFramework info
INFO: Using BroadcasterFactory: org.atmosphere.cpr.DefaultBroadcasterFactory
May 14, 2025 12:48:45 PM org.atmosphere.cpr.AtmosphereFramework info
INFO: Using WebSocketProcessor: org.atmosphere.websocket.DefaultWebSocketProcessor
May 14, 2025 12:48:45 PM org.atmosphere.cpr.AtmosphereFramework info
INFO: Invoke AtmosphereInterceptor on WebSocket message true
May 14, 2025 12:48:45 PM org.atmosphere.cpr.AtmosphereFramework info
INFO: HttpSession supported: true
May 14, 2025 12:48:45 PM org.atmosphere.cpr.AtmosphereFramework info
INFO: Atmosphere is using DefaultAtmosphereObjectFactory for dependency injection and object creation
May 14, 2025 12:48:45 PM org.atmosphere.cpr.AtmosphereFramework info
INFO: Atmosphere is using async support: org.atmosphere.container.JSR356AsyncSupport running under container: Apache Tomcat/10.1.39 using jakarta.servlet/3.0 and jsr356/WebSocket API
May 14, 2025 12:48:45 PM org.atmosphere.cpr.AtmosphereFramework info
INFO: Atmosphere Framework 2.2.13.vaadin1 started.
May 14, 2025 12:48:45 PM org.atmosphere.cpr.AtmosphereFramework interceptor
INFO: Installed AtmosphereInterceptor  Track Message Size Interceptor using | with priority BEFORE_DEFAULT 
14-May-2025 12:48:45.483 INFO [main] org.apache.catalina.startup.HostConfig.deployWAR Deployment of web application archive [/home/radu/TAK-Server/src/oidf-server/tomcat/webapps/oidc-client.war] has finished in [936] ms
14-May-2025 12:48:45.484 INFO [main] org.apache.catalina.startup.HostConfig.deployWAR Deploying web application archive [/home/radu/TAK-Server/src/oidf-server/tomcat/webapps/c2id-logout.war]
14-May-2025 12:48:45.627 INFO [main] org.apache.jasper.servlet.TldScanner.scanJars At least one JAR was scanned for TLDs yet contained no TLDs. Enable debug logging for this logger for a complete list of JARs that were scanned but no TLDs were found in them. Skipping unneeded JARs during scanning can improve startup time and JSP compilation time.
14-May-2025 12:48:45.636 INFO [main] org.apache.catalina.startup.HostConfig.deployWAR Deployment of web application archive [/home/radu/TAK-Server/src/oidf-server/tomcat/webapps/c2id-logout.war] has finished in [152] ms
14-May-2025 12:48:45.637 INFO [main] org.apache.catalina.startup.HostConfig.deployWAR Deploying web application archive [/home/radu/TAK-Server/src/oidf-server/tomcat/webapps/c2id.war]
14-May-2025 12:48:50.259 INFO [main] org.apache.jasper.servlet.TldScanner.scanJars At least one JAR was scanned for TLDs yet contained no TLDs. Enable debug logging for this logger for a complete list of JARs that were scanned but no TLDs were found in them. Skipping unneeded JARs during scanning can improve startup time and JSP compilation time.
SLF4J(W): No SLF4J providers were found.
SLF4J(W): Defaulting to no-operation (NOP) logger implementation
SLF4J(W): See https://www.slf4j.org/codes.html#noProviders for further details.
SLF4J(W): Class path contains SLF4J bindings targeting slf4j-api versions 1.7.x or earlier.
SLF4J(W): Ignoring binding found at [jar:file:/home/radu/TAK-Server/src/oidf-server/tomcat/webapps/c2id/WEB-INF/lib/log4j-slf4j-impl-2.24.2.jar!/org/slf4j/impl/StaticLoggerBinder.class]
SLF4J(W): See https://www.slf4j.org/codes.html#ignoredBindings for an explanation.
14-May-2025 12:48:55.418 WARNING [main] org.glassfish.jersey.message.internal.MessagingBinders$EnabledProvidersBinder.bindToBinder A class jakarta.activation.DataSource for a default provider MessageBodyWriter<jakarta.activation.DataSource> was not found. The provider is not available.
14-May-2025 12:48:55.441 WARNING [main] org.glassfish.jersey.server.wadl.WadlFeature.configure JAX-B API not found . WADL feature is disabled.
14-May-2025 12:48:55.521 WARNING [main] org.glassfish.jersey.internal.inject.Providers.checkProviderRuntime A provider com.nimbusds.openid.connect.provider.sts.STSEndpoint registered in SERVER runtime does not implement any provider interfaces applicable in the SERVER runtime. Due to constraint configuration problems the provider com.nimbusds.openid.connect.provider.sts.STSEndpoint will be ignored. 
14-May-2025 12:48:55.644 WARNING [main] org.glassfish.jersey.server.wadl.WadlFeature.configure JAX-B API not found . WADL feature is disabled.
14-May-2025 12:48:55.652 WARNING [main] org.glassfish.jersey.internal.inject.Providers.checkProviderRuntime A provider com.nimbusds.authzstore.rest.WebAPI registered in SERVER runtime does not implement any provider interfaces applicable in the SERVER runtime. Due to constraint configuration problems the provider com.nimbusds.authzstore.rest.WebAPI will be ignored. 
14-May-2025 12:48:55.737 WARNING [main] org.glassfish.jersey.server.wadl.WadlFeature.configure JAX-B API not found . WADL feature is disabled.
14-May-2025 12:48:55.740 WARNING [main] org.glassfish.jersey.internal.inject.Providers.checkProviderRuntime A provider com.nimbusds.openid.connect.provider.ciba.sessions.CIBASessionsEndpoint registered in SERVER runtime does not implement any provider interfaces applicable in the SERVER runtime. Due to constraint configuration problems the provider com.nimbusds.openid.connect.provider.ciba.sessions.CIBASessionsEndpoint will be ignored. 
14-May-2025 12:48:55.773 WARNING [main] org.glassfish.jersey.server.wadl.WadlFeature.configure JAX-B API not found . WADL feature is disabled.
14-May-2025 12:48:55.776 WARNING [main] org.glassfish.jersey.internal.inject.Providers.checkProviderRuntime A provider com.nimbusds.openid.connect.provider.checksession.CheckSessionBackendEndpoint registered in SERVER runtime does not implement any provider interfaces applicable in the SERVER runtime. Due to constraint configuration problems the provider com.nimbusds.openid.connect.provider.checksession.CheckSessionBackendEndpoint will be ignored. 
14-May-2025 12:48:55.808 WARNING [main] org.glassfish.jersey.server.wadl.WadlFeature.configure JAX-B API not found . WADL feature is disabled.
14-May-2025 12:48:55.866 WARNING [main] org.glassfish.jersey.server.wadl.WadlFeature.configure JAX-B API not found . WADL feature is disabled.
14-May-2025 12:48:55.874 WARNING [main] org.glassfish.jersey.internal.inject.Providers.checkProviderRuntime A provider com.nimbusds.sessionstore.rest.WebAPI registered in SERVER runtime does not implement any provider interfaces applicable in the SERVER runtime. Due to constraint configuration problems the provider com.nimbusds.sessionstore.rest.WebAPI will be ignored. 
14-May-2025 12:48:55.920 WARNING [main] org.glassfish.jersey.server.wadl.WadlFeature.configure JAX-B API not found . WADL feature is disabled.
14-May-2025 12:48:55.925 WARNING [main] org.glassfish.jersey.internal.inject.Providers.checkProviderRuntime A provider com.nimbusds.openid.connect.provider.authz.AuthorizationSessionEndpoint registered in SERVER runtime does not implement any provider interfaces applicable in the SERVER runtime. Due to constraint configuration problems the provider com.nimbusds.openid.connect.provider.authz.AuthorizationSessionEndpoint will be ignored. 
14-May-2025 12:48:55.964 WARNING [main] org.glassfish.jersey.server.wadl.WadlFeature.configure JAX-B API not found . WADL feature is disabled.
14-May-2025 12:48:55.968 WARNING [main] org.glassfish.jersey.internal.inject.Providers.checkProviderRuntime A provider com.nimbusds.openid.connect.provider.config.ConfigurationEndpoint registered in SERVER runtime does not implement any provider interfaces applicable in the SERVER runtime. Due to constraint configuration problems the provider com.nimbusds.openid.connect.provider.config.ConfigurationEndpoint will be ignored. 
14-May-2025 12:48:56.020 WARNING [main] org.glassfish.jersey.server.wadl.WadlFeature.configure JAX-B API not found . WADL feature is disabled.
14-May-2025 12:48:56.025 WARNING [main] org.glassfish.jersey.internal.inject.Providers.checkProviderRuntime A provider com.nimbusds.openid.connect.provider.authz.DirectAuthorizationEndpoint registered in SERVER runtime does not implement any provider interfaces applicable in the SERVER runtime. Due to constraint configuration problems the provider com.nimbusds.openid.connect.provider.authz.DirectAuthorizationEndpoint will be ignored. 
14-May-2025 12:48:56.074 WARNING [main] org.glassfish.jersey.server.wadl.WadlFeature.configure JAX-B API not found . WADL feature is disabled.
14-May-2025 12:48:56.078 WARNING [main] org.glassfish.jersey.internal.inject.Providers.checkProviderRuntime A provider com.nimbusds.openid.connect.provider.logout.endpoint.LogoutSessionEndpoint registered in SERVER runtime does not implement any provider interfaces applicable in the SERVER runtime. Due to constraint configuration problems the provider com.nimbusds.openid.connect.provider.logout.endpoint.LogoutSessionEndpoint will be ignored. 
14-May-2025 12:48:56.308 INFO [main] org.apache.catalina.startup.HostConfig.deployWAR Deployment of web application archive [/home/radu/TAK-Server/src/oidf-server/tomcat/webapps/c2id.war] has finished in [10,670] ms
14-May-2025 12:48:56.308 INFO [main] org.apache.catalina.startup.HostConfig.deployDirectory Deploying web application directory [/home/radu/TAK-Server/src/oidf-server/tomcat/webapps/manager]
14-May-2025 12:48:56.385 INFO [main] org.apache.catalina.startup.HostConfig.deployDirectory Deployment of web application directory [/home/radu/TAK-Server/src/oidf-server/tomcat/webapps/manager] has finished in [76] ms
14-May-2025 12:48:56.385 INFO [main] org.apache.catalina.startup.HostConfig.deployDirectory Deploying web application directory [/home/radu/TAK-Server/src/oidf-server/tomcat/webapps/ROOT]
14-May-2025 12:48:56.418 INFO [main] org.apache.catalina.startup.HostConfig.deployDirectory Deployment of web application directory [/home/radu/TAK-Server/src/oidf-server/tomcat/webapps/ROOT] has finished in [32] ms
14-May-2025 12:48:56.419 INFO [main] org.apache.catalina.startup.HostConfig.deployDirectory Deploying web application directory [/home/radu/TAK-Server/src/oidf-server/tomcat/webapps/host-manager]
14-May-2025 12:48:56.458 INFO [main] org.apache.catalina.startup.HostConfig.deployDirectory Deployment of web application directory [/home/radu/TAK-Server/src/oidf-server/tomcat/webapps/host-manager] has finished in [39] ms
14-May-2025 12:48:56.470 INFO [main] org.apache.coyote.AbstractProtocol.start Starting ProtocolHandler ["http-nio-8080"]
14-May-2025 12:48:56.516 INFO [main] org.apache.catalina.startup.Catalina.start Server startup in [17937] milliseconds
14-May-2025 12:49:02.320 INFO [main] org.apache.catalina.core.StandardServer.await A valid shutdown command was received via the shutdown port. Stopping the Server instance.
14-May-2025 12:49:02.320 INFO [main] org.apache.coyote.AbstractProtocol.pause Pausing ProtocolHandler ["http-nio-8080"]
14-May-2025 12:49:02.322 INFO [main] org.apache.catalina.core.StandardService.stopInternal Stopping service [Catalina]
[CM8005] Stopping Infinispan...
[CM8015] Stopped Infinispan cache clients.remoteRequestJWTClaimsCache in 3 ms
[CM8015] Stopped Infinispan cache op.loginHintTokenMap in 5 ms
[CM8015] Stopped Infinispan cache op.dPoPJTICache in 6 ms
[CM8015] Stopped Infinispan cache keyStore.jwkSetMap in 322 ms
[CM8015] Stopped Infinispan cache sessionStore.sessionMap in 336 ms
[CM8015] Stopped Infinispan cache federation.registrationsMap in 337 ms
[CM8015] Stopped Infinispan cache op.authSessionMap in 337 ms
[CM8015] Stopped Infinispan cache authzStore.revocationJournalMap in 338 ms
[CM8015] Stopped Infinispan cache clients.registrationsMap in 338 ms
[CM8015] Stopped Infinispan cache authzStore.expendedTokenMap in 339 ms
[CM8015] Stopped Infinispan cache clients.remoteJWKSetCache in 339 ms
[CM8015] Stopped Infinispan cache authzStore.codeMap in 340 ms
[CM8015] Stopped Infinispan cache authzStore.longLivedAuthzMap in 340 ms
[CM8015] Stopped Infinispan cache keyStore.jwkSetHistoryMap in 341 ms
[CM8015] Stopped Infinispan cache authzStore.idAccessTokenMap in 341 ms
[CM8015] Stopped Infinispan cache op.consentSessionMap in 342 ms
[CM8015] Stopped Infinispan cache sessionStore.subjectMap in 342 ms
[CM8015] Stopped Infinispan cache org.infinispan.CONFIG in 343 ms
14-May-2025 12:49:02.727 WARNING [main] org.apache.catalina.loader.WebappClassLoaderBase.clearReferencesThreads The web application [c2id] appears to have started a thread named [RxCachedWorkerPoolEvictor-1] but has failed to stop it. This is very likely to create a memory leak. Stack trace of thread:
 java.base@17.0.15/jdk.internal.misc.Unsafe.park(Native Method)
 java.base@17.0.15/java.util.concurrent.locks.LockSupport.parkNanos(LockSupport.java:252)
 java.base@17.0.15/java.util.concurrent.locks.AbstractQueuedSynchronizer$ConditionObject.awaitNanos(AbstractQueuedSynchronizer.java:1679)
 java.base@17.0.15/java.util.concurrent.ScheduledThreadPoolExecutor$DelayedWorkQueue.take(ScheduledThreadPoolExecutor.java:1182)
 java.base@17.0.15/java.util.concurrent.ScheduledThreadPoolExecutor$DelayedWorkQueue.take(ScheduledThreadPoolExecutor.java:899)
 java.base@17.0.15/java.util.concurrent.ThreadPoolExecutor.getTask(ThreadPoolExecutor.java:1062)
 java.base@17.0.15/java.util.concurrent.ThreadPoolExecutor.runWorker(ThreadPoolExecutor.java:1122)
 java.base@17.0.15/java.util.concurrent.ThreadPoolExecutor$Worker.run(ThreadPoolExecutor.java:635)
 java.base@17.0.15/java.lang.Thread.run(Thread.java:840)
14-May-2025 12:49:02.728 WARNING [main] org.apache.catalina.loader.WebappClassLoaderBase.clearReferencesThreads The web application [c2id] appears to have started a thread named [HttpClient-1-SelectorManager] but has failed to stop it. This is very likely to create a memory leak. Stack trace of thread:
 java.base@17.0.15/sun.nio.ch.EPoll.wait(Native Method)
 java.base@17.0.15/sun.nio.ch.EPollSelectorImpl.doSelect(EPollSelectorImpl.java:118)
 java.base@17.0.15/sun.nio.ch.SelectorImpl.lockAndDoSelect(SelectorImpl.java:129)
 java.base@17.0.15/sun.nio.ch.SelectorImpl.select(SelectorImpl.java:141)
 platform/java.net.http@17.0.15/jdk.internal.net.http.HttpClientImpl$SelectorManager.run(HttpClientImpl.java:894)
14-May-2025 12:49:02.745 INFO [main] org.apache.coyote.AbstractProtocol.stop Stopping ProtocolHandler ["http-nio-8080"]
14-May-2025 12:49:02.755 INFO [main] org.apache.coyote.AbstractProtocol.destroy Destroying ProtocolHandler ["http-nio-8080"]
21-May-2025 02:07:28.792 INFO [main] org.apache.catalina.startup.VersionLoggerListener.log Server version name:   Apache Tomcat/10.1.39
21-May-2025 02:07:28.796 INFO [main] org.apache.catalina.startup.VersionLoggerListener.log Server built:          Mar 4 2025 19:02:32 UTC
21-May-2025 02:07:28.797 INFO [main] org.apache.catalina.startup.VersionLoggerListener.log Server version number: 10.1.39.0
21-May-2025 02:07:28.797 INFO [main] org.apache.catalina.startup.VersionLoggerListener.log OS Name:               Linux
21-May-2025 02:07:28.797 INFO [main] org.apache.catalina.startup.VersionLoggerListener.log OS Version:            6.8.0-59-generic
21-May-2025 02:07:28.797 INFO [main] org.apache.catalina.startup.VersionLoggerListener.log Architecture:          amd64
21-May-2025 02:07:28.797 INFO [main] org.apache.catalina.startup.VersionLoggerListener.log Java Home:             /usr/lib/jvm/java-17-openjdk-amd64
21-May-2025 02:07:28.797 INFO [main] org.apache.catalina.startup.VersionLoggerListener.log JVM Version:           17.0.15+6-Ubuntu-0ubuntu122.04
21-May-2025 02:07:28.797 INFO [main] org.apache.catalina.startup.VersionLoggerListener.log JVM Vendor:            Ubuntu
21-May-2025 02:07:28.798 INFO [main] org.apache.catalina.startup.VersionLoggerListener.log CATALINA_BASE:         /home/radu/TAK-Server/src/oidf-server/tomcat
21-May-2025 02:07:28.798 INFO [main] org.apache.catalina.startup.VersionLoggerListener.log CATALINA_HOME:         /home/radu/TAK-Server/src/oidf-server/tomcat
21-May-2025 02:07:28.816 INFO [main] org.apache.catalina.core.AprLifecycleListener.lifecycleEvent The Apache Tomcat Native library which allows using OpenSSL was not found on the java.library.path: [/home/radu/opt/lib::/usr/java/packages/lib:/usr/lib/x86_64-linux-gnu/jni:/lib/x86_64-linux-gnu:/usr/lib/x86_64-linux-gnu:/usr/lib/jni:/lib:/usr/lib]
21-May-2025 02:07:29.088 INFO [main] org.apache.coyote.AbstractProtocol.init Initializing ProtocolHandler ["http-nio-8080"]
21-May-2025 02:07:29.112 INFO [main] org.apache.catalina.startup.Catalina.load Server initialization in [487] milliseconds
21-May-2025 02:07:29.156 INFO [main] org.apache.catalina.core.StandardService.startInternal Starting service [Catalina]
21-May-2025 02:07:29.156 INFO [main] org.apache.catalina.core.StandardEngine.startInternal Starting Servlet engine: [Apache Tomcat/10.1.39]
21-May-2025 02:07:29.196 INFO [main] org.apache.catalina.startup.HostConfig.deployWAR Deploying web application archive [/home/radu/TAK-Server/src/oidf-server/tomcat/webapps/ldapauth.war]
21-May-2025 02:07:29.554 INFO [main] org.apache.jasper.servlet.TldScanner.scanJars At least one JAR was scanned for TLDs yet contained no TLDs. Enable debug logging for this logger for a complete list of JARs that were scanned but no TLDs were found in them. Skipping unneeded JARs during scanning can improve startup time and JSP compilation time.
21-May-2025 02:07:30.202 INFO [main] org.apache.catalina.startup.HostConfig.deployWAR Deployment of web application archive [/home/radu/TAK-Server/src/oidf-server/tomcat/webapps/ldapauth.war] has finished in [1,005] ms
21-May-2025 02:07:30.215 INFO [main] org.apache.catalina.startup.HostConfig.deployWAR Deploying web application archive [/home/radu/TAK-Server/src/oidf-server/tomcat/webapps/password-grant-handler.war]
21-May-2025 02:07:30.448 INFO [main] org.apache.jasper.servlet.TldScanner.scanJars At least one JAR was scanned for TLDs yet contained no TLDs. Enable debug logging for this logger for a complete list of JARs that were scanned but no TLDs were found in them. Skipping unneeded JARs during scanning can improve startup time and JSP compilation time.
21-May-2025 02:07:30.702 INFO [main] org.apache.catalina.startup.HostConfig.deployWAR Deployment of web application archive [/home/radu/TAK-Server/src/oidf-server/tomcat/webapps/password-grant-handler.war] has finished in [487] ms
21-May-2025 02:07:30.731 INFO [main] org.apache.catalina.startup.HostConfig.deployWAR Deploying web application archive [/home/radu/TAK-Server/src/oidf-server/tomcat/webapps/c2id-login.war]
21-May-2025 02:07:31.661 INFO [main] org.apache.jasper.servlet.TldScanner.scanJars At least one JAR was scanned for TLDs yet contained no TLDs. Enable debug logging for this logger for a complete list of JARs that were scanned but no TLDs were found in them. Skipping unneeded JARs during scanning can improve startup time and JSP compilation time.

                                  _   ___  _     _
                                 | | |__ \(_)   | |
   ___ ___  _ __  _ __   ___  ___| |_   ) )_  __| |
  / __/ _ \| '_ \| '_ \ / _ \/ __| __| / /| |/ _` |
 | (_| (_) | | | | | | |  __/ (__| |_ / /_| | (_| |
  \___\___/|_| |_|_| |_|\___|\___|\__|____|_|\__,_|  Login  (v3.4.5-migrated-1.0.9)

2025-05-21 02:07:32.544  INFO 765098 --- [           main] com.nimbusds.login.C2idLogin             : Starting C2idLogin v3.4.5-migrated-1.0.9 using Java 17.0.15 on lenss-10 with PID 765098 (/home/radu/TAK-Server/src/oidf-server/tomcat/webapps/c2id-login/WEB-INF/classes started by radu in /home/radu/TAK-Server/src/oidf-server/tomcat/bin)
2025-05-21 02:07:32.550  INFO 765098 --- [           main] com.nimbusds.login.C2idLogin             : The following profiles are active: prod
2025-05-21 02:07:34.096  INFO 765098 --- [           main] com.nimbusds.login.C2idLogin             : Started C2idLogin in 2.163 seconds (JVM running for 5.702)
21-May-2025 02:07:34.106 INFO [main] org.apache.catalina.startup.HostConfig.deployWAR Deployment of web application archive [/home/radu/TAK-Server/src/oidf-server/tomcat/webapps/c2id-login.war] has finished in [3,375] ms
21-May-2025 02:07:34.125 INFO [main] org.apache.catalina.startup.HostConfig.deployWAR Deploying web application archive [/home/radu/TAK-Server/src/oidf-server/tomcat/webapps/oidc-client.war]
May 21, 2025 2:07:34 AM org.apache.jasper.servlet.TldScanner scanJars
INFO: At least one JAR was scanned for TLDs yet contained no TLDs. Enable debug logging for this logger for a complete list of JARs that were scanned but no TLDs were found in them. Skipping unneeded JARs during scanning can improve startup time and JSP compilation time.
May 21, 2025 2:07:34 AM org.apache.catalina.core.ApplicationContext log
INFO: Initializing AtmosphereFramework
May 21, 2025 2:07:35 AM org.atmosphere.cpr.AtmosphereFramework addAtmosphereHandler
INFO: Installed AtmosphereHandler com.vaadin.server.communication.PushAtmosphereHandler mapped to context-path: /*
May 21, 2025 2:07:35 AM org.atmosphere.cpr.AtmosphereFramework addAtmosphereHandler
INFO: Installed the following AtmosphereInterceptor mapped to AtmosphereHandler com.vaadin.server.communication.PushAtmosphereHandler
May 21, 2025 2:07:35 AM org.atmosphere.util.IOUtils readServiceFile
INFO: META-INF/services/org.atmosphere.cpr.AtmosphereFramework not found in class loader
May 21, 2025 2:07:35 AM org.atmosphere.cpr.AtmosphereFramework autoConfigureService
INFO: Atmosphere is using org.atmosphere.util.VoidAnnotationProcessor for processing annotation
May 21, 2025 2:07:35 AM org.atmosphere.cpr.AtmosphereFramework initWebSocket
INFO: Installed WebSocketProtocol org.atmosphere.websocket.protocol.SimpleHttpProtocol 
May 21, 2025 2:07:35 AM org.atmosphere.container.JSR356AsyncSupport <init>
INFO: JSR 356 Mapping path /cb
May 21, 2025 2:07:35 AM org.atmosphere.cpr.AtmosphereFramework configureAtmosphereInterceptor
INFO: Installing Default AtmosphereInterceptors
May 21, 2025 2:07:35 AM org.atmosphere.cpr.AtmosphereFramework newAInterceptor
INFO: 	org.atmosphere.interceptor.CorsInterceptor : CORS Interceptor Support
May 21, 2025 2:07:35 AM org.atmosphere.cpr.AtmosphereFramework newAInterceptor
INFO: 	org.atmosphere.interceptor.CacheHeadersInterceptor : Default Response's Headers Interceptor
May 21, 2025 2:07:35 AM org.atmosphere.cpr.AtmosphereFramework newAInterceptor
INFO: 	org.atmosphere.interceptor.PaddingAtmosphereInterceptor : Browser Padding Interceptor Support
May 21, 2025 2:07:35 AM org.atmosphere.cpr.AtmosphereFramework newAInterceptor
INFO: 	org.atmosphere.interceptor.AndroidAtmosphereInterceptor : Android Interceptor Support
May 21, 2025 2:07:35 AM org.atmosphere.cpr.AtmosphereFramework configureAtmosphereInterceptor
INFO: Dropping Interceptor org.atmosphere.interceptor.HeartbeatInterceptor
May 21, 2025 2:07:35 AM org.atmosphere.cpr.AtmosphereFramework newAInterceptor
INFO: 	org.atmosphere.interceptor.SSEAtmosphereInterceptor : SSE Interceptor Support
May 21, 2025 2:07:35 AM org.atmosphere.cpr.AtmosphereFramework newAInterceptor
INFO: 	org.atmosphere.interceptor.JSONPAtmosphereInterceptor : JSONP Interceptor Support
May 21, 2025 2:07:35 AM org.atmosphere.cpr.AtmosphereFramework newAInterceptor
INFO: 	org.atmosphere.interceptor.JavaScriptProtocol : Atmosphere JavaScript Protocol
May 21, 2025 2:07:35 AM org.atmosphere.cpr.AtmosphereFramework newAInterceptor
INFO: 	org.atmosphere.interceptor.WebSocketMessageSuspendInterceptor : org.atmosphere.interceptor.WebSocketMessageSuspendInterceptor
May 21, 2025 2:07:35 AM org.atmosphere.cpr.AtmosphereFramework newAInterceptor
INFO: 	org.atmosphere.interceptor.OnDisconnectInterceptor : Browser disconnection detection
May 21, 2025 2:07:35 AM org.atmosphere.cpr.AtmosphereFramework newAInterceptor
INFO: 	org.atmosphere.interceptor.IdleResourceInterceptor : org.atmosphere.interceptor.IdleResourceInterceptor
May 21, 2025 2:07:35 AM org.atmosphere.cpr.AtmosphereFramework configureAtmosphereInterceptor
INFO: Set org.atmosphere.cpr.AtmosphereInterceptor.disableDefaults to disable them.
May 21, 2025 2:07:35 AM org.atmosphere.cpr.AtmosphereFramework info
INFO: Using EndpointMapper class org.atmosphere.util.DefaultEndpointMapper
May 21, 2025 2:07:35 AM org.atmosphere.cpr.AtmosphereFramework info
INFO: Using BroadcasterCache: org.atmosphere.cache.UUIDBroadcasterCache
May 21, 2025 2:07:35 AM org.atmosphere.cpr.AtmosphereFramework info
INFO: Default Broadcaster Class: org.atmosphere.cpr.DefaultBroadcaster
May 21, 2025 2:07:35 AM org.atmosphere.cpr.AtmosphereFramework info
INFO: Broadcaster Polling Wait Time 100
May 21, 2025 2:07:35 AM org.atmosphere.cpr.AtmosphereFramework info
INFO: Shared ExecutorService supported: true
May 21, 2025 2:07:35 AM org.atmosphere.cpr.AtmosphereFramework info
INFO: Messaging Thread Pool Size: Unlimited
May 21, 2025 2:07:35 AM org.atmosphere.cpr.AtmosphereFramework info
INFO: Async I/O Thread Pool Size: 200
May 21, 2025 2:07:35 AM org.atmosphere.cpr.AtmosphereFramework info
INFO: Using BroadcasterFactory: org.atmosphere.cpr.DefaultBroadcasterFactory
May 21, 2025 2:07:35 AM org.atmosphere.cpr.AtmosphereFramework info
INFO: Using WebSocketProcessor: org.atmosphere.websocket.DefaultWebSocketProcessor
May 21, 2025 2:07:35 AM org.atmosphere.cpr.AtmosphereFramework info
INFO: Invoke AtmosphereInterceptor on WebSocket message true
May 21, 2025 2:07:35 AM org.atmosphere.cpr.AtmosphereFramework info
INFO: HttpSession supported: true
May 21, 2025 2:07:35 AM org.atmosphere.cpr.AtmosphereFramework info
INFO: Atmosphere is using DefaultAtmosphereObjectFactory for dependency injection and object creation
May 21, 2025 2:07:35 AM org.atmosphere.cpr.AtmosphereFramework info
INFO: Atmosphere is using async support: org.atmosphere.container.JSR356AsyncSupport running under container: Apache Tomcat/10.1.39 using jakarta.servlet/3.0 and jsr356/WebSocket API
May 21, 2025 2:07:35 AM org.atmosphere.cpr.AtmosphereFramework info
INFO: Atmosphere Framework 2.2.13.vaadin1 started.
May 21, 2025 2:07:35 AM org.atmosphere.cpr.AtmosphereFramework interceptor
INFO: Installed AtmosphereInterceptor  Track Message Size Interceptor using | with priority BEFORE_DEFAULT 
May 21, 2025 2:07:35 AM org.atmosphere.cpr.AtmosphereFramework addAtmosphereHandler
INFO: Installed AtmosphereHandler com.vaadin.server.communication.PushAtmosphereHandler mapped to context-path: /*
May 21, 2025 2:07:35 AM org.atmosphere.cpr.AtmosphereFramework addAtmosphereHandler
INFO: Installed the following AtmosphereInterceptor mapped to AtmosphereHandler com.vaadin.server.communication.PushAtmosphereHandler
May 21, 2025 2:07:35 AM org.atmosphere.util.IOUtils readServiceFile
INFO: META-INF/services/org.atmosphere.cpr.AtmosphereFramework not found in class loader
May 21, 2025 2:07:35 AM org.atmosphere.cpr.AtmosphereFramework autoConfigureService
INFO: Atmosphere is using org.atmosphere.util.VoidAnnotationProcessor for processing annotation
May 21, 2025 2:07:35 AM org.atmosphere.cpr.AtmosphereFramework initWebSocket
INFO: Installed WebSocketProtocol org.atmosphere.websocket.protocol.SimpleHttpProtocol 
May 21, 2025 2:07:35 AM org.atmosphere.container.JSR356AsyncSupport <init>
INFO: JSR 356 Mapping path /{path}
May 21, 2025 2:07:35 AM org.atmosphere.cpr.AtmosphereFramework configureAtmosphereInterceptor
INFO: Installing Default AtmosphereInterceptors
May 21, 2025 2:07:35 AM org.atmosphere.cpr.AtmosphereFramework newAInterceptor
INFO: 	org.atmosphere.interceptor.CorsInterceptor : CORS Interceptor Support
May 21, 2025 2:07:35 AM org.atmosphere.cpr.AtmosphereFramework newAInterceptor
INFO: 	org.atmosphere.interceptor.CacheHeadersInterceptor : Default Response's Headers Interceptor
May 21, 2025 2:07:35 AM org.atmosphere.cpr.AtmosphereFramework newAInterceptor
INFO: 	org.atmosphere.interceptor.PaddingAtmosphereInterceptor : Browser Padding Interceptor Support
May 21, 2025 2:07:35 AM org.atmosphere.cpr.AtmosphereFramework newAInterceptor
INFO: 	org.atmosphere.interceptor.AndroidAtmosphereInterceptor : Android Interceptor Support
May 21, 2025 2:07:35 AM org.atmosphere.cpr.AtmosphereFramework configureAtmosphereInterceptor
INFO: Dropping Interceptor org.atmosphere.interceptor.HeartbeatInterceptor
May 21, 2025 2:07:35 AM org.atmosphere.cpr.AtmosphereFramework newAInterceptor
INFO: 	org.atmosphere.interceptor.SSEAtmosphereInterceptor : SSE Interceptor Support
May 21, 2025 2:07:35 AM org.atmosphere.cpr.AtmosphereFramework newAInterceptor
INFO: 	org.atmosphere.interceptor.JSONPAtmosphereInterceptor : JSONP Interceptor Support
May 21, 2025 2:07:35 AM org.atmosphere.cpr.AtmosphereFramework newAInterceptor
INFO: 	org.atmosphere.interceptor.JavaScriptProtocol : Atmosphere JavaScript Protocol
May 21, 2025 2:07:35 AM org.atmosphere.cpr.AtmosphereFramework newAInterceptor
INFO: 	org.atmosphere.interceptor.WebSocketMessageSuspendInterceptor : org.atmosphere.interceptor.WebSocketMessageSuspendInterceptor
May 21, 2025 2:07:35 AM org.atmosphere.cpr.AtmosphereFramework newAInterceptor
INFO: 	org.atmosphere.interceptor.OnDisconnectInterceptor : Browser disconnection detection
May 21, 2025 2:07:35 AM org.atmosphere.cpr.AtmosphereFramework newAInterceptor
INFO: 	org.atmosphere.interceptor.IdleResourceInterceptor : org.atmosphere.interceptor.IdleResourceInterceptor
May 21, 2025 2:07:35 AM org.atmosphere.cpr.AtmosphereFramework configureAtmosphereInterceptor
INFO: Set org.atmosphere.cpr.AtmosphereInterceptor.disableDefaults to disable them.
May 21, 2025 2:07:35 AM org.atmosphere.cpr.AtmosphereFramework info
INFO: Using EndpointMapper class org.atmosphere.util.DefaultEndpointMapper
May 21, 2025 2:07:35 AM org.atmosphere.cpr.AtmosphereFramework info
INFO: Using BroadcasterCache: org.atmosphere.cache.UUIDBroadcasterCache
May 21, 2025 2:07:35 AM org.atmosphere.cpr.AtmosphereFramework info
INFO: Default Broadcaster Class: org.atmosphere.cpr.DefaultBroadcaster
May 21, 2025 2:07:35 AM org.atmosphere.cpr.AtmosphereFramework info
INFO: Broadcaster Polling Wait Time 100
May 21, 2025 2:07:35 AM org.atmosphere.cpr.AtmosphereFramework info
INFO: Shared ExecutorService supported: true
May 21, 2025 2:07:35 AM org.atmosphere.cpr.AtmosphereFramework info
INFO: Messaging Thread Pool Size: Unlimited
May 21, 2025 2:07:35 AM org.atmosphere.cpr.AtmosphereFramework info
INFO: Async I/O Thread Pool Size: 200
May 21, 2025 2:07:35 AM org.atmosphere.cpr.AtmosphereFramework info
INFO: Using BroadcasterFactory: org.atmosphere.cpr.DefaultBroadcasterFactory
May 21, 2025 2:07:35 AM org.atmosphere.cpr.AtmosphereFramework info
INFO: Using WebSocketProcessor: org.atmosphere.websocket.DefaultWebSocketProcessor
May 21, 2025 2:07:35 AM org.atmosphere.cpr.AtmosphereFramework info
INFO: Invoke AtmosphereInterceptor on WebSocket message true
May 21, 2025 2:07:35 AM org.atmosphere.cpr.AtmosphereFramework info
INFO: HttpSession supported: true
May 21, 2025 2:07:35 AM org.atmosphere.cpr.AtmosphereFramework info
INFO: Atmosphere is using DefaultAtmosphereObjectFactory for dependency injection and object creation
May 21, 2025 2:07:35 AM org.atmosphere.cpr.AtmosphereFramework info
INFO: Atmosphere is using async support: org.atmosphere.container.JSR356AsyncSupport running under container: Apache Tomcat/10.1.39 using jakarta.servlet/3.0 and jsr356/WebSocket API
May 21, 2025 2:07:35 AM org.atmosphere.cpr.AtmosphereFramework info
INFO: Atmosphere Framework 2.2.13.vaadin1 started.
May 21, 2025 2:07:35 AM org.atmosphere.cpr.AtmosphereFramework interceptor
INFO: Installed AtmosphereInterceptor  Track Message Size Interceptor using | with priority BEFORE_DEFAULT 
21-May-2025 02:07:35.093 INFO [main] org.apache.catalina.startup.HostConfig.deployWAR Deployment of web application archive [/home/radu/TAK-Server/src/oidf-server/tomcat/webapps/oidc-client.war] has finished in [967] ms
21-May-2025 02:07:35.121 INFO [main] org.apache.catalina.startup.HostConfig.deployWAR Deploying web application archive [/home/radu/TAK-Server/src/oidf-server/tomcat/webapps/c2id-logout.war]
21-May-2025 02:07:35.261 INFO [main] org.apache.jasper.servlet.TldScanner.scanJars At least one JAR was scanned for TLDs yet contained no TLDs. Enable debug logging for this logger for a complete list of JARs that were scanned but no TLDs were found in them. Skipping unneeded JARs during scanning can improve startup time and JSP compilation time.
21-May-2025 02:07:35.270 INFO [main] org.apache.catalina.startup.HostConfig.deployWAR Deployment of web application archive [/home/radu/TAK-Server/src/oidf-server/tomcat/webapps/c2id-logout.war] has finished in [149] ms
21-May-2025 02:07:35.288 INFO [main] org.apache.catalina.startup.HostConfig.deployWAR Deploying web application archive [/home/radu/TAK-Server/src/oidf-server/tomcat/webapps/c2id.war]
21-May-2025 02:07:41.000 INFO [main] org.apache.jasper.servlet.TldScanner.scanJars At least one JAR was scanned for TLDs yet contained no TLDs. Enable debug logging for this logger for a complete list of JARs that were scanned but no TLDs were found in them. Skipping unneeded JARs during scanning can improve startup time and JSP compilation time.
SLF4J(W): No SLF4J providers were found.
SLF4J(W): Defaulting to no-operation (NOP) logger implementation
SLF4J(W): See https://www.slf4j.org/codes.html#noProviders for further details.
SLF4J(W): Class path contains SLF4J bindings targeting slf4j-api versions 1.7.x or earlier.
SLF4J(W): Ignoring binding found at [jar:file:/home/radu/TAK-Server/src/oidf-server/tomcat/webapps/c2id/WEB-INF/lib/log4j-slf4j-impl-2.24.2.jar!/org/slf4j/impl/StaticLoggerBinder.class]
SLF4J(W): See https://www.slf4j.org/codes.html#ignoredBindings for an explanation.
21-May-2025 02:07:48.966 WARNING [main] org.glassfish.jersey.message.internal.MessagingBinders$EnabledProvidersBinder.bindToBinder A class jakarta.activation.DataSource for a default provider MessageBodyWriter<jakarta.activation.DataSource> was not found. The provider is not available.
21-May-2025 02:07:48.991 WARNING [main] org.glassfish.jersey.server.wadl.WadlFeature.configure JAX-B API not found . WADL feature is disabled.
21-May-2025 02:07:49.080 WARNING [main] org.glassfish.jersey.internal.inject.Providers.checkProviderRuntime A provider com.nimbusds.openid.connect.provider.sts.STSEndpoint registered in SERVER runtime does not implement any provider interfaces applicable in the SERVER runtime. Due to constraint configuration problems the provider com.nimbusds.openid.connect.provider.sts.STSEndpoint will be ignored. 
21-May-2025 02:07:49.244 WARNING [main] org.glassfish.jersey.server.wadl.WadlFeature.configure JAX-B API not found . WADL feature is disabled.
21-May-2025 02:07:49.259 WARNING [main] org.glassfish.jersey.internal.inject.Providers.checkProviderRuntime A provider com.nimbusds.authzstore.rest.WebAPI registered in SERVER runtime does not implement any provider interfaces applicable in the SERVER runtime. Due to constraint configuration problems the provider com.nimbusds.authzstore.rest.WebAPI will be ignored. 
21-May-2025 02:07:49.348 WARNING [main] org.glassfish.jersey.server.wadl.WadlFeature.configure JAX-B API not found . WADL feature is disabled.
21-May-2025 02:07:49.353 WARNING [main] org.glassfish.jersey.internal.inject.Providers.checkProviderRuntime A provider com.nimbusds.openid.connect.provider.ciba.sessions.CIBASessionsEndpoint registered in SERVER runtime does not implement any provider interfaces applicable in the SERVER runtime. Due to constraint configuration problems the provider com.nimbusds.openid.connect.provider.ciba.sessions.CIBASessionsEndpoint will be ignored. 
21-May-2025 02:07:49.382 WARNING [main] org.glassfish.jersey.server.wadl.WadlFeature.configure JAX-B API not found . WADL feature is disabled.
21-May-2025 02:07:49.386 WARNING [main] org.glassfish.jersey.internal.inject.Providers.checkProviderRuntime A provider com.nimbusds.openid.connect.provider.checksession.CheckSessionBackendEndpoint registered in SERVER runtime does not implement any provider interfaces applicable in the SERVER runtime. Due to constraint configuration problems the provider com.nimbusds.openid.connect.provider.checksession.CheckSessionBackendEndpoint will be ignored. 
21-May-2025 02:07:49.418 WARNING [main] org.glassfish.jersey.server.wadl.WadlFeature.configure JAX-B API not found . WADL feature is disabled.
21-May-2025 02:07:49.468 WARNING [main] org.glassfish.jersey.server.wadl.WadlFeature.configure JAX-B API not found . WADL feature is disabled.
21-May-2025 02:07:49.475 WARNING [main] org.glassfish.jersey.internal.inject.Providers.checkProviderRuntime A provider com.nimbusds.sessionstore.rest.WebAPI registered in SERVER runtime does not implement any provider interfaces applicable in the SERVER runtime. Due to constraint configuration problems the provider com.nimbusds.sessionstore.rest.WebAPI will be ignored. 
21-May-2025 02:07:49.517 WARNING [main] org.glassfish.jersey.server.wadl.WadlFeature.configure JAX-B API not found . WADL feature is disabled.
21-May-2025 02:07:49.521 WARNING [main] org.glassfish.jersey.internal.inject.Providers.checkProviderRuntime A provider com.nimbusds.openid.connect.provider.authz.AuthorizationSessionEndpoint registered in SERVER runtime does not implement any provider interfaces applicable in the SERVER runtime. Due to constraint configuration problems the provider com.nimbusds.openid.connect.provider.authz.AuthorizationSessionEndpoint will be ignored. 
21-May-2025 02:07:49.547 WARNING [main] org.glassfish.jersey.server.wadl.WadlFeature.configure JAX-B API not found . WADL feature is disabled.
21-May-2025 02:07:49.549 WARNING [main] org.glassfish.jersey.internal.inject.Providers.checkProviderRuntime A provider com.nimbusds.openid.connect.provider.config.ConfigurationEndpoint registered in SERVER runtime does not implement any provider interfaces applicable in the SERVER runtime. Due to constraint configuration problems the provider com.nimbusds.openid.connect.provider.config.ConfigurationEndpoint will be ignored. 
21-May-2025 02:07:49.572 WARNING [main] org.glassfish.jersey.server.wadl.WadlFeature.configure JAX-B API not found . WADL feature is disabled.
21-May-2025 02:07:49.574 WARNING [main] org.glassfish.jersey.internal.inject.Providers.checkProviderRuntime A provider com.nimbusds.openid.connect.provider.authz.DirectAuthorizationEndpoint registered in SERVER runtime does not implement any provider interfaces applicable in the SERVER runtime. Due to constraint configuration problems the provider com.nimbusds.openid.connect.provider.authz.DirectAuthorizationEndpoint will be ignored. 
21-May-2025 02:07:49.594 WARNING [main] org.glassfish.jersey.server.wadl.WadlFeature.configure JAX-B API not found . WADL feature is disabled.
21-May-2025 02:07:49.597 WARNING [main] org.glassfish.jersey.internal.inject.Providers.checkProviderRuntime A provider com.nimbusds.openid.connect.provider.logout.endpoint.LogoutSessionEndpoint registered in SERVER runtime does not implement any provider interfaces applicable in the SERVER runtime. Due to constraint configuration problems the provider com.nimbusds.openid.connect.provider.logout.endpoint.LogoutSessionEndpoint will be ignored. 
21-May-2025 02:07:49.743 INFO [main] org.apache.catalina.startup.HostConfig.deployWAR Deployment of web application archive [/home/radu/TAK-Server/src/oidf-server/tomcat/webapps/c2id.war] has finished in [14,455] ms
21-May-2025 02:07:49.743 INFO [main] org.apache.catalina.startup.HostConfig.deployDirectory Deploying web application directory [/home/radu/TAK-Server/src/oidf-server/tomcat/webapps/manager]
21-May-2025 02:07:49.769 INFO [main] org.apache.catalina.startup.HostConfig.deployDirectory Deployment of web application directory [/home/radu/TAK-Server/src/oidf-server/tomcat/webapps/manager] has finished in [26] ms
21-May-2025 02:07:49.769 INFO [main] org.apache.catalina.startup.HostConfig.deployDirectory Deploying web application directory [/home/radu/TAK-Server/src/oidf-server/tomcat/webapps/ROOT]
21-May-2025 02:07:49.780 INFO [main] org.apache.catalina.startup.HostConfig.deployDirectory Deployment of web application directory [/home/radu/TAK-Server/src/oidf-server/tomcat/webapps/ROOT] has finished in [11] ms
21-May-2025 02:07:49.780 INFO [main] org.apache.catalina.startup.HostConfig.deployDirectory Deploying web application directory [/home/radu/TAK-Server/src/oidf-server/tomcat/webapps/host-manager]
21-May-2025 02:07:49.795 INFO [main] org.apache.catalina.startup.HostConfig.deployDirectory Deployment of web application directory [/home/radu/TAK-Server/src/oidf-server/tomcat/webapps/host-manager] has finished in [14] ms
21-May-2025 02:07:49.798 INFO [main] org.apache.coyote.AbstractProtocol.start Starting ProtocolHandler ["http-nio-8080"]
21-May-2025 02:07:49.807 INFO [main] org.apache.catalina.startup.Catalina.start Server startup in [20694] milliseconds
21-May-2025 02:08:14.665 INFO [main] org.apache.catalina.core.StandardServer.await A valid shutdown command was received via the shutdown port. Stopping the Server instance.
21-May-2025 02:08:14.666 INFO [main] org.apache.coyote.AbstractProtocol.pause Pausing ProtocolHandler ["http-nio-8080"]
21-May-2025 02:08:14.667 INFO [main] org.apache.catalina.core.StandardService.stopInternal Stopping service [Catalina]
[CM8005] Stopping Infinispan...
[CM8015] Stopped Infinispan cache clients.remoteRequestJWTClaimsCache in 3 ms
[CM8015] Stopped Infinispan cache op.loginHintTokenMap in 5 ms
[CM8015] Stopped Infinispan cache op.dPoPJTICache in 5 ms
[CM8015] Stopped Infinispan cache keyStore.jwkSetMap in 1260 ms
[CM8015] Stopped Infinispan cache sessionStore.sessionMap in 1273 ms
[CM8015] Stopped Infinispan cache federation.registrationsMap in 1274 ms
[CM8015] Stopped Infinispan cache op.authSessionMap in 1275 ms
[CM8015] Stopped Infinispan cache authzStore.revocationJournalMap in 1275 ms
[CM8015] Stopped Infinispan cache clients.registrationsMap in 1276 ms
[CM8015] Stopped Infinispan cache authzStore.expendedTokenMap in 1276 ms
[CM8015] Stopped Infinispan cache clients.remoteJWKSetCache in 1277 ms
[CM8015] Stopped Infinispan cache authzStore.codeMap in 1277 ms
[CM8015] Stopped Infinispan cache authzStore.longLivedAuthzMap in 1278 ms
[CM8015] Stopped Infinispan cache keyStore.jwkSetHistoryMap in 1278 ms
[CM8015] Stopped Infinispan cache authzStore.idAccessTokenMap in 1278 ms
[CM8015] Stopped Infinispan cache op.consentSessionMap in 1279 ms
[CM8015] Stopped Infinispan cache sessionStore.subjectMap in 1280 ms
[CM8015] Stopped Infinispan cache org.infinispan.CONFIG in 1280 ms
21-May-2025 02:08:16.030 WARNING [main] org.apache.catalina.loader.WebappClassLoaderBase.clearReferencesThreads The web application [c2id] appears to have started a thread named [RxCachedWorkerPoolEvictor-1] but has failed to stop it. This is very likely to create a memory leak. Stack trace of thread:
 java.base@17.0.15/jdk.internal.misc.Unsafe.park(Native Method)
 java.base@17.0.15/java.util.concurrent.locks.LockSupport.parkNanos(LockSupport.java:252)
 java.base@17.0.15/java.util.concurrent.locks.AbstractQueuedSynchronizer$ConditionObject.awaitNanos(AbstractQueuedSynchronizer.java:1679)
 java.base@17.0.15/java.util.concurrent.ScheduledThreadPoolExecutor$DelayedWorkQueue.take(ScheduledThreadPoolExecutor.java:1182)
 java.base@17.0.15/java.util.concurrent.ScheduledThreadPoolExecutor$DelayedWorkQueue.take(ScheduledThreadPoolExecutor.java:899)
 java.base@17.0.15/java.util.concurrent.ThreadPoolExecutor.getTask(ThreadPoolExecutor.java:1062)
 java.base@17.0.15/java.util.concurrent.ThreadPoolExecutor.runWorker(ThreadPoolExecutor.java:1122)
 java.base@17.0.15/java.util.concurrent.ThreadPoolExecutor$Worker.run(ThreadPoolExecutor.java:635)
 java.base@17.0.15/java.lang.Thread.run(Thread.java:840)
21-May-2025 02:08:16.031 WARNING [main] org.apache.catalina.loader.WebappClassLoaderBase.clearReferencesThreads The web application [c2id] appears to have started a thread named [HttpClient-1-SelectorManager] but has failed to stop it. This is very likely to create a memory leak. Stack trace of thread:
 java.base@17.0.15/sun.nio.ch.EPoll.wait(Native Method)
 java.base@17.0.15/sun.nio.ch.EPollSelectorImpl.doSelect(EPollSelectorImpl.java:118)
 java.base@17.0.15/sun.nio.ch.SelectorImpl.lockAndDoSelect(SelectorImpl.java:129)
 java.base@17.0.15/sun.nio.ch.SelectorImpl.select(SelectorImpl.java:141)
 platform/java.net.http@17.0.15/jdk.internal.net.http.HttpClientImpl$SelectorManager.run(HttpClientImpl.java:894)
21-May-2025 02:08:16.049 INFO [main] org.apache.coyote.AbstractProtocol.stop Stopping ProtocolHandler ["http-nio-8080"]
21-May-2025 02:08:16.061 INFO [main] org.apache.coyote.AbstractProtocol.destroy Destroying ProtocolHandler ["http-nio-8080"]
