2025-04-09-01:54:49.923 [main] INFO tak.server.ServerConfiguration - Starting ServerConfiguration v5.2-RELEASE-16 using Java 17.0.14 with PID 462090 (/home/radu/Server/src/takserver-core/build/libs/takserver-core-5.2-RELEASE-16.war started by radu in /home/radu/Server/src/takserver-core/example)
2025-04-09-01:54:49.926 [main] DEBUG tak.server.ServerConfiguration - Running with Spring Boot v3.1.12, Spring v6.0.22
2025-04-09-01:54:49.926 [main] INFO tak.server.ServerConfiguration - The following 3 profiles are active: "plugins", "messaging", "duplicatelogs"
2025-04-09-01:54:59.728 [main] INFO tak.server.util.DataSourceUtils - 4 CPU cores detected. Postgres server maximum allowed connections value is 2100. The computed connection pool size is: 200
2025-04-09-01:55:00.900 [main] WARN org.hibernate.orm.deprecation - HHH90000025: PostgreSQLDialect does not need to be specified explicitly using 'hibernate.dialect' (remove the property setting and it will be selected by default)
2025-04-09-01:55:11.224 [main] DEBUG t.s.f.DistributedFederationManager - DistributedFederationManager constructor.
2025-04-09-01:55:11.258 [services-deployment-worker-#60] DEBUG t.s.f.DistributedFederationManager - init method DistributedFederationManager
2025-04-09-01:55:11.489 [services-deployment-worker-#60] WARN com.bbn.marti.service.SSLConfig - TLS enabled, but no certificate revocation lists, and OSCP is not enabled in Core Config!
2025-04-09-01:55:11.687 [service-#76] DEBUG t.s.f.DistributedFederationManager - execute method DistributedFederationManager
2025-04-09-01:55:22.259 [main] INFO c.b.m.sync.JDBCEnterpriseSyncService - file cache explicity disabled.
2025-04-09-01:55:22.268 [main] INFO c.b.marti.service.SubmissionService - input class type: Input
2025-04-09-01:55:22.269 [main] INFO c.b.marti.service.SubmissionService - Configuring network input com.bbn.marti.config.Input stdssl: 
2025-04-09-01:55:22.560 [main] WARN com.bbn.marti.service.SSLConfig - TLS enabled, but no certificate revocation lists, and OSCP is not enabled in Core Config!
2025-04-09-01:55:23.128 [Thread-5] INFO c.b.marti.nio.netty.NioNettyBuilder - Successfully Started Netty Server for TlsServerInitializer on Port 8089 with watermark WriteBufferWaterMark(low: 8192, high: 16384)
2025-04-09-01:55:23.666 [main] DEBUG t.s.f.DistributedFederationManager - federation enabled in config.
2025-04-09-01:55:23.667 [main] INFO t.s.f.DistributedFederationManager - not starting disabled v1 federation server.
2025-04-09-01:55:24.433 [main] INFO tak.server.federation.TakFigClient - client name: TAK1
2025-04-09-01:55:24.612 [main] WARN com.bbn.marti.service.SSLConfig - TLS enabled, but no certificate revocation lists, and OSCP is not enabled in Core Config!
2025-04-09-01:55:24.614 [main] DEBUG tak.server.federation.TakFigClient - Trust managers: 1
2025-04-09-01:55:25.252 [main] DEBUG tak.server.federation.TakFigClient - init TakFigClient
2025-04-09-01:55:25.368 [main] DEBUG t.s.f.DistributedFederationManager - exception initiating outgoing FIG federate connection FederationOutgoing [displayName=TAK1, address=35.209.26.203, port=9001, enabled=true, reconnectInterval=30, fallback= nullmaxRetries= unlimited] Cannot invoke "com.bbn.marti.config.Federation$Federate.getMaxHops()" because the return value of "tak.server.federation.TakFigClient.getFederate()" is null
java.lang.NullPointerException: Cannot invoke "com.bbn.marti.config.Federation$Federate.getMaxHops()" because the return value of "tak.server.federation.TakFigClient.getFederate()" is null
	at tak.server.federation.TakFigClient.init(TakFigClient.java:1068)
	at tak.server.federation.TakFigClient.start(TakFigClient.java:516)
	at tak.server.federation.DistributedFederationManager.initiateOutgoing(DistributedFederationManager.java:441)
	at tak.server.federation.DistributedFederationManager.initiateAllOutgoing(DistributedFederationManager.java:343)
	at tak.server.federation.DistributedFederationManager.onContextRefreshed(DistributedFederationManager.java:311)
	at java.base/jdk.internal.reflect.NativeMethodAccessorImpl.invoke0(Native Method)
	at java.base/jdk.internal.reflect.NativeMethodAccessorImpl.invoke(NativeMethodAccessorImpl.java:77)
	at java.base/jdk.internal.reflect.DelegatingMethodAccessorImpl.invoke(DelegatingMethodAccessorImpl.java:43)
	at java.base/java.lang.reflect.Method.invoke(Method.java:569)
	at org.springframework.context.event.ApplicationListenerMethodAdapter.doInvoke(ApplicationListenerMethodAdapter.java:348)
	at org.springframework.context.event.ApplicationListenerMethodAdapter.processEvent(ApplicationListenerMethodAdapter.java:233)
	at org.springframework.context.event.ApplicationListenerMethodAdapter.onApplicationEvent(ApplicationListenerMethodAdapter.java:165)
	at org.springframework.context.event.SimpleApplicationEventMulticaster.doInvokeListener(SimpleApplicationEventMulticaster.java:174)
	at org.springframework.context.event.SimpleApplicationEventMulticaster.invokeListener(SimpleApplicationEventMulticaster.java:167)
	at org.springframework.context.event.SimpleApplicationEventMulticaster.multicastEvent(SimpleApplicationEventMulticaster.java:145)
	at org.springframework.context.support.AbstractApplicationContext.publishEvent(AbstractApplicationContext.java:445)
	at org.springframework.context.support.AbstractApplicationContext.publishEvent(AbstractApplicationContext.java:378)
	at org.springframework.context.support.AbstractApplicationContext.finishRefresh(AbstractApplicationContext.java:971)
	at org.springframework.context.support.AbstractApplicationContext.refresh(AbstractApplicationContext.java:618)
	at org.springframework.boot.web.servlet.context.ServletWebServerApplicationContext.refresh(ServletWebServerApplicationContext.java:146)
	at org.springframework.boot.SpringApplication.refresh(SpringApplication.java:739)
	at org.springframework.boot.SpringApplication.refreshContext(SpringApplication.java:441)
	at org.springframework.boot.SpringApplication.run(SpringApplication.java:325)
	at tak.server.ServerConfiguration.main(ServerConfiguration.java:281)
	at java.base/jdk.internal.reflect.NativeMethodAccessorImpl.invoke0(Native Method)
	at java.base/jdk.internal.reflect.NativeMethodAccessorImpl.invoke(NativeMethodAccessorImpl.java:77)
	at java.base/jdk.internal.reflect.DelegatingMethodAccessorImpl.invoke(DelegatingMethodAccessorImpl.java:43)
	at java.base/java.lang.reflect.Method.invoke(Method.java:569)
	at org.springframework.boot.loader.MainMethodRunner.run(MainMethodRunner.java:49)
	at org.springframework.boot.loader.Launcher.launch(Launcher.java:95)
	at org.springframework.boot.loader.Launcher.launch(Launcher.java:58)
	at org.springframework.boot.loader.PropertiesLauncher.main(PropertiesLauncher.java:466)
2025-04-09-01:55:25.400 [main] DEBUG t.server.federation.FederationServer - v2 federation config
2025-04-09-01:55:25.402 [main] DEBUG t.server.federation.FederationServer - scheduling v2 federation server start in 30 seconds
2025-04-09-01:55:25.604 [takserver-grpc-0] DEBUG tak.server.federation.TakFigClient - received error notification from server cause connection refused, check network connectivity to federate
io.grpc.StatusRuntimeException: UNAVAILABLE: io exception
	at io.grpc.Status.asRuntimeException(Status.java:537)
	at io.grpc.stub.ClientCalls$StreamObserverToCallListenerAdapter.onClose(ClientCalls.java:481)
	at io.grpc.internal.ClientCallImpl.closeObserver(ClientCallImpl.java:574)
	at io.grpc.internal.ClientCallImpl.access$300(ClientCallImpl.java:72)
	at io.grpc.internal.ClientCallImpl$ClientStreamListenerImpl$1StreamClosed.runInternal(ClientCallImpl.java:742)
	at io.grpc.internal.ClientCallImpl$ClientStreamListenerImpl$1StreamClosed.runInContext(ClientCallImpl.java:723)
	at io.grpc.internal.ContextRunnable.run(ContextRunnable.java:37)
	at io.grpc.internal.SerializingExecutor.run(SerializingExecutor.java:133)
	at java.base/java.util.concurrent.ThreadPoolExecutor.runWorker(ThreadPoolExecutor.java:1136)
	at java.base/java.util.concurrent.ThreadPoolExecutor$Worker.run(ThreadPoolExecutor.java:635)
	at java.base/java.lang.Thread.run(Thread.java:840)
Caused by: io.netty.channel.AbstractChannel$AnnotatedConnectException: Connection refused: /35.209.26.203:9001
Caused by: java.net.ConnectException: Connection refused
	at java.base/sun.nio.ch.Net.pollConnect(Native Method)
	at java.base/sun.nio.ch.Net.pollConnectNow(Net.java:672)
	at java.base/sun.nio.ch.SocketChannelImpl.finishConnect(SocketChannelImpl.java:946)
	at io.netty.channel.socket.nio.NioSocketChannel.doFinishConnect(NioSocketChannel.java:337)
	at io.netty.channel.nio.AbstractNioChannel$AbstractNioUnsafe.finishConnect(AbstractNioChannel.java:334)
	at io.netty.channel.nio.NioEventLoop.processSelectedKey(NioEventLoop.java:776)
	at io.netty.channel.nio.NioEventLoop.processSelectedKeysOptimized(NioEventLoop.java:724)
	at io.netty.channel.nio.NioEventLoop.processSelectedKeys(NioEventLoop.java:650)
	at io.netty.channel.nio.NioEventLoop.run(NioEventLoop.java:562)
	at io.netty.util.concurrent.SingleThreadEventExecutor$4.run(SingleThreadEventExecutor.java:997)
	at io.netty.util.internal.ThreadExecutorMap$2.run(ThreadExecutorMap.java:74)
	at java.base/java.lang.Thread.run(Thread.java:840)
2025-04-09-01:55:25.608 [takserver-grpc-0] DEBUG tak.server.federation.TakFigClient - status: Status{code=UNAVAILABLE, description=io exception, cause=io.netty.channel.AbstractChannel$AnnotatedConnectException: Connection refused: /35.209.26.203:9001
Caused by: java.net.ConnectException: Connection refused
	at java.base/sun.nio.ch.Net.pollConnect(Native Method)
	at java.base/sun.nio.ch.Net.pollConnectNow(Net.java:672)
	at java.base/sun.nio.ch.SocketChannelImpl.finishConnect(SocketChannelImpl.java:946)
	at io.netty.channel.socket.nio.NioSocketChannel.doFinishConnect(NioSocketChannel.java:337)
	at io.netty.channel.nio.AbstractNioChannel$AbstractNioUnsafe.finishConnect(AbstractNioChannel.java:334)
	at io.netty.channel.nio.NioEventLoop.processSelectedKey(NioEventLoop.java:776)
	at io.netty.channel.nio.NioEventLoop.processSelectedKeysOptimized(NioEventLoop.java:724)
	at io.netty.channel.nio.NioEventLoop.processSelectedKeys(NioEventLoop.java:650)
	at io.netty.channel.nio.NioEventLoop.run(NioEventLoop.java:562)
	at io.netty.util.concurrent.SingleThreadEventExecutor$4.run(SingleThreadEventExecutor.java:997)
	at io.netty.util.internal.ThreadExecutorMap$2.run(ThreadExecutorMap.java:74)
	at java.base/java.lang.Thread.run(Thread.java:840)
} io exception
2025-04-09-01:55:25.618 [takserver-grpc-0] DEBUG tak.server.federation.TakFigClient - processing disconnect for FIG federate TakFigClient [clientName=TAK1, clientUid=d901dd5c72fa43ecaecfb1f5f2d50714, federateSubscription=null, config=com.bbn.marti.config.Federation@28dac23f, serverLastHealth=null] cause connection refused, check network connectivity to federate
2025-04-09-01:55:25.647 [takserver-grpc-0] DEBUG tak.server.federation.TakFigClient - Connection failure to v2 federate TAK1 - schedule retry: true - status: ConnectionStatus [connection=ConnectionInfo [connectionId=d901dd5c72fa43ecaecfb1f5f2d50714, nodeId=879c404c-8976-4389-b148-31030254e88c, port=9001, address=35.209.26.203, tls=true, input=null, cert=null, caCert=null, id=0, client=true, readCount=0, processedCount=0], federate=, lastError=connection refused, check network connectivity to federate, connectionStatusValue=CONNECTING] cause connection refused, check network connectivity to federate
2025-04-09-01:55:25.820 [pool-18-thread-1] DEBUG t.server.federation.FederationServer - in v2 fed start executor
2025-04-09-01:55:25.833 [pool-18-thread-1] INFO t.server.federation.FederationServer - Federation server (v2) started, listening on port 9001
2025-04-09-01:55:25.847 [main] INFO com.bbn.marti.nio.server.NioServer - max memory (bytes): 2147483648
2025-04-09-01:55:25.849 [main] INFO com.bbn.marti.nio.server.NioServer - Server started
2025-04-09-01:55:26.011 [main] INFO t.server.cache.DatafeedCacheHelper - Done initializing PluginDatafeedCacheHelper with buffer cache value: 300 seconds
2025-04-09-01:55:26.024 [main] INFO com.bbn.marti.util.VersionBean - TAK Server version 5.2-RELEASE-16-main
2025-04-09-01:55:26.024 [main] INFO c.b.m.sync.EnterpriseSyncCacheHelper - file cache explicity disabled.
2025-04-09-01:55:26.024 [main] INFO c.b.m.sync.EnterpriseSyncCacheHelper - Initialzed EnterpriseSyncCacheHelper with file cache TTL 120 seconds. Implementation: caffeine
2025-04-09-01:55:26.034 [main] INFO tak.server.ServerConfiguration - Started ServerConfiguration in 37.948 seconds (process running for 45.533)
2025-04-09-01:55:26.053 [main] INFO tak.server.ServerConfiguration - Started TAK Server messaging Microservice.
2025-04-09-01:55:30.407 [pool-16-thread-1] DEBUG t.server.federation.FederationServer - Running inactivity check for 0 client streams
2025-04-09-01:55:35.407 [pool-16-thread-1] DEBUG t.server.federation.FederationServer - Running inactivity check for 0 client streams
2025-04-09-01:55:40.407 [pool-16-thread-1] DEBUG t.server.federation.FederationServer - Running inactivity check for 0 client streams
2025-04-09-01:55:45.407 [pool-16-thread-1] DEBUG t.server.federation.FederationServer - Running inactivity check for 0 client streams
2025-04-09-01:55:50.407 [pool-16-thread-1] DEBUG t.server.federation.FederationServer - Running inactivity check for 0 client streams
2025-04-09-01:55:55.407 [pool-16-thread-1] DEBUG t.server.federation.FederationServer - Running inactivity check for 0 client streams
2025-04-09-01:55:55.648 [takserver-scheduled-1] WARN t.s.f.DistributedFederationManager - trying to reconnect outgoing TAK1 for the 1th time.
2025-04-09-01:55:55.649 [takserver-scheduled-1] INFO tak.server.federation.TakFigClient - client name: TAK1
2025-04-09-01:55:55.734 [takserver-scheduled-1] WARN com.bbn.marti.service.SSLConfig - TLS enabled, but no certificate revocation lists, and OSCP is not enabled in Core Config!
2025-04-09-01:55:55.735 [takserver-scheduled-1] DEBUG tak.server.federation.TakFigClient - Trust managers: 1
2025-04-09-01:55:55.738 [takserver-scheduled-1] DEBUG tak.server.federation.TakFigClient - init TakFigClient
2025-04-09-01:55:55.739 [takserver-scheduled-1] DEBUG t.s.f.DistributedFederationManager - exception initiating outgoing FIG federate connection FederationOutgoing [displayName=TAK1, address=35.209.26.203, port=9001, enabled=true, reconnectInterval=30, fallback= nullmaxRetries= unlimited] Cannot invoke "com.bbn.marti.config.Federation$Federate.getMaxHops()" because the return value of "tak.server.federation.TakFigClient.getFederate()" is null
java.lang.NullPointerException: Cannot invoke "com.bbn.marti.config.Federation$Federate.getMaxHops()" because the return value of "tak.server.federation.TakFigClient.getFederate()" is null
	at tak.server.federation.TakFigClient.init(TakFigClient.java:1068)
	at tak.server.federation.TakFigClient.start(TakFigClient.java:516)
	at tak.server.federation.DistributedFederationManager.initiateOutgoing(DistributedFederationManager.java:441)
	at tak.server.federation.DistributedFederationManager$4.run(DistributedFederationManager.java:2224)
	at java.base/java.util.concurrent.Executors$RunnableAdapter.call(Executors.java:539)
	at java.base/java.util.concurrent.FutureTask.run(FutureTask.java:264)
	at java.base/java.util.concurrent.ScheduledThreadPoolExecutor$ScheduledFutureTask.run(ScheduledThreadPoolExecutor.java:304)
	at java.base/java.util.concurrent.ThreadPoolExecutor.runWorker(ThreadPoolExecutor.java:1136)
	at java.base/java.util.concurrent.ThreadPoolExecutor$Worker.run(ThreadPoolExecutor.java:635)
	at java.base/java.lang.Thread.run(Thread.java:840)
2025-04-09-01:55:56.001 [takserver-grpc-eventgroup-1] DEBUG c.b.roger.fig.FigProtocolNegotiator - handler application protocol: h2
2025-04-09-01:55:56.002 [takserver-grpc-eventgroup-1] DEBUG c.b.roger.fig.FigProtocolNegotiator - FIG: gGRPC Netty HTTP/2 TLS negotiation succeeded.
2025-04-09-01:55:56.018 [takserver-grpc-eventgroup-1] DEBUG c.b.roger.fig.FigProtocolNegotiator - FIG server cert: [
[
  Version: V3
  Subject: CN=takserver, OU=US-ARMY-UNIT-1, O=LENSS, L=CSTAT, ST=TX, C=US
  Signature Algorithm: SHA256withRSA, OID = 1.2.840.113549.1.1.11

  Key:  Sun RSA public key, 2048 bits
  params: null
  modulus: 29852326491948947443685056549540265809978564987299138419452958936906142481820093733042758929479499023302757731284913434034738627483826875967266284746938739927900116128861756281212171746271198355280998356791445936621562874454790433951724425815680278104013065965851641514976256461495523722833154375398824664129266188060509185374109838362330953482561288103342429903653022399116935104806115137239892415831706555340156629328896990128797657482920919867114297965880888175063608638873777481320289491982039521421807231679194306066504075664820160985775145349829470253565996930710363933516621183861338044512473724066228112796591
  public exponent: 65537
  Validity: [From: Wed Feb 12 12:26:32 CST 2025,
               To: Fri Feb 12 12:26:32 CST 2027]
  Issuer: CN=TAK-ID-CA-01, OU=US-ARMY-UNIT-1, O=LENSS, L=CSTAT, ST=TX, C=US
  SerialNumber: 00:a2:6e:60:c5:d7:1a:65:b6

Certificate Extensions: 6
[1]: ObjectId: 2.5.29.35 Criticality=false
AuthorityKeyIdentifier [
KeyIdentifier [
0000: 1E D4 FC 83 3A E2 25 93   A9 DB 5A B1 8F 6E 62 59  ....:.%...Z..nbY
0010: DE EC 64 A8                                        ..d.
]
]

[2]: ObjectId: 2.5.29.19 Criticality=true
BasicConstraints:[
  CA:false
  PathLen: undefined
]

[3]: ObjectId: 2.5.29.37 Criticality=true
ExtendedKeyUsages [
  clientAuth
  serverAuth
]

[4]: ObjectId: 2.5.29.15 Criticality=true
KeyUsage [
  DigitalSignature
  Key_Encipherment
]

[5]: ObjectId: 2.5.29.17 Criticality=false
SubjectAlternativeName [
  DNSName: takserver
]

[6]: ObjectId: 2.5.29.14 Criticality=false
SubjectKeyIdentifier [
KeyIdentifier [
0000: B4 40 68 9A C8 8E E5 ED   7D 0C D3 65 56 17 71 E2  .@h........eV.q.
0010: E1 63 DB 42                                        .c.B
]
]

]
  Algorithm: [SHA256withRSA]
  Signature:
0000: C1 55 C5 BD CE 36 48 0E   99 BD 8A BA 2C 3E D8 AF  .U...6H.....,>..
0010: 91 13 AF 71 DE 78 36 D8   A8 E6 53 3D D6 B4 D2 E2  ...q.x6...S=....
0020: 73 ED AC CB F5 38 50 32   F9 E3 3E D5 31 E3 82 D3  s....8P2..>.1...
0030: 8A 67 6B F5 B7 E3 0A 5D   DC 10 8D B0 86 80 FB FF  .gk....]........
0040: DD 2B 5C ED D0 66 59 7F   38 50 6E A8 29 AB CE 17  .+\..fY.8Pn.)...
0050: 1C BA EE 77 DB F3 C7 20   13 52 E9 13 4D 42 0C A5  ...w... .R..MB..
0060: A2 6E 48 25 03 2C 40 2D   46 9F E9 68 92 35 29 D8  .nH%.,@-F..h.5).
0070: B5 02 8A 72 01 5F 3E BA   C0 1A 64 1A 0F 25 AC D0  ...r._>...d..%..
0080: DF AF C6 E9 AC 55 86 62   BA 46 66 78 51 6C B2 D3  .....U.b.FfxQl..
0090: F1 F5 D9 DD 0F BD 11 1F   1A 9B E3 50 84 AF 0F 85  ...........P....
00A0: 1F 3D 7D 0C 52 5A F4 91   AD 06 79 4D E1 29 2C 49  .=..RZ....yM.),I
00B0: 24 21 28 9A 31 C7 4F A1   6F C8 3A 19 51 8F E3 F1  $!(.1.O.o.:.Q...
00C0: 05 A2 2D 96 B0 A6 82 19   0A 6E 37 18 6D 30 85 4F  ..-......n7.m0.O
00D0: 8A 5C BB 24 27 90 F0 5D   94 7A 88 53 75 C1 02 93  .\.$'..].z.Su...
00E0: C1 59 D9 38 97 96 C7 E5   71 57 8B 67 D4 28 D9 11  .Y.8....qW.g.(..
00F0: B6 91 CC EC 64 68 DB 3A   CF 0D DC 2A BE 21 6F 39  ....dh.:...*.!o9

]
2025-04-09-01:55:56.026 [takserver-grpc-eventgroup-1] DEBUG c.b.roger.fig.FigProtocolNegotiator - FIG ca cert: [
[
  Version: V3
  Subject: CN=TAK-ID-CA-01, OU=US-ARMY-UNIT-1, O=LENSS, L=CSTAT, ST=TX, C=US
  Signature Algorithm: SHA256withRSA, OID = 1.2.840.113549.1.1.11

  Key:  Sun RSA public key, 2048 bits
  params: null
  modulus: 32158766436640869781520930339497733195419041427547928978431462759945838826191758009665837692174035611559588643267318860137724596991976041595116134202627238816862412142174261946556689817880223666482481730101715083580287753398326785375374173477114080113483462115099308155283326823516145968742014539725737650569654562546428784557976032755791409458134820695856763822602373381341349357959642151419281450164144541708586622579924072331263291950566933537689585087407126229720669049728698906462641610074496858713460123624368446110079372867006236912280888804387293192151564555867031499277096800048404040688505486506850604171479
  public exponent: 65537
  Validity: [From: Wed Feb 12 12:25:52 CST 2025,
               To: Fri Feb 12 12:25:52 CST 2027]
  Issuer: CN=TAK-ROOT-CA-01, OU=US-ARMY-UNIT-1, O=LENSS, L=CSTAT, ST=TX, C=US
  SerialNumber: 00:b3:88:5c:63:07:b4:85:f6

Certificate Extensions: 4
[1]: ObjectId: 2.5.29.35 Criticality=false
AuthorityKeyIdentifier [
KeyIdentifier [
0000: 44 E6 21 FE 7D E7 0D 0A   14 63 4C B6 45 B5 E3 2D  D.!......cL.E..-
0010: 76 AC 8C 7C                                        v...
]
]

[2]: ObjectId: 2.5.29.19 Criticality=true
BasicConstraints:[
  CA:true
  PathLen: no limit
]

[3]: ObjectId: 2.5.29.15 Criticality=true
KeyUsage [
  Key_CertSign
  Crl_Sign
]

[4]: ObjectId: 2.5.29.14 Criticality=false
SubjectKeyIdentifier [
KeyIdentifier [
0000: 1E D4 FC 83 3A E2 25 93   A9 DB 5A B1 8F 6E 62 59  ....:.%...Z..nbY
0010: DE EC 64 A8                                        ..d.
]
]

]
  Algorithm: [SHA256withRSA]
  Signature:
0000: 7D BC DB FA 10 73 02 B2   AC A6 FE 2D 66 2E 73 87  .....s.....-f.s.
0010: C0 FD 8F 2E A8 CD A7 2A   99 9C F1 B5 7E 98 82 4B  .......*.......K
0020: 19 BE 1C 9C 14 C3 42 D1   9B D2 C1 A8 A0 33 7A BE  ......B......3z.
0030: F7 21 F7 54 0B 3D 11 2F   7B 65 43 E2 6A F3 8C 70  .!.T.=./.eC.j..p
0040: 16 50 78 AD 04 2C B8 47   87 D4 F5 C7 E4 D6 79 C6  .Px..,.G......y.
0050: 19 D2 99 67 76 FD 24 86   C0 77 F1 F8 F9 0B AF 79  ...gv.$..w.....y
0060: 2B 80 27 A7 FE 76 D1 E4   6F B3 92 07 D7 08 16 09  +.'..v..o.......
0070: AD 4D E1 18 03 1F BB 7D   B2 17 CF 9A 8F 64 08 28  .M...........d.(
0080: 08 A8 D0 CE EE 30 D2 0D   13 FE 4C 31 19 3C CC BC  .....0....L1.<..
0090: 90 30 AC 6A 0A EA 67 D3   F0 7D 75 FA 93 90 9B 91  .0.j..g...u.....
00A0: 30 D6 64 D0 8D 97 67 8C   EC 6B 4F 29 5D FC BA BE  0.d...g..kO)]...
00B0: 83 7A 08 03 0E 4B 04 F3   E8 C3 A1 FE A8 52 CA 37  .z...K.......R.7
00C0: D6 24 E8 06 BC 9F E1 DA   FE 1E 60 5B 7E 7E AB 86  .$........`[....
00D0: 09 BB 5C C7 53 01 5B BC   BC DA BD EF 66 29 FD 9E  ..\.S.[.....f)..
00E0: 4A 56 F9 B4 77 7D 28 DB   F5 F9 C3 4A 34 8D CC 7C  JV..w.(....J4...
00F0: 02 6E B2 00 C2 82 E4 C8   0C C6 5E 23 38 CE A2 56  .n........^#8..V

]
2025-04-09-01:55:56.027 [takserver-grpc-eventgroup-1] DEBUG tak.server.federation.TakFigClient - Received server client cert: [
[
  Version: V3
  Subject: CN=takserver, OU=US-ARMY-UNIT-1, O=LENSS, L=CSTAT, ST=TX, C=US
  Signature Algorithm: SHA256withRSA, OID = 1.2.840.113549.1.1.11

  Key:  Sun RSA public key, 2048 bits
  params: null
  modulus: 29852326491948947443685056549540265809978564987299138419452958936906142481820093733042758929479499023302757731284913434034738627483826875967266284746938739927900116128861756281212171746271198355280998356791445936621562874454790433951724425815680278104013065965851641514976256461495523722833154375398824664129266188060509185374109838362330953482561288103342429903653022399116935104806115137239892415831706555340156629328896990128797657482920919867114297965880888175063608638873777481320289491982039521421807231679194306066504075664820160985775145349829470253565996930710363933516621183861338044512473724066228112796591
  public exponent: 65537
  Validity: [From: Wed Feb 12 12:26:32 CST 2025,
               To: Fri Feb 12 12:26:32 CST 2027]
  Issuer: CN=TAK-ID-CA-01, OU=US-ARMY-UNIT-1, O=LENSS, L=CSTAT, ST=TX, C=US
  SerialNumber: 00:a2:6e:60:c5:d7:1a:65:b6

Certificate Extensions: 6
[1]: ObjectId: 2.5.29.35 Criticality=false
AuthorityKeyIdentifier [
KeyIdentifier [
0000: 1E D4 FC 83 3A E2 25 93   A9 DB 5A B1 8F 6E 62 59  ....:.%...Z..nbY
0010: DE EC 64 A8                                        ..d.
]
]

[2]: ObjectId: 2.5.29.19 Criticality=true
BasicConstraints:[
  CA:false
  PathLen: undefined
]

[3]: ObjectId: 2.5.29.37 Criticality=true
ExtendedKeyUsages [
  clientAuth
  serverAuth
]

[4]: ObjectId: 2.5.29.15 Criticality=true
KeyUsage [
  DigitalSignature
  Key_Encipherment
]

[5]: ObjectId: 2.5.29.17 Criticality=false
SubjectAlternativeName [
  DNSName: takserver
]

[6]: ObjectId: 2.5.29.14 Criticality=false
SubjectKeyIdentifier [
KeyIdentifier [
0000: B4 40 68 9A C8 8E E5 ED   7D 0C D3 65 56 17 71 E2  .@h........eV.q.
0010: E1 63 DB 42                                        .c.B
]
]

]
  Algorithm: [SHA256withRSA]
  Signature:
0000: C1 55 C5 BD CE 36 48 0E   99 BD 8A BA 2C 3E D8 AF  .U...6H.....,>..
0010: 91 13 AF 71 DE 78 36 D8   A8 E6 53 3D D6 B4 D2 E2  ...q.x6...S=....
0020: 73 ED AC CB F5 38 50 32   F9 E3 3E D5 31 E3 82 D3  s....8P2..>.1...
0030: 8A 67 6B F5 B7 E3 0A 5D   DC 10 8D B0 86 80 FB FF  .gk....]........
0040: DD 2B 5C ED D0 66 59 7F   38 50 6E A8 29 AB CE 17  .+\..fY.8Pn.)...
0050: 1C BA EE 77 DB F3 C7 20   13 52 E9 13 4D 42 0C A5  ...w... .R..MB..
0060: A2 6E 48 25 03 2C 40 2D   46 9F E9 68 92 35 29 D8  .nH%.,@-F..h.5).
0070: B5 02 8A 72 01 5F 3E BA   C0 1A 64 1A 0F 25 AC D0  ...r._>...d..%..
0080: DF AF C6 E9 AC 55 86 62   BA 46 66 78 51 6C B2 D3  .....U.b.FfxQl..
0090: F1 F5 D9 DD 0F BD 11 1F   1A 9B E3 50 84 AF 0F 85  ...........P....
00A0: 1F 3D 7D 0C 52 5A F4 91   AD 06 79 4D E1 29 2C 49  .=..RZ....yM.),I
00B0: 24 21 28 9A 31 C7 4F A1   6F C8 3A 19 51 8F E3 F1  $!(.1.O.o.:.Q...
00C0: 05 A2 2D 96 B0 A6 82 19   0A 6E 37 18 6D 30 85 4F  ..-......n7.m0.O
00D0: 8A 5C BB 24 27 90 F0 5D   94 7A 88 53 75 C1 02 93  .\.$'..].z.Su...
00E0: C1 59 D9 38 97 96 C7 E5   71 57 8B 67 D4 28 D9 11  .Y.8....qW.g.(..
00F0: B6 91 CC EC 64 68 DB 3A   CF 0D DC 2A BE 21 6F 39  ....dh.:...*.!o9

]
2025-04-09-01:55:56.029 [takserver-grpc-eventgroup-1] DEBUG tak.server.federation.TakFigClient - Received server ca cert: [
[
  Version: V3
  Subject: CN=TAK-ID-CA-01, OU=US-ARMY-UNIT-1, O=LENSS, L=CSTAT, ST=TX, C=US
  Signature Algorithm: SHA256withRSA, OID = 1.2.840.113549.1.1.11

  Key:  Sun RSA public key, 2048 bits
  params: null
  modulus: 32158766436640869781520930339497733195419041427547928978431462759945838826191758009665837692174035611559588643267318860137724596991976041595116134202627238816862412142174261946556689817880223666482481730101715083580287753398326785375374173477114080113483462115099308155283326823516145968742014539725737650569654562546428784557976032755791409458134820695856763822602373381341349357959642151419281450164144541708586622579924072331263291950566933537689585087407126229720669049728698906462641610074496858713460123624368446110079372867006236912280888804387293192151564555867031499277096800048404040688505486506850604171479
  public exponent: 65537
  Validity: [From: Wed Feb 12 12:25:52 CST 2025,
               To: Fri Feb 12 12:25:52 CST 2027]
  Issuer: CN=TAK-ROOT-CA-01, OU=US-ARMY-UNIT-1, O=LENSS, L=CSTAT, ST=TX, C=US
  SerialNumber: 00:b3:88:5c:63:07:b4:85:f6

Certificate Extensions: 4
[1]: ObjectId: 2.5.29.35 Criticality=false
AuthorityKeyIdentifier [
KeyIdentifier [
0000: 44 E6 21 FE 7D E7 0D 0A   14 63 4C B6 45 B5 E3 2D  D.!......cL.E..-
0010: 76 AC 8C 7C                                        v...
]
]

[2]: ObjectId: 2.5.29.19 Criticality=true
BasicConstraints:[
  CA:true
  PathLen: no limit
]

[3]: ObjectId: 2.5.29.15 Criticality=true
KeyUsage [
  Key_CertSign
  Crl_Sign
]

[4]: ObjectId: 2.5.29.14 Criticality=false
SubjectKeyIdentifier [
KeyIdentifier [
0000: 1E D4 FC 83 3A E2 25 93   A9 DB 5A B1 8F 6E 62 59  ....:.%...Z..nbY
0010: DE EC 64 A8                                        ..d.
]
]

]
  Algorithm: [SHA256withRSA]
  Signature:
0000: 7D BC DB FA 10 73 02 B2   AC A6 FE 2D 66 2E 73 87  .....s.....-f.s.
0010: C0 FD 8F 2E A8 CD A7 2A   99 9C F1 B5 7E 98 82 4B  .......*.......K
0020: 19 BE 1C 9C 14 C3 42 D1   9B D2 C1 A8 A0 33 7A BE  ......B......3z.
0030: F7 21 F7 54 0B 3D 11 2F   7B 65 43 E2 6A F3 8C 70  .!.T.=./.eC.j..p
0040: 16 50 78 AD 04 2C B8 47   87 D4 F5 C7 E4 D6 79 C6  .Px..,.G......y.
0050: 19 D2 99 67 76 FD 24 86   C0 77 F1 F8 F9 0B AF 79  ...gv.$..w.....y
0060: 2B 80 27 A7 FE 76 D1 E4   6F B3 92 07 D7 08 16 09  +.'..v..o.......
0070: AD 4D E1 18 03 1F BB 7D   B2 17 CF 9A 8F 64 08 28  .M...........d.(
0080: 08 A8 D0 CE EE 30 D2 0D   13 FE 4C 31 19 3C CC BC  .....0....L1.<..
0090: 90 30 AC 6A 0A EA 67 D3   F0 7D 75 FA 93 90 9B 91  .0.j..g...u.....
00A0: 30 D6 64 D0 8D 97 67 8C   EC 6B 4F 29 5D FC BA BE  0.d...g..kO)]...
00B0: 83 7A 08 03 0E 4B 04 F3   E8 C3 A1 FE A8 52 CA 37  .z...K.......R.7
00C0: D6 24 E8 06 BC 9F E1 DA   FE 1E 60 5B 7E 7E AB 86  .$........`[....
00D0: 09 BB 5C C7 53 01 5B BC   BC DA BD EF 66 29 FD 9E  ..\.S.[.....f)..
00E0: 4A 56 F9 B4 77 7D 28 DB   F5 F9 C3 4A 34 8D CC 7C  JV..w.(....J4...
00F0: 02 6E B2 00 C2 82 E4 C8   0C C6 5E 23 38 CE A2 56  .n........^#8..V

]
2025-04-09-01:55:56.033 [takserver-grpc-eventgroup-1] DEBUG tak.server.federation.TakFigClient - Federate connection client cert: [
[
  Version: V3
  Subject: CN=takserver, OU=US-ARMY-UNIT-1, O=LENSS, L=CSTAT, ST=TX, C=US
  Signature Algorithm: SHA256withRSA, OID = 1.2.840.113549.1.1.11

  Key:  Sun RSA public key, 2048 bits
  params: null
  modulus: 29852326491948947443685056549540265809978564987299138419452958936906142481820093733042758929479499023302757731284913434034738627483826875967266284746938739927900116128861756281212171746271198355280998356791445936621562874454790433951724425815680278104013065965851641514976256461495523722833154375398824664129266188060509185374109838362330953482561288103342429903653022399116935104806115137239892415831706555340156629328896990128797657482920919867114297965880888175063608638873777481320289491982039521421807231679194306066504075664820160985775145349829470253565996930710363933516621183861338044512473724066228112796591
  public exponent: 65537
  Validity: [From: Wed Feb 12 12:26:32 CST 2025,
               To: Fri Feb 12 12:26:32 CST 2027]
  Issuer: CN=TAK-ID-CA-01, OU=US-ARMY-UNIT-1, O=LENSS, L=CSTAT, ST=TX, C=US
  SerialNumber: 00:a2:6e:60:c5:d7:1a:65:b6

Certificate Extensions: 6
[1]: ObjectId: 2.5.29.35 Criticality=false
AuthorityKeyIdentifier [
KeyIdentifier [
0000: 1E D4 FC 83 3A E2 25 93   A9 DB 5A B1 8F 6E 62 59  ....:.%...Z..nbY
0010: DE EC 64 A8                                        ..d.
]
]

[2]: ObjectId: 2.5.29.19 Criticality=true
BasicConstraints:[
  CA:false
  PathLen: undefined
]

[3]: ObjectId: 2.5.29.37 Criticality=true
ExtendedKeyUsages [
  clientAuth
  serverAuth
]

[4]: ObjectId: 2.5.29.15 Criticality=true
KeyUsage [
  DigitalSignature
  Key_Encipherment
]

[5]: ObjectId: 2.5.29.17 Criticality=false
SubjectAlternativeName [
  DNSName: takserver
]

[6]: ObjectId: 2.5.29.14 Criticality=false
SubjectKeyIdentifier [
KeyIdentifier [
0000: B4 40 68 9A C8 8E E5 ED   7D 0C D3 65 56 17 71 E2  .@h........eV.q.
0010: E1 63 DB 42                                        .c.B
]
]

]
  Algorithm: [SHA256withRSA]
  Signature:
0000: C1 55 C5 BD CE 36 48 0E   99 BD 8A BA 2C 3E D8 AF  .U...6H.....,>..
0010: 91 13 AF 71 DE 78 36 D8   A8 E6 53 3D D6 B4 D2 E2  ...q.x6...S=....
0020: 73 ED AC CB F5 38 50 32   F9 E3 3E D5 31 E3 82 D3  s....8P2..>.1...
0030: 8A 67 6B F5 B7 E3 0A 5D   DC 10 8D B0 86 80 FB FF  .gk....]........
0040: DD 2B 5C ED D0 66 59 7F   38 50 6E A8 29 AB CE 17  .+\..fY.8Pn.)...
0050: 1C BA EE 77 DB F3 C7 20   13 52 E9 13 4D 42 0C A5  ...w... .R..MB..
0060: A2 6E 48 25 03 2C 40 2D   46 9F E9 68 92 35 29 D8  .nH%.,@-F..h.5).
0070: B5 02 8A 72 01 5F 3E BA   C0 1A 64 1A 0F 25 AC D0  ...r._>...d..%..
0080: DF AF C6 E9 AC 55 86 62   BA 46 66 78 51 6C B2 D3  .....U.b.FfxQl..
0090: F1 F5 D9 DD 0F BD 11 1F   1A 9B E3 50 84 AF 0F 85  ...........P....
00A0: 1F 3D 7D 0C 52 5A F4 91   AD 06 79 4D E1 29 2C 49  .=..RZ....yM.),I
00B0: 24 21 28 9A 31 C7 4F A1   6F C8 3A 19 51 8F E3 F1  $!(.1.O.o.:.Q...
00C0: 05 A2 2D 96 B0 A6 82 19   0A 6E 37 18 6D 30 85 4F  ..-......n7.m0.O
00D0: 8A 5C BB 24 27 90 F0 5D   94 7A 88 53 75 C1 02 93  .\.$'..].z.Su...
00E0: C1 59 D9 38 97 96 C7 E5   71 57 8B 67 D4 28 D9 11  .Y.8....qW.g.(..
00F0: B6 91 CC EC 64 68 DB 3A   CF 0D DC 2A BE 21 6F 39  ....dh.:...*.!o9

] connectionInfo ConnectionInfo [connectionId=31b4d611dc624a4f88a03a2b21d6ada7, nodeId=879c404c-8976-4389-b148-31030254e88c, port=9001, address=35.209.26.203, tls=true, input=null, cert=[
[
  Version: V3
  Subject: CN=takserver, OU=US-ARMY-UNIT-1, O=LENSS, L=CSTAT, ST=TX, C=US
  Signature Algorithm: SHA256withRSA, OID = 1.2.840.113549.1.1.11

  Key:  Sun RSA public key, 2048 bits
  params: null
  modulus: 29852326491948947443685056549540265809978564987299138419452958936906142481820093733042758929479499023302757731284913434034738627483826875967266284746938739927900116128861756281212171746271198355280998356791445936621562874454790433951724425815680278104013065965851641514976256461495523722833154375398824664129266188060509185374109838362330953482561288103342429903653022399116935104806115137239892415831706555340156629328896990128797657482920919867114297965880888175063608638873777481320289491982039521421807231679194306066504075664820160985775145349829470253565996930710363933516621183861338044512473724066228112796591
  public exponent: 65537
  Validity: [From: Wed Feb 12 12:26:32 CST 2025,
               To: Fri Feb 12 12:26:32 CST 2027]
  Issuer: CN=TAK-ID-CA-01, OU=US-ARMY-UNIT-1, O=LENSS, L=CSTAT, ST=TX, C=US
  SerialNumber: 00:a2:6e:60:c5:d7:1a:65:b6

Certificate Extensions: 6
[1]: ObjectId: 2.5.29.35 Criticality=false
AuthorityKeyIdentifier [
KeyIdentifier [
0000: 1E D4 FC 83 3A E2 25 93   A9 DB 5A B1 8F 6E 62 59  ....:.%...Z..nbY
0010: DE EC 64 A8                                        ..d.
]
]

[2]: ObjectId: 2.5.29.19 Criticality=true
BasicConstraints:[
  CA:false
  PathLen: undefined
]

[3]: ObjectId: 2.5.29.37 Criticality=true
ExtendedKeyUsages [
  clientAuth
  serverAuth
]

[4]: ObjectId: 2.5.29.15 Criticality=true
KeyUsage [
  DigitalSignature
  Key_Encipherment
]

[5]: ObjectId: 2.5.29.17 Criticality=false
SubjectAlternativeName [
  DNSName: takserver
]

[6]: ObjectId: 2.5.29.14 Criticality=false
SubjectKeyIdentifier [
KeyIdentifier [
0000: B4 40 68 9A C8 8E E5 ED   7D 0C D3 65 56 17 71 E2  .@h........eV.q.
0010: E1 63 DB 42                                        .c.B
]
]

]
  Algorithm: [SHA256withRSA]
  Signature:
0000: C1 55 C5 BD CE 36 48 0E   99 BD 8A BA 2C 3E D8 AF  .U...6H.....,>..
0010: 91 13 AF 71 DE 78 36 D8   A8 E6 53 3D D6 B4 D2 E2  ...q.x6...S=....
0020: 73 ED AC CB F5 38 50 32   F9 E3 3E D5 31 E3 82 D3  s....8P2..>.1...
0030: 8A 67 6B F5 B7 E3 0A 5D   DC 10 8D B0 86 80 FB FF  .gk....]........
0040: DD 2B 5C ED D0 66 59 7F   38 50 6E A8 29 AB CE 17  .+\..fY.8Pn.)...
0050: 1C BA EE 77 DB F3 C7 20   13 52 E9 13 4D 42 0C A5  ...w... .R..MB..
0060: A2 6E 48 25 03 2C 40 2D   46 9F E9 68 92 35 29 D8  .nH%.,@-F..h.5).
0070: B5 02 8A 72 01 5F 3E BA   C0 1A 64 1A 0F 25 AC D0  ...r._>...d..%..
0080: DF AF C6 E9 AC 55 86 62   BA 46 66 78 51 6C B2 D3  .....U.b.FfxQl..
0090: F1 F5 D9 DD 0F BD 11 1F   1A 9B E3 50 84 AF 0F 85  ...........P....
00A0: 1F 3D 7D 0C 52 5A F4 91   AD 06 79 4D E1 29 2C 49  .=..RZ....yM.),I
00B0: 24 21 28 9A 31 C7 4F A1   6F C8 3A 19 51 8F E3 F1  $!(.1.O.o.:.Q...
00C0: 05 A2 2D 96 B0 A6 82 19   0A 6E 37 18 6D 30 85 4F  ..-......n7.m0.O
00D0: 8A 5C BB 24 27 90 F0 5D   94 7A 88 53 75 C1 02 93  .\.$'..].z.Su...
00E0: C1 59 D9 38 97 96 C7 E5   71 57 8B 67 D4 28 D9 11  .Y.8....qW.g.(..
00F0: B6 91 CC EC 64 68 DB 3A   CF 0D DC 2A BE 21 6F 39  ....dh.:...*.!o9

], caCert=null, id=1, client=true, readCount=0, processedCount=0]
2025-04-09-01:55:56.036 [takserver-grpc-eventgroup-1] DEBUG tak.server.federation.TakFigClient - matched existing federate by fingerprint: F8:BF:BA:84:C8:CB:18:27:80:87:2D:B7:CE:B4:31:EC:E0:FC:1F:AE:1A:72:9C:21:B8:05:99:40:95:06:7D:F6 takserver:TAK-ID-CA-01
2025-04-09-01:55:57.918 [takserver-grpc-eventgroup-1] DEBUG t.s.f.DistributedFederationManager - Added FederateSubscription: FederateSubscription [Subscription -- 
handler:  
xpath: null user: null]
2025-04-09-01:55:57.918 [takserver-grpc-eventgroup-1] INFO tak.server.federation.TakFigClient - created v2 federate subscription TAK1
2025-04-09-01:55:58.787 [takserver-grpc-0] DEBUG tak.server.federation.TakFigClient - ROL channel ready
2025-04-09-01:55:59.230 [takserver-grpc-0] DEBUG tak.server.federation.TakFigClient - Received remote federate groups = streamUpdate {
  status: SERVING
}
federateProvenance {
  federationServerId: "28c05234cc7848368459e1e3398ba40a"
}
federateHops {
  maxHops: -1
  currentHops: 1
}

2025-04-09-01:55:59.230 [takserver-grpc-0] DEBUG tak.server.federation.TakFigClient - Received remote federate groups = streamUpdate {
  status: SERVING
}
federateProvenance {
  federationServerId: "28c05234cc7848368459e1e3398ba40a"
}
federateHops {
  maxHops: -1
  currentHops: 1
}

2025-04-09-01:55:59.236 [takserver-grpc-0] DEBUG tak.server.federation.TakFigClient - received federated health check message from server status: SERVING

2025-04-09-01:55:59.236 [takserver-grpc-0] DEBUG tak.server.federation.TakFigClient - federated server server healthy
2025-04-09-01:55:59.246 [takserver-grpc-0] DEBUG tak.server.federation.TakFigClient - opened client ROL stream
2025-04-09-01:55:59.248 [takserver-grpc-0] DEBUG tak.server.federation.TakFigClient - mission federation disruption tolerance enabled
2025-04-09-01:55:59.328 [takserver-grpc-0] INFO tak.server.federation.TakFigClient - 0 federating 0 mission changes.
2025-04-09-01:56:00.407 [pool-16-thread-1] DEBUG t.server.federation.FederationServer - Running inactivity check for 0 client streams
2025-04-09-01:56:02.218 [takserver-grpc-0] DEBUG tak.server.federation.TakFigClient - received federated health check message from server status: SERVING

2025-04-09-01:56:02.218 [takserver-grpc-0] DEBUG tak.server.federation.TakFigClient - federated server server healthy
2025-04-09-01:56:04.784 [takserver-grpc-0] DEBUG tak.server.federation.TakFigClient - received federated health check message from server status: SERVING

2025-04-09-01:56:04.784 [takserver-grpc-0] DEBUG tak.server.federation.TakFigClient - federated server server healthy
2025-04-09-01:56:05.407 [pool-16-thread-1] DEBUG t.server.federation.FederationServer - Running inactivity check for 0 client streams
2025-04-09-01:56:07.785 [takserver-grpc-0] DEBUG tak.server.federation.TakFigClient - received federated health check message from server status: SERVING

2025-04-09-01:56:07.785 [takserver-grpc-0] DEBUG tak.server.federation.TakFigClient - federated server server healthy
2025-04-09-01:56:10.407 [pool-16-thread-1] DEBUG t.server.federation.FederationServer - Running inactivity check for 0 client streams
2025-04-09-01:56:10.785 [takserver-grpc-0] DEBUG tak.server.federation.TakFigClient - received federated health check message from server status: SERVING

2025-04-09-01:56:10.785 [takserver-grpc-0] DEBUG tak.server.federation.TakFigClient - federated server server healthy
2025-04-09-01:56:12.753 [svc-#71] WARN t.s.f.DistributedFederationManager - Removing cert: CN=TAK-ID-CA-01, OU=US-ARMY-UNIT-1, O=LENSS, L=CSTAT, ST=TX, C=US
2025-04-09-01:56:12.792 [svc-#71] INFO t.server.federation.FederationServer - refreshing config
2025-04-09-01:56:12.792 [svc-#71] DEBUG t.server.federation.FederationServer - v2 federation config
2025-04-09-01:56:12.884 [pool-21-thread-1] DEBUG t.server.federation.FederationServer - in v2 fed start executor
2025-04-09-01:56:12.884 [pool-21-thread-1] INFO t.server.federation.FederationServer - Federation server (v2) started, listening on port 9001
2025-04-09-01:56:13.785 [takserver-grpc-0] DEBUG tak.server.federation.TakFigClient - received federated health check message from server status: SERVING

2025-04-09-01:56:13.786 [takserver-grpc-0] DEBUG tak.server.federation.TakFigClient - federated server server healthy
2025-04-09-01:56:15.407 [pool-16-thread-1] DEBUG t.server.federation.FederationServer - Running inactivity check for 0 client streams
2025-04-09-01:56:16.786 [takserver-grpc-0] DEBUG tak.server.federation.TakFigClient - received federated health check message from server status: SERVING

2025-04-09-01:56:16.786 [takserver-grpc-0] DEBUG tak.server.federation.TakFigClient - federated server server healthy
2025-04-09-01:56:17.793 [pool-20-thread-1] DEBUG t.server.federation.FederationServer - Running inactivity check for 0 client streams
2025-04-09-01:56:19.787 [takserver-grpc-0] DEBUG tak.server.federation.TakFigClient - received federated health check message from server status: SERVING

2025-04-09-01:56:19.787 [takserver-grpc-0] DEBUG tak.server.federation.TakFigClient - federated server server healthy
2025-04-09-01:56:20.407 [pool-16-thread-1] DEBUG t.server.federation.FederationServer - Running inactivity check for 0 client streams
2025-04-09-01:56:22.788 [takserver-grpc-0] DEBUG tak.server.federation.TakFigClient - received federated health check message from server status: SERVING

2025-04-09-01:56:22.788 [takserver-grpc-0] DEBUG tak.server.federation.TakFigClient - federated server server healthy
2025-04-09-01:56:22.792 [pool-20-thread-1] DEBUG t.server.federation.FederationServer - Running inactivity check for 0 client streams
2025-04-09-01:56:25.407 [pool-16-thread-1] DEBUG t.server.federation.FederationServer - Running inactivity check for 0 client streams
2025-04-09-01:56:25.788 [takserver-grpc-0] DEBUG tak.server.federation.TakFigClient - received federated health check message from server status: SERVING

2025-04-09-01:56:25.788 [takserver-grpc-0] DEBUG tak.server.federation.TakFigClient - federated server server healthy
2025-04-09-01:56:27.793 [pool-20-thread-1] DEBUG t.server.federation.FederationServer - Running inactivity check for 0 client streams
2025-04-09-01:56:28.789 [takserver-grpc-0] DEBUG tak.server.federation.TakFigClient - received federated health check message from server status: SERVING

2025-04-09-01:56:28.789 [takserver-grpc-0] DEBUG tak.server.federation.TakFigClient - federated server server healthy
2025-04-09-01:56:30.407 [pool-16-thread-1] DEBUG t.server.federation.FederationServer - Running inactivity check for 0 client streams
2025-04-09-01:56:31.790 [takserver-grpc-0] DEBUG tak.server.federation.TakFigClient - received federated health check message from server status: SERVING

2025-04-09-01:56:31.791 [takserver-grpc-0] DEBUG tak.server.federation.TakFigClient - federated server server healthy
2025-04-09-01:56:32.792 [pool-20-thread-1] DEBUG t.server.federation.FederationServer - Running inactivity check for 0 client streams
2025-04-09-01:56:34.791 [takserver-grpc-0] DEBUG tak.server.federation.TakFigClient - received federated health check message from server status: SERVING

2025-04-09-01:56:34.791 [takserver-grpc-0] DEBUG tak.server.federation.TakFigClient - federated server server healthy
2025-04-09-01:56:35.407 [pool-16-thread-1] DEBUG t.server.federation.FederationServer - Running inactivity check for 0 client streams
2025-04-09-01:56:37.791 [takserver-grpc-0] DEBUG tak.server.federation.TakFigClient - received federated health check message from server status: SERVING

2025-04-09-01:56:37.791 [takserver-grpc-0] DEBUG tak.server.federation.TakFigClient - federated server server healthy
2025-04-09-01:56:37.792 [pool-20-thread-1] DEBUG t.server.federation.FederationServer - Running inactivity check for 0 client streams
2025-04-09-01:56:40.407 [pool-16-thread-1] DEBUG t.server.federation.FederationServer - Running inactivity check for 0 client streams
2025-04-09-01:56:40.794 [takserver-grpc-0] DEBUG tak.server.federation.TakFigClient - received federated health check message from server status: SERVING

2025-04-09-01:56:40.794 [takserver-grpc-0] DEBUG tak.server.federation.TakFigClient - federated server server healthy
2025-04-09-01:56:42.792 [pool-20-thread-1] DEBUG t.server.federation.FederationServer - Running inactivity check for 0 client streams
2025-04-09-01:56:43.794 [takserver-grpc-0] DEBUG tak.server.federation.TakFigClient - received federated health check message from server status: SERVING

2025-04-09-01:56:43.794 [takserver-grpc-0] DEBUG tak.server.federation.TakFigClient - federated server server healthy
2025-04-09-01:56:44.142 [svc-#69] INFO t.s.f.DistributedFederationManager - disabling FIG outgoing TAK1
2025-04-09-01:56:44.157 [svc-#69] DEBUG tak.server.federation.TakFigClient - processing disconnect for FIG federate TakFigClient [clientName=TAK1, clientUid=31b4d611dc624a4f88a03a2b21d6ada7, federateSubscription=FederateSubscription [Subscription -- 
handler: FIG channel handler ConnectionInfo [connectionId=31b4d611dc624a4f88a03a2b21d6ada7, nodeId=879c404c-8976-4389-b148-31030254e88c, port=9001, address=35.209.26.203, tls=true, input=null, cert=[
[
  Version: V3
  Subject: CN=takserver, OU=US-ARMY-UNIT-1, O=LENSS, L=CSTAT, ST=TX, C=US
  Signature Algorithm: SHA256withRSA, OID = 1.2.840.113549.1.1.11

  Key:  Sun RSA public key, 2048 bits
  params: null
  modulus: 29852326491948947443685056549540265809978564987299138419452958936906142481820093733042758929479499023302757731284913434034738627483826875967266284746938739927900116128861756281212171746271198355280998356791445936621562874454790433951724425815680278104013065965851641514976256461495523722833154375398824664129266188060509185374109838362330953482561288103342429903653022399116935104806115137239892415831706555340156629328896990128797657482920919867114297965880888175063608638873777481320289491982039521421807231679194306066504075664820160985775145349829470253565996930710363933516621183861338044512473724066228112796591
  public exponent: 65537
  Validity: [From: Wed Feb 12 12:26:32 CST 2025,
               To: Fri Feb 12 12:26:32 CST 2027]
  Issuer: CN=TAK-ID-CA-01, OU=US-ARMY-UNIT-1, O=LENSS, L=CSTAT, ST=TX, C=US
  SerialNumber: 00:a2:6e:60:c5:d7:1a:65:b6

Certificate Extensions: 6
[1]: ObjectId: 2.5.29.35 Criticality=false
AuthorityKeyIdentifier [
KeyIdentifier [
0000: 1E D4 FC 83 3A E2 25 93   A9 DB 5A B1 8F 6E 62 59  ....:.%...Z..nbY
0010: DE EC 64 A8                                        ..d.
]
]

[2]: ObjectId: 2.5.29.19 Criticality=true
BasicConstraints:[
  CA:false
  PathLen: undefined
]

[3]: ObjectId: 2.5.29.37 Criticality=true
ExtendedKeyUsages [
  clientAuth
  serverAuth
]

[4]: ObjectId: 2.5.29.15 Criticality=true
KeyUsage [
  DigitalSignature
  Key_Encipherment
]

[5]: ObjectId: 2.5.29.17 Criticality=false
SubjectAlternativeName [
  DNSName: takserver
]

[6]: ObjectId: 2.5.29.14 Criticality=false
SubjectKeyIdentifier [
KeyIdentifier [
0000: B4 40 68 9A C8 8E E5 ED   7D 0C D3 65 56 17 71 E2  .@h........eV.q.
0010: E1 63 DB 42                                        .c.B
]
]

]
  Algorithm: [SHA256withRSA]
  Signature:
0000: C1 55 C5 BD CE 36 48 0E   99 BD 8A BA 2C 3E D8 AF  .U...6H.....,>..
0010: 91 13 AF 71 DE 78 36 D8   A8 E6 53 3D D6 B4 D2 E2  ...q.x6...S=....
0020: 73 ED AC CB F5 38 50 32   F9 E3 3E D5 31 E3 82 D3  s....8P2..>.1...
0030: 8A 67 6B F5 B7 E3 0A 5D   DC 10 8D B0 86 80 FB FF  .gk....]........
0040: DD 2B 5C ED D0 66 59 7F   38 50 6E A8 29 AB CE 17  .+\..fY.8Pn.)...
0050: 1C BA EE 77 DB F3 C7 20   13 52 E9 13 4D 42 0C A5  ...w... .R..MB..
0060: A2 6E 48 25 03 2C 40 2D   46 9F E9 68 92 35 29 D8  .nH%.,@-F..h.5).
0070: B5 02 8A 72 01 5F 3E BA   C0 1A 64 1A 0F 25 AC D0  ...r._>...d..%..
0080: DF AF C6 E9 AC 55 86 62   BA 46 66 78 51 6C B2 D3  .....U.b.FfxQl..
0090: F1 F5 D9 DD 0F BD 11 1F   1A 9B E3 50 84 AF 0F 85  ...........P....
00A0: 1F 3D 7D 0C 52 5A F4 91   AD 06 79 4D E1 29 2C 49  .=..RZ....yM.),I
00B0: 24 21 28 9A 31 C7 4F A1   6F C8 3A 19 51 8F E3 F1  $!(.1.O.o.:.Q...
00C0: 05 A2 2D 96 B0 A6 82 19   0A 6E 37 18 6D 30 85 4F  ..-......n7.m0.O
00D0: 8A 5C BB 24 27 90 F0 5D   94 7A 88 53 75 C1 02 93  .\.$'..].z.Su...
00E0: C1 59 D9 38 97 96 C7 E5   71 57 8B 67 D4 28 D9 11  .Y.8....qW.g.(..
00F0: B6 91 CC EC 64 68 DB 3A   CF 0D DC 2A BE 21 6F 39  ....dh.:...*.!o9

], caCert=null, id=1, client=true, readCount=0, processedCount=0] 
xpath: null user: FederateUser [federateConfig=com.bbn.marti.config.Federation$Federate@305a058e, id=F8:BF:BA:84:C8:CB:18:27:80:87:2D:B7:CE:B4:31:EC:E0:FC:1F:AE:1A:72:9C:21:B8:05:99:40:95:06:7D:F6, connectionId=31b4d611dc624a4f88a03a2b21d6ada7, connectionType=FEDERATE, address=35.209.26.203, getDisplayName()=TAK1]], config=com.bbn.marti.config.Federation@28dac23f, serverLastHealth=2025-04-09T01:56:43.794-05:00] cause Outgoing deleted from UI
2025-04-09-01:56:44.160 [takserver-grpc-0] DEBUG tak.server.federation.TakFigClient - error processing ROL event from server cause UNAVAILABLE: Channel shutdownNow invoked
2025-04-09-01:56:44.161 [takserver-grpc-0] DEBUG tak.server.federation.TakFigClient - processing disconnect for FIG federate TakFigClient [clientName=TAK1, clientUid=31b4d611dc624a4f88a03a2b21d6ada7, federateSubscription=FederateSubscription [Subscription -- 
handler: FIG channel handler ConnectionInfo [connectionId=31b4d611dc624a4f88a03a2b21d6ada7, nodeId=879c404c-8976-4389-b148-31030254e88c, port=9001, address=35.209.26.203, tls=true, input=null, cert=[
[
  Version: V3
  Subject: CN=takserver, OU=US-ARMY-UNIT-1, O=LENSS, L=CSTAT, ST=TX, C=US
  Signature Algorithm: SHA256withRSA, OID = 1.2.840.113549.1.1.11

  Key:  Sun RSA public key, 2048 bits
  params: null
  modulus: 29852326491948947443685056549540265809978564987299138419452958936906142481820093733042758929479499023302757731284913434034738627483826875967266284746938739927900116128861756281212171746271198355280998356791445936621562874454790433951724425815680278104013065965851641514976256461495523722833154375398824664129266188060509185374109838362330953482561288103342429903653022399116935104806115137239892415831706555340156629328896990128797657482920919867114297965880888175063608638873777481320289491982039521421807231679194306066504075664820160985775145349829470253565996930710363933516621183861338044512473724066228112796591
  public exponent: 65537
  Validity: [From: Wed Feb 12 12:26:32 CST 2025,
               To: Fri Feb 12 12:26:32 CST 2027]
  Issuer: CN=TAK-ID-CA-01, OU=US-ARMY-UNIT-1, O=LENSS, L=CSTAT, ST=TX, C=US
  SerialNumber: 00:a2:6e:60:c5:d7:1a:65:b6

Certificate Extensions: 6
[1]: ObjectId: 2.5.29.35 Criticality=false
AuthorityKeyIdentifier [
KeyIdentifier [
0000: 1E D4 FC 83 3A E2 25 93   A9 DB 5A B1 8F 6E 62 59  ....:.%...Z..nbY
0010: DE EC 64 A8                                        ..d.
]
]

[2]: ObjectId: 2.5.29.19 Criticality=true
BasicConstraints:[
  CA:false
  PathLen: undefined
]

[3]: ObjectId: 2.5.29.37 Criticality=true
ExtendedKeyUsages [
  clientAuth
  serverAuth
]

[4]: ObjectId: 2.5.29.15 Criticality=true
KeyUsage [
  DigitalSignature
  Key_Encipherment
]

[5]: ObjectId: 2.5.29.17 Criticality=false
SubjectAlternativeName [
  DNSName: takserver
]

[6]: ObjectId: 2.5.29.14 Criticality=false
SubjectKeyIdentifier [
KeyIdentifier [
0000: B4 40 68 9A C8 8E E5 ED   7D 0C D3 65 56 17 71 E2  .@h........eV.q.
0010: E1 63 DB 42                                        .c.B
]
]

]
  Algorithm: [SHA256withRSA]
  Signature:
0000: C1 55 C5 BD CE 36 48 0E   99 BD 8A BA 2C 3E D8 AF  .U...6H.....,>..
0010: 91 13 AF 71 DE 78 36 D8   A8 E6 53 3D D6 B4 D2 E2  ...q.x6...S=....
0020: 73 ED AC CB F5 38 50 32   F9 E3 3E D5 31 E3 82 D3  s....8P2..>.1...
0030: 8A 67 6B F5 B7 E3 0A 5D   DC 10 8D B0 86 80 FB FF  .gk....]........
0040: DD 2B 5C ED D0 66 59 7F   38 50 6E A8 29 AB CE 17  .+\..fY.8Pn.)...
0050: 1C BA EE 77 DB F3 C7 20   13 52 E9 13 4D 42 0C A5  ...w... .R..MB..
0060: A2 6E 48 25 03 2C 40 2D   46 9F E9 68 92 35 29 D8  .nH%.,@-F..h.5).
0070: B5 02 8A 72 01 5F 3E BA   C0 1A 64 1A 0F 25 AC D0  ...r._>...d..%..
0080: DF AF C6 E9 AC 55 86 62   BA 46 66 78 51 6C B2 D3  .....U.b.FfxQl..
0090: F1 F5 D9 DD 0F BD 11 1F   1A 9B E3 50 84 AF 0F 85  ...........P....
00A0: 1F 3D 7D 0C 52 5A F4 91   AD 06 79 4D E1 29 2C 49  .=..RZ....yM.),I
00B0: 24 21 28 9A 31 C7 4F A1   6F C8 3A 19 51 8F E3 F1  $!(.1.O.o.:.Q...
00C0: 05 A2 2D 96 B0 A6 82 19   0A 6E 37 18 6D 30 85 4F  ..-......n7.m0.O
00D0: 8A 5C BB 24 27 90 F0 5D   94 7A 88 53 75 C1 02 93  .\.$'..].z.Su...
00E0: C1 59 D9 38 97 96 C7 E5   71 57 8B 67 D4 28 D9 11  .Y.8....qW.g.(..
00F0: B6 91 CC EC 64 68 DB 3A   CF 0D DC 2A BE 21 6F 39  ....dh.:...*.!o9

], caCert=null, id=1, client=true, readCount=0, processedCount=0] 
xpath: null user: FederateUser [federateConfig=com.bbn.marti.config.Federation$Federate@305a058e, id=F8:BF:BA:84:C8:CB:18:27:80:87:2D:B7:CE:B4:31:EC:E0:FC:1F:AE:1A:72:9C:21:B8:05:99:40:95:06:7D:F6, connectionId=31b4d611dc624a4f88a03a2b21d6ada7, connectionType=FEDERATE, address=35.209.26.203, getDisplayName()=TAK1]], config=com.bbn.marti.config.Federation@28dac23f, serverLastHealth=2025-04-09T01:56:43.794-05:00] cause Connection is disabled, check Enable Connection
2025-04-09-01:56:44.217 [takserver-grpc-0] DEBUG tak.server.federation.TakFigClient - Connection failure to v2 federate TAK1 - schedule retry: false - status: ConnectionStatus [connection=ConnectionInfo [connectionId=31b4d611dc624a4f88a03a2b21d6ada7, nodeId=879c404c-8976-4389-b148-31030254e88c, port=9001, address=35.209.26.203, tls=true, input=null, cert=[
[
  Version: V3
  Subject: CN=takserver, OU=US-ARMY-UNIT-1, O=LENSS, L=CSTAT, ST=TX, C=US
  Signature Algorithm: SHA256withRSA, OID = 1.2.840.113549.1.1.11

  Key:  Sun RSA public key, 2048 bits
  params: null
  modulus: 29852326491948947443685056549540265809978564987299138419452958936906142481820093733042758929479499023302757731284913434034738627483826875967266284746938739927900116128861756281212171746271198355280998356791445936621562874454790433951724425815680278104013065965851641514976256461495523722833154375398824664129266188060509185374109838362330953482561288103342429903653022399116935104806115137239892415831706555340156629328896990128797657482920919867114297965880888175063608638873777481320289491982039521421807231679194306066504075664820160985775145349829470253565996930710363933516621183861338044512473724066228112796591
  public exponent: 65537
  Validity: [From: Wed Feb 12 12:26:32 CST 2025,
               To: Fri Feb 12 12:26:32 CST 2027]
  Issuer: CN=TAK-ID-CA-01, OU=US-ARMY-UNIT-1, O=LENSS, L=CSTAT, ST=TX, C=US
  SerialNumber: 00:a2:6e:60:c5:d7:1a:65:b6

Certificate Extensions: 6
[1]: ObjectId: 2.5.29.35 Criticality=false
AuthorityKeyIdentifier [
KeyIdentifier [
0000: 1E D4 FC 83 3A E2 25 93   A9 DB 5A B1 8F 6E 62 59  ....:.%...Z..nbY
0010: DE EC 64 A8                                        ..d.
]
]

[2]: ObjectId: 2.5.29.19 Criticality=true
BasicConstraints:[
  CA:false
  PathLen: undefined
]

[3]: ObjectId: 2.5.29.37 Criticality=true
ExtendedKeyUsages [
  clientAuth
  serverAuth
]

[4]: ObjectId: 2.5.29.15 Criticality=true
KeyUsage [
  DigitalSignature
  Key_Encipherment
]

[5]: ObjectId: 2.5.29.17 Criticality=false
SubjectAlternativeName [
  DNSName: takserver
]

[6]: ObjectId: 2.5.29.14 Criticality=false
SubjectKeyIdentifier [
KeyIdentifier [
0000: B4 40 68 9A C8 8E E5 ED   7D 0C D3 65 56 17 71 E2  .@h........eV.q.
0010: E1 63 DB 42                                        .c.B
]
]

]
  Algorithm: [SHA256withRSA]
  Signature:
0000: C1 55 C5 BD CE 36 48 0E   99 BD 8A BA 2C 3E D8 AF  .U...6H.....,>..
0010: 91 13 AF 71 DE 78 36 D8   A8 E6 53 3D D6 B4 D2 E2  ...q.x6...S=....
0020: 73 ED AC CB F5 38 50 32   F9 E3 3E D5 31 E3 82 D3  s....8P2..>.1...
0030: 8A 67 6B F5 B7 E3 0A 5D   DC 10 8D B0 86 80 FB FF  .gk....]........
0040: DD 2B 5C ED D0 66 59 7F   38 50 6E A8 29 AB CE 17  .+\..fY.8Pn.)...
0050: 1C BA EE 77 DB F3 C7 20   13 52 E9 13 4D 42 0C A5  ...w... .R..MB..
0060: A2 6E 48 25 03 2C 40 2D   46 9F E9 68 92 35 29 D8  .nH%.,@-F..h.5).
0070: B5 02 8A 72 01 5F 3E BA   C0 1A 64 1A 0F 25 AC D0  ...r._>...d..%..
0080: DF AF C6 E9 AC 55 86 62   BA 46 66 78 51 6C B2 D3  .....U.b.FfxQl..
0090: F1 F5 D9 DD 0F BD 11 1F   1A 9B E3 50 84 AF 0F 85  ...........P....
00A0: 1F 3D 7D 0C 52 5A F4 91   AD 06 79 4D E1 29 2C 49  .=..RZ....yM.),I
00B0: 24 21 28 9A 31 C7 4F A1   6F C8 3A 19 51 8F E3 F1  $!(.1.O.o.:.Q...
00C0: 05 A2 2D 96 B0 A6 82 19   0A 6E 37 18 6D 30 85 4F  ..-......n7.m0.O
00D0: 8A 5C BB 24 27 90 F0 5D   94 7A 88 53 75 C1 02 93  .\.$'..].z.Su...
00E0: C1 59 D9 38 97 96 C7 E5   71 57 8B 67 D4 28 D9 11  .Y.8....qW.g.(..
00F0: B6 91 CC EC 64 68 DB 3A   CF 0D DC 2A BE 21 6F 39  ....dh.:...*.!o9

], caCert=null, id=1, client=true, readCount=0, processedCount=0], federate=takserver:TAK-ID-CA-01, lastError=, connectionStatusValue=DISABLED] cause Connection is disabled, check Enable Connection
2025-04-09-01:56:44.217 [svc-#69] DEBUG tak.server.federation.TakFigClient - Connection failure to v2 federate TAK1 - schedule retry: false - status: ConnectionStatus [connection=ConnectionInfo [connectionId=31b4d611dc624a4f88a03a2b21d6ada7, nodeId=879c404c-8976-4389-b148-31030254e88c, port=9001, address=35.209.26.203, tls=true, input=null, cert=[
[
  Version: V3
  Subject: CN=takserver, OU=US-ARMY-UNIT-1, O=LENSS, L=CSTAT, ST=TX, C=US
  Signature Algorithm: SHA256withRSA, OID = 1.2.840.113549.1.1.11

  Key:  Sun RSA public key, 2048 bits
  params: null
  modulus: 29852326491948947443685056549540265809978564987299138419452958936906142481820093733042758929479499023302757731284913434034738627483826875967266284746938739927900116128861756281212171746271198355280998356791445936621562874454790433951724425815680278104013065965851641514976256461495523722833154375398824664129266188060509185374109838362330953482561288103342429903653022399116935104806115137239892415831706555340156629328896990128797657482920919867114297965880888175063608638873777481320289491982039521421807231679194306066504075664820160985775145349829470253565996930710363933516621183861338044512473724066228112796591
  public exponent: 65537
  Validity: [From: Wed Feb 12 12:26:32 CST 2025,
               To: Fri Feb 12 12:26:32 CST 2027]
  Issuer: CN=TAK-ID-CA-01, OU=US-ARMY-UNIT-1, O=LENSS, L=CSTAT, ST=TX, C=US
  SerialNumber: 00:a2:6e:60:c5:d7:1a:65:b6

Certificate Extensions: 6
[1]: ObjectId: 2.5.29.35 Criticality=false
AuthorityKeyIdentifier [
KeyIdentifier [
0000: 1E D4 FC 83 3A E2 25 93   A9 DB 5A B1 8F 6E 62 59  ....:.%...Z..nbY
0010: DE EC 64 A8                                        ..d.
]
]

[2]: ObjectId: 2.5.29.19 Criticality=true
BasicConstraints:[
  CA:false
  PathLen: undefined
]

[3]: ObjectId: 2.5.29.37 Criticality=true
ExtendedKeyUsages [
  clientAuth
  serverAuth
]

[4]: ObjectId: 2.5.29.15 Criticality=true
KeyUsage [
  DigitalSignature
  Key_Encipherment
]

[5]: ObjectId: 2.5.29.17 Criticality=false
SubjectAlternativeName [
  DNSName: takserver
]

[6]: ObjectId: 2.5.29.14 Criticality=false
SubjectKeyIdentifier [
KeyIdentifier [
0000: B4 40 68 9A C8 8E E5 ED   7D 0C D3 65 56 17 71 E2  .@h........eV.q.
0010: E1 63 DB 42                                        .c.B
]
]

]
  Algorithm: [SHA256withRSA]
  Signature:
0000: C1 55 C5 BD CE 36 48 0E   99 BD 8A BA 2C 3E D8 AF  .U...6H.....,>..
0010: 91 13 AF 71 DE 78 36 D8   A8 E6 53 3D D6 B4 D2 E2  ...q.x6...S=....
0020: 73 ED AC CB F5 38 50 32   F9 E3 3E D5 31 E3 82 D3  s....8P2..>.1...
0030: 8A 67 6B F5 B7 E3 0A 5D   DC 10 8D B0 86 80 FB FF  .gk....]........
0040: DD 2B 5C ED D0 66 59 7F   38 50 6E A8 29 AB CE 17  .+\..fY.8Pn.)...
0050: 1C BA EE 77 DB F3 C7 20   13 52 E9 13 4D 42 0C A5  ...w... .R..MB..
0060: A2 6E 48 25 03 2C 40 2D   46 9F E9 68 92 35 29 D8  .nH%.,@-F..h.5).
0070: B5 02 8A 72 01 5F 3E BA   C0 1A 64 1A 0F 25 AC D0  ...r._>...d..%..
0080: DF AF C6 E9 AC 55 86 62   BA 46 66 78 51 6C B2 D3  .....U.b.FfxQl..
0090: F1 F5 D9 DD 0F BD 11 1F   1A 9B E3 50 84 AF 0F 85  ...........P....
00A0: 1F 3D 7D 0C 52 5A F4 91   AD 06 79 4D E1 29 2C 49  .=..RZ....yM.),I
00B0: 24 21 28 9A 31 C7 4F A1   6F C8 3A 19 51 8F E3 F1  $!(.1.O.o.:.Q...
00C0: 05 A2 2D 96 B0 A6 82 19   0A 6E 37 18 6D 30 85 4F  ..-......n7.m0.O
00D0: 8A 5C BB 24 27 90 F0 5D   94 7A 88 53 75 C1 02 93  .\.$'..].z.Su...
00E0: C1 59 D9 38 97 96 C7 E5   71 57 8B 67 D4 28 D9 11  .Y.8....qW.g.(..
00F0: B6 91 CC EC 64 68 DB 3A   CF 0D DC 2A BE 21 6F 39  ....dh.:...*.!o9

], caCert=null, id=1, client=true, readCount=0, processedCount=0], federate=takserver:TAK-ID-CA-01, lastError=, connectionStatusValue=DISABLED] cause Outgoing deleted from UI
2025-04-09-01:56:44.219 [takserver-grpc-0] DEBUG tak.server.federation.TakFigClient - received error notification from server cause Connection is disabled, check Enable Connection
io.grpc.StatusRuntimeException: UNAVAILABLE: Channel shutdownNow invoked
	at io.grpc.Status.asRuntimeException(Status.java:537)
	at io.grpc.stub.ClientCalls$StreamObserverToCallListenerAdapter.onClose(ClientCalls.java:481)
	at io.grpc.internal.ClientCallImpl.closeObserver(ClientCallImpl.java:574)
	at io.grpc.internal.ClientCallImpl.access$300(ClientCallImpl.java:72)
	at io.grpc.internal.ClientCallImpl$ClientStreamListenerImpl$1StreamClosed.runInternal(ClientCallImpl.java:742)
	at io.grpc.internal.ClientCallImpl$ClientStreamListenerImpl$1StreamClosed.runInContext(ClientCallImpl.java:723)
	at io.grpc.internal.ContextRunnable.run(ContextRunnable.java:37)
	at io.grpc.internal.SerializingExecutor.run(SerializingExecutor.java:133)
	at java.base/java.util.concurrent.ThreadPoolExecutor.runWorker(ThreadPoolExecutor.java:1136)
	at java.base/java.util.concurrent.ThreadPoolExecutor$Worker.run(ThreadPoolExecutor.java:635)
	at java.base/java.lang.Thread.run(Thread.java:840)
2025-04-09-01:56:44.220 [takserver-grpc-0] DEBUG tak.server.federation.TakFigClient - status: Status{code=UNAVAILABLE, description=Channel shutdownNow invoked, cause=null} Channel shutdownNow invoked
2025-04-09-01:56:44.222 [takserver-grpc-0] DEBUG tak.server.federation.TakFigClient - processing disconnect for FIG federate TakFigClient [clientName=TAK1, clientUid=31b4d611dc624a4f88a03a2b21d6ada7, federateSubscription=FederateSubscription [Subscription -- 
handler: FIG channel handler ConnectionInfo [connectionId=31b4d611dc624a4f88a03a2b21d6ada7, nodeId=879c404c-8976-4389-b148-31030254e88c, port=9001, address=35.209.26.203, tls=true, input=null, cert=[
[
  Version: V3
  Subject: CN=takserver, OU=US-ARMY-UNIT-1, O=LENSS, L=CSTAT, ST=TX, C=US
  Signature Algorithm: SHA256withRSA, OID = 1.2.840.113549.1.1.11

  Key:  Sun RSA public key, 2048 bits
  params: null
  modulus: 29852326491948947443685056549540265809978564987299138419452958936906142481820093733042758929479499023302757731284913434034738627483826875967266284746938739927900116128861756281212171746271198355280998356791445936621562874454790433951724425815680278104013065965851641514976256461495523722833154375398824664129266188060509185374109838362330953482561288103342429903653022399116935104806115137239892415831706555340156629328896990128797657482920919867114297965880888175063608638873777481320289491982039521421807231679194306066504075664820160985775145349829470253565996930710363933516621183861338044512473724066228112796591
  public exponent: 65537
  Validity: [From: Wed Feb 12 12:26:32 CST 2025,
               To: Fri Feb 12 12:26:32 CST 2027]
  Issuer: CN=TAK-ID-CA-01, OU=US-ARMY-UNIT-1, O=LENSS, L=CSTAT, ST=TX, C=US
  SerialNumber: 00:a2:6e:60:c5:d7:1a:65:b6

Certificate Extensions: 6
[1]: ObjectId: 2.5.29.35 Criticality=false
AuthorityKeyIdentifier [
KeyIdentifier [
0000: 1E D4 FC 83 3A E2 25 93   A9 DB 5A B1 8F 6E 62 59  ....:.%...Z..nbY
0010: DE EC 64 A8                                        ..d.
]
]

[2]: ObjectId: 2.5.29.19 Criticality=true
BasicConstraints:[
  CA:false
  PathLen: undefined
]

[3]: ObjectId: 2.5.29.37 Criticality=true
ExtendedKeyUsages [
  clientAuth
  serverAuth
]

[4]: ObjectId: 2.5.29.15 Criticality=true
KeyUsage [
  DigitalSignature
  Key_Encipherment
]

[5]: ObjectId: 2.5.29.17 Criticality=false
SubjectAlternativeName [
  DNSName: takserver
]

[6]: ObjectId: 2.5.29.14 Criticality=false
SubjectKeyIdentifier [
KeyIdentifier [
0000: B4 40 68 9A C8 8E E5 ED   7D 0C D3 65 56 17 71 E2  .@h........eV.q.
0010: E1 63 DB 42                                        .c.B
]
]

]
  Algorithm: [SHA256withRSA]
  Signature:
0000: C1 55 C5 BD CE 36 48 0E   99 BD 8A BA 2C 3E D8 AF  .U...6H.....,>..
0010: 91 13 AF 71 DE 78 36 D8   A8 E6 53 3D D6 B4 D2 E2  ...q.x6...S=....
0020: 73 ED AC CB F5 38 50 32   F9 E3 3E D5 31 E3 82 D3  s....8P2..>.1...
0030: 8A 67 6B F5 B7 E3 0A 5D   DC 10 8D B0 86 80 FB FF  .gk....]........
0040: DD 2B 5C ED D0 66 59 7F   38 50 6E A8 29 AB CE 17  .+\..fY.8Pn.)...
0050: 1C BA EE 77 DB F3 C7 20   13 52 E9 13 4D 42 0C A5  ...w... .R..MB..
0060: A2 6E 48 25 03 2C 40 2D   46 9F E9 68 92 35 29 D8  .nH%.,@-F..h.5).
0070: B5 02 8A 72 01 5F 3E BA   C0 1A 64 1A 0F 25 AC D0  ...r._>...d..%..
0080: DF AF C6 E9 AC 55 86 62   BA 46 66 78 51 6C B2 D3  .....U.b.FfxQl..
0090: F1 F5 D9 DD 0F BD 11 1F   1A 9B E3 50 84 AF 0F 85  ...........P....
00A0: 1F 3D 7D 0C 52 5A F4 91   AD 06 79 4D E1 29 2C 49  .=..RZ....yM.),I
00B0: 24 21 28 9A 31 C7 4F A1   6F C8 3A 19 51 8F E3 F1  $!(.1.O.o.:.Q...
00C0: 05 A2 2D 96 B0 A6 82 19   0A 6E 37 18 6D 30 85 4F  ..-......n7.m0.O
00D0: 8A 5C BB 24 27 90 F0 5D   94 7A 88 53 75 C1 02 93  .\.$'..].z.Su...
00E0: C1 59 D9 38 97 96 C7 E5   71 57 8B 67 D4 28 D9 11  .Y.8....qW.g.(..
00F0: B6 91 CC EC 64 68 DB 3A   CF 0D DC 2A BE 21 6F 39  ....dh.:...*.!o9

], caCert=null, id=1, client=true, readCount=0, processedCount=0] 
xpath: null user: FederateUser [federateConfig=com.bbn.marti.config.Federation$Federate@305a058e, id=F8:BF:BA:84:C8:CB:18:27:80:87:2D:B7:CE:B4:31:EC:E0:FC:1F:AE:1A:72:9C:21:B8:05:99:40:95:06:7D:F6, connectionId=31b4d611dc624a4f88a03a2b21d6ada7, connectionType=FEDERATE, address=35.209.26.203, getDisplayName()=TAK1]], config=com.bbn.marti.config.Federation@32106bca, serverLastHealth=2025-04-09T01:56:43.794-05:00] cause Connection is disabled, check Enable Connection
2025-04-09-01:56:44.271 [takserver-grpc-0] DEBUG tak.server.federation.TakFigClient - Connection failure to v2 federate TAK1 - schedule retry: false - status: ConnectionStatus [connection=ConnectionInfo [connectionId=31b4d611dc624a4f88a03a2b21d6ada7, nodeId=879c404c-8976-4389-b148-31030254e88c, port=9001, address=35.209.26.203, tls=true, input=null, cert=[
[
  Version: V3
  Subject: CN=takserver, OU=US-ARMY-UNIT-1, O=LENSS, L=CSTAT, ST=TX, C=US
  Signature Algorithm: SHA256withRSA, OID = 1.2.840.113549.1.1.11

  Key:  Sun RSA public key, 2048 bits
  params: null
  modulus: 29852326491948947443685056549540265809978564987299138419452958936906142481820093733042758929479499023302757731284913434034738627483826875967266284746938739927900116128861756281212171746271198355280998356791445936621562874454790433951724425815680278104013065965851641514976256461495523722833154375398824664129266188060509185374109838362330953482561288103342429903653022399116935104806115137239892415831706555340156629328896990128797657482920919867114297965880888175063608638873777481320289491982039521421807231679194306066504075664820160985775145349829470253565996930710363933516621183861338044512473724066228112796591
  public exponent: 65537
  Validity: [From: Wed Feb 12 12:26:32 CST 2025,
               To: Fri Feb 12 12:26:32 CST 2027]
  Issuer: CN=TAK-ID-CA-01, OU=US-ARMY-UNIT-1, O=LENSS, L=CSTAT, ST=TX, C=US
  SerialNumber: 00:a2:6e:60:c5:d7:1a:65:b6

Certificate Extensions: 6
[1]: ObjectId: 2.5.29.35 Criticality=false
AuthorityKeyIdentifier [
KeyIdentifier [
0000: 1E D4 FC 83 3A E2 25 93   A9 DB 5A B1 8F 6E 62 59  ....:.%...Z..nbY
0010: DE EC 64 A8                                        ..d.
]
]

[2]: ObjectId: 2.5.29.19 Criticality=true
BasicConstraints:[
  CA:false
  PathLen: undefined
]

[3]: ObjectId: 2.5.29.37 Criticality=true
ExtendedKeyUsages [
  clientAuth
  serverAuth
]

[4]: ObjectId: 2.5.29.15 Criticality=true
KeyUsage [
  DigitalSignature
  Key_Encipherment
]

[5]: ObjectId: 2.5.29.17 Criticality=false
SubjectAlternativeName [
  DNSName: takserver
]

[6]: ObjectId: 2.5.29.14 Criticality=false
SubjectKeyIdentifier [
KeyIdentifier [
0000: B4 40 68 9A C8 8E E5 ED   7D 0C D3 65 56 17 71 E2  .@h........eV.q.
0010: E1 63 DB 42                                        .c.B
]
]

]
  Algorithm: [SHA256withRSA]
  Signature:
0000: C1 55 C5 BD CE 36 48 0E   99 BD 8A BA 2C 3E D8 AF  .U...6H.....,>..
0010: 91 13 AF 71 DE 78 36 D8   A8 E6 53 3D D6 B4 D2 E2  ...q.x6...S=....
0020: 73 ED AC CB F5 38 50 32   F9 E3 3E D5 31 E3 82 D3  s....8P2..>.1...
0030: 8A 67 6B F5 B7 E3 0A 5D   DC 10 8D B0 86 80 FB FF  .gk....]........
0040: DD 2B 5C ED D0 66 59 7F   38 50 6E A8 29 AB CE 17  .+\..fY.8Pn.)...
0050: 1C BA EE 77 DB F3 C7 20   13 52 E9 13 4D 42 0C A5  ...w... .R..MB..
0060: A2 6E 48 25 03 2C 40 2D   46 9F E9 68 92 35 29 D8  .nH%.,@-F..h.5).
0070: B5 02 8A 72 01 5F 3E BA   C0 1A 64 1A 0F 25 AC D0  ...r._>...d..%..
0080: DF AF C6 E9 AC 55 86 62   BA 46 66 78 51 6C B2 D3  .....U.b.FfxQl..
0090: F1 F5 D9 DD 0F BD 11 1F   1A 9B E3 50 84 AF 0F 85  ...........P....
00A0: 1F 3D 7D 0C 52 5A F4 91   AD 06 79 4D E1 29 2C 49  .=..RZ....yM.),I
00B0: 24 21 28 9A 31 C7 4F A1   6F C8 3A 19 51 8F E3 F1  $!(.1.O.o.:.Q...
00C0: 05 A2 2D 96 B0 A6 82 19   0A 6E 37 18 6D 30 85 4F  ..-......n7.m0.O
00D0: 8A 5C BB 24 27 90 F0 5D   94 7A 88 53 75 C1 02 93  .\.$'..].z.Su...
00E0: C1 59 D9 38 97 96 C7 E5   71 57 8B 67 D4 28 D9 11  .Y.8....qW.g.(..
00F0: B6 91 CC EC 64 68 DB 3A   CF 0D DC 2A BE 21 6F 39  ....dh.:...*.!o9

], caCert=null, id=1, client=true, readCount=0, processedCount=0], federate=takserver:TAK-ID-CA-01, lastError=Connection is disabled, check Enable Connection, connectionStatusValue=DISABLED] cause Connection is disabled, check Enable Connection
2025-04-09-01:56:45.407 [pool-16-thread-1] DEBUG t.server.federation.FederationServer - Running inactivity check for 0 client streams
2025-04-09-01:56:46.512 [svc-#78] INFO tak.server.federation.TakFigClient - client name: TAK1
2025-04-09-01:56:46.594 [svc-#78] WARN com.bbn.marti.service.SSLConfig - TLS enabled, but no certificate revocation lists, and OSCP is not enabled in Core Config!
2025-04-09-01:56:46.594 [svc-#78] DEBUG tak.server.federation.TakFigClient - Trust managers: 1
2025-04-09-01:56:46.597 [svc-#78] DEBUG tak.server.federation.TakFigClient - init TakFigClient
2025-04-09-01:56:46.597 [svc-#78] DEBUG t.s.f.DistributedFederationManager - exception initiating outgoing FIG federate connection FederationOutgoing [displayName=TAK1, address=35.209.26.203, port=9001, enabled=true, reconnectInterval=30, fallback= nullmaxRetries= unlimited] Cannot invoke "com.bbn.marti.config.Federation$Federate.getMaxHops()" because the return value of "tak.server.federation.TakFigClient.getFederate()" is null
java.lang.NullPointerException: Cannot invoke "com.bbn.marti.config.Federation$Federate.getMaxHops()" because the return value of "tak.server.federation.TakFigClient.getFederate()" is null
	at tak.server.federation.TakFigClient.init(TakFigClient.java:1068)
	at tak.server.federation.TakFigClient.start(TakFigClient.java:516)
	at tak.server.federation.DistributedFederationManager.initiateOutgoing(DistributedFederationManager.java:441)
	at tak.server.federation.DistributedFederationManager.enableOutgoing(DistributedFederationManager.java:1318)
	at java.base/jdk.internal.reflect.NativeMethodAccessorImpl.invoke0(Native Method)
	at java.base/jdk.internal.reflect.NativeMethodAccessorImpl.invoke(NativeMethodAccessorImpl.java:77)
	at java.base/jdk.internal.reflect.DelegatingMethodAccessorImpl.invoke(DelegatingMethodAccessorImpl.java:43)
	at java.base/java.lang.reflect.Method.invoke(Method.java:569)
	at org.apache.ignite.internal.processors.service.GridServiceProxy.callServiceMethod(GridServiceProxy.java:335)
	at org.apache.ignite.internal.processors.service.GridServiceProxy.access$300(GridServiceProxy.java:72)
	at org.apache.ignite.internal.processors.service.GridServiceProxy$ServiceProxyCallable.callOrdinaryService(GridServiceProxy.java:614)
	at org.apache.ignite.internal.processors.service.GridServiceProxy$ServiceProxyCallable.callService(GridServiceProxy.java:592)
	at org.apache.ignite.internal.processors.service.GridServiceProxy$ServiceProxyCallable.call(GridServiceProxy.java:582)
	at org.apache.ignite.internal.processors.service.GridServiceProxy$ServiceProxyCallable.call(GridServiceProxy.java:518)
	at org.apache.ignite.internal.processors.closure.GridClosureProcessor$C2.execute(GridClosureProcessor.java:1694)
	at org.apache.ignite.internal.processors.job.GridJobWorker$1.call(GridJobWorker.java:628)
	at org.apache.ignite.internal.util.IgniteUtils.wrapThreadLoader(IgniteUtils.java:7431)
	at org.apache.ignite.internal.processors.job.GridJobWorker.execute0(GridJobWorker.java:622)
	at org.apache.ignite.internal.processors.job.GridJobWorker.body(GridJobWorker.java:547)
	at org.apache.ignite.internal.util.worker.GridWorker.run(GridWorker.java:125)
	at org.apache.ignite.internal.processors.job.GridJobProcessor.processJobExecuteRequest(GridJobProcessor.java:1440)
	at org.apache.ignite.internal.processors.job.GridJobProcessor$JobExecutionListener.onMessage(GridJobProcessor.java:2222)
	at org.apache.ignite.internal.managers.communication.GridIoManager.invokeListener(GridIoManager.java:1907)
	at org.apache.ignite.internal.managers.communication.GridIoManager.processRegularMessage0(GridIoManager.java:1528)
	at org.apache.ignite.internal.managers.communication.GridIoManager.access$5300(GridIoManager.java:243)
	at org.apache.ignite.internal.managers.communication.GridIoManager$9.execute(GridIoManager.java:1421)
	at org.apache.ignite.internal.managers.communication.TraceRunnable.run(TraceRunnable.java:55)
	at java.base/java.util.concurrent.ThreadPoolExecutor.runWorker(ThreadPoolExecutor.java:1136)
	at java.base/java.util.concurrent.ThreadPoolExecutor$Worker.run(ThreadPoolExecutor.java:635)
	at java.base/java.lang.Thread.run(Thread.java:840)
2025-04-09-01:56:46.701 [takserver-grpc-0] DEBUG tak.server.federation.TakFigClient - received error notification from server cause Unable to establish trusted connection, ensure that correct CA public key ca.pem for federate is loaded in Federate Certificate Authorities
io.grpc.StatusRuntimeException: UNAVAILABLE: io exception
Channel Pipeline: [SslHandler#0, FigProtocolNegotiator$FigClientBufferUntilTlsNegotiatedHandler#0, WriteBufferingAndExceptionHandler#0, DefaultChannelPipeline$TailContext#0]
	at io.grpc.Status.asRuntimeException(Status.java:537)
	at io.grpc.stub.ClientCalls$StreamObserverToCallListenerAdapter.onClose(ClientCalls.java:481)
	at io.grpc.internal.DelayedClientCall$DelayedListener$3.run(DelayedClientCall.java:489)
	at io.grpc.internal.DelayedClientCall$DelayedListener.delayOrExecute(DelayedClientCall.java:453)
	at io.grpc.internal.DelayedClientCall$DelayedListener.onClose(DelayedClientCall.java:486)
	at io.grpc.internal.ClientCallImpl.closeObserver(ClientCallImpl.java:574)
	at io.grpc.internal.ClientCallImpl.access$300(ClientCallImpl.java:72)
	at io.grpc.internal.ClientCallImpl$ClientStreamListenerImpl$1StreamClosed.runInternal(ClientCallImpl.java:742)
	at io.grpc.internal.ClientCallImpl$ClientStreamListenerImpl$1StreamClosed.runInContext(ClientCallImpl.java:723)
	at io.grpc.internal.ContextRunnable.run(ContextRunnable.java:37)
	at io.grpc.internal.SerializingExecutor.run(SerializingExecutor.java:133)
	at java.base/java.util.concurrent.ThreadPoolExecutor.runWorker(ThreadPoolExecutor.java:1136)
	at java.base/java.util.concurrent.ThreadPoolExecutor$Worker.run(ThreadPoolExecutor.java:635)
	at java.base/java.lang.Thread.run(Thread.java:840)
Caused by: javax.net.ssl.SSLHandshakeException: General OpenSslEngine problem
	at io.netty.handler.ssl.ReferenceCountedOpenSslEngine.handshakeException(ReferenceCountedOpenSslEngine.java:1953)
	at io.netty.handler.ssl.ReferenceCountedOpenSslEngine.wrap(ReferenceCountedOpenSslEngine.java:860)
	at java.base/javax.net.ssl.SSLEngine.wrap(SSLEngine.java:564)
	at io.netty.handler.ssl.SslHandler.wrap(SslHandler.java:1130)
	at io.netty.handler.ssl.SslHandler.wrapNonAppData(SslHandler.java:974)
	at io.netty.handler.ssl.SslHandler.unwrap(SslHandler.java:1507)
	at io.netty.handler.ssl.SslHandler.decodeJdkCompatible(SslHandler.java:1334)
	at io.netty.handler.ssl.SslHandler.decode(SslHandler.java:1383)
	at io.netty.handler.codec.ByteToMessageDecoder.decodeRemovalReentryProtection(ByteToMessageDecoder.java:529)
	at io.netty.handler.codec.ByteToMessageDecoder.callDecode(ByteToMessageDecoder.java:468)
	at io.netty.handler.codec.ByteToMessageDecoder.channelRead(ByteToMessageDecoder.java:290)
	at io.netty.channel.AbstractChannelHandlerContext.invokeChannelRead(AbstractChannelHandlerContext.java:444)
	at io.netty.channel.AbstractChannelHandlerContext.invokeChannelRead(AbstractChannelHandlerContext.java:420)
	at io.netty.channel.AbstractChannelHandlerContext.fireChannelRead(AbstractChannelHandlerContext.java:412)
	at io.netty.channel.DefaultChannelPipeline$HeadContext.channelRead(DefaultChannelPipeline.java:1410)
	at io.netty.channel.AbstractChannelHandlerContext.invokeChannelRead(AbstractChannelHandlerContext.java:440)
	at io.netty.channel.AbstractChannelHandlerContext.invokeChannelRead(AbstractChannelHandlerContext.java:420)
	at io.netty.channel.DefaultChannelPipeline.fireChannelRead(DefaultChannelPipeline.java:919)
	at io.netty.channel.nio.AbstractNioByteChannel$NioByteUnsafe.read(AbstractNioByteChannel.java:166)
	at io.netty.channel.nio.NioEventLoop.processSelectedKey(NioEventLoop.java:788)
	at io.netty.channel.nio.NioEventLoop.processSelectedKeysOptimized(NioEventLoop.java:724)
	at io.netty.channel.nio.NioEventLoop.processSelectedKeys(NioEventLoop.java:650)
	at io.netty.channel.nio.NioEventLoop.run(NioEventLoop.java:562)
	at io.netty.util.concurrent.SingleThreadEventExecutor$4.run(SingleThreadEventExecutor.java:997)
	at io.netty.util.internal.ThreadExecutorMap$2.run(ThreadExecutorMap.java:74)
	... 1 common frames omitted
Caused by: sun.security.validator.ValidatorException: PKIX path building failed: sun.security.provider.certpath.SunCertPathBuilderException: unable to find valid certification path to requested target
	at java.base/sun.security.validator.PKIXValidator.doBuild(PKIXValidator.java:439)
	at java.base/sun.security.validator.PKIXValidator.engineValidate(PKIXValidator.java:306)
	at java.base/sun.security.validator.Validator.validate(Validator.java:264)
	at java.base/sun.security.ssl.X509TrustManagerImpl.checkTrusted(X509TrustManagerImpl.java:242)
	at java.base/sun.security.ssl.X509TrustManagerImpl.checkClientTrusted(X509TrustManagerImpl.java:107)
	at io.netty.handler.ssl.EnhancingX509ExtendedTrustManager.checkClientTrusted(EnhancingX509ExtendedTrustManager.java:78)
	at io.netty.handler.ssl.ReferenceCountedOpenSslClientContext$ExtendedTrustManagerVerifyCallback.verify(ReferenceCountedOpenSslClientContext.java:243)
	at io.netty.handler.ssl.ReferenceCountedOpenSslContext$AbstractCertificateVerifier.verify(ReferenceCountedOpenSslContext.java:790)
	at io.netty.internal.tcnative.CertificateVerifierTask.runTask(CertificateVerifierTask.java:36)
	at io.netty.internal.tcnative.SSLTask.run(SSLTask.java:48)
	at io.netty.internal.tcnative.SSLTask.run(SSLTask.java:42)
	at io.netty.handler.ssl.ReferenceCountedOpenSslEngine.runAndResetNeedTask(ReferenceCountedOpenSslEngine.java:1542)
	at io.netty.handler.ssl.ReferenceCountedOpenSslEngine$TaskDecorator.run(ReferenceCountedOpenSslEngine.java:1517)
	at io.netty.handler.ssl.SslHandler.runDelegatedTasks(SslHandler.java:1647)
	at io.netty.handler.ssl.SslHandler.unwrap(SslHandler.java:1493)
	... 20 common frames omitted
Caused by: sun.security.provider.certpath.SunCertPathBuilderException: unable to find valid certification path to requested target
	at java.base/sun.security.provider.certpath.SunCertPathBuilder.build(SunCertPathBuilder.java:148)
	at java.base/sun.security.provider.certpath.SunCertPathBuilder.engineBuild(SunCertPathBuilder.java:129)
	at java.base/java.security.cert.CertPathBuilder.build(CertPathBuilder.java:297)
	at java.base/sun.security.validator.PKIXValidator.doBuild(PKIXValidator.java:434)
	... 34 common frames omitted
2025-04-09-01:56:46.701 [takserver-grpc-0] DEBUG tak.server.federation.TakFigClient - status: Status{code=UNAVAILABLE, description=io exception
Channel Pipeline: [SslHandler#0, FigProtocolNegotiator$FigClientBufferUntilTlsNegotiatedHandler#0, WriteBufferingAndExceptionHandler#0, DefaultChannelPipeline$TailContext#0], cause=javax.net.ssl.SSLHandshakeException: General OpenSslEngine problem
	at io.netty.handler.ssl.ReferenceCountedOpenSslEngine.handshakeException(ReferenceCountedOpenSslEngine.java:1953)
	at io.netty.handler.ssl.ReferenceCountedOpenSslEngine.wrap(ReferenceCountedOpenSslEngine.java:860)
	at java.base/javax.net.ssl.SSLEngine.wrap(SSLEngine.java:564)
	at io.netty.handler.ssl.SslHandler.wrap(SslHandler.java:1130)
	at io.netty.handler.ssl.SslHandler.wrapNonAppData(SslHandler.java:974)
	at io.netty.handler.ssl.SslHandler.unwrap(SslHandler.java:1507)
	at io.netty.handler.ssl.SslHandler.decodeJdkCompatible(SslHandler.java:1334)
	at io.netty.handler.ssl.SslHandler.decode(SslHandler.java:1383)
	at io.netty.handler.codec.ByteToMessageDecoder.decodeRemovalReentryProtection(ByteToMessageDecoder.java:529)
	at io.netty.handler.codec.ByteToMessageDecoder.callDecode(ByteToMessageDecoder.java:468)
	at io.netty.handler.codec.ByteToMessageDecoder.channelRead(ByteToMessageDecoder.java:290)
	at io.netty.channel.AbstractChannelHandlerContext.invokeChannelRead(AbstractChannelHandlerContext.java:444)
	at io.netty.channel.AbstractChannelHandlerContext.invokeChannelRead(AbstractChannelHandlerContext.java:420)
	at io.netty.channel.AbstractChannelHandlerContext.fireChannelRead(AbstractChannelHandlerContext.java:412)
	at io.netty.channel.DefaultChannelPipeline$HeadContext.channelRead(DefaultChannelPipeline.java:1410)
	at io.netty.channel.AbstractChannelHandlerContext.invokeChannelRead(AbstractChannelHandlerContext.java:440)
	at io.netty.channel.AbstractChannelHandlerContext.invokeChannelRead(AbstractChannelHandlerContext.java:420)
	at io.netty.channel.DefaultChannelPipeline.fireChannelRead(DefaultChannelPipeline.java:919)
	at io.netty.channel.nio.AbstractNioByteChannel$NioByteUnsafe.read(AbstractNioByteChannel.java:166)
	at io.netty.channel.nio.NioEventLoop.processSelectedKey(NioEventLoop.java:788)
	at io.netty.channel.nio.NioEventLoop.processSelectedKeysOptimized(NioEventLoop.java:724)
	at io.netty.channel.nio.NioEventLoop.processSelectedKeys(NioEventLoop.java:650)
	at io.netty.channel.nio.NioEventLoop.run(NioEventLoop.java:562)
	at io.netty.util.concurrent.SingleThreadEventExecutor$4.run(SingleThreadEventExecutor.java:997)
	at io.netty.util.internal.ThreadExecutorMap$2.run(ThreadExecutorMap.java:74)
	at java.base/java.lang.Thread.run(Thread.java:840)
Caused by: sun.security.validator.ValidatorException: PKIX path building failed: sun.security.provider.certpath.SunCertPathBuilderException: unable to find valid certification path to requested target
	at java.base/sun.security.validator.PKIXValidator.doBuild(PKIXValidator.java:439)
	at java.base/sun.security.validator.PKIXValidator.engineValidate(PKIXValidator.java:306)
	at java.base/sun.security.validator.Validator.validate(Validator.java:264)
	at java.base/sun.security.ssl.X509TrustManagerImpl.checkTrusted(X509TrustManagerImpl.java:242)
	at java.base/sun.security.ssl.X509TrustManagerImpl.checkClientTrusted(X509TrustManagerImpl.java:107)
	at io.netty.handler.ssl.EnhancingX509ExtendedTrustManager.checkClientTrusted(EnhancingX509ExtendedTrustManager.java:78)
	at io.netty.handler.ssl.ReferenceCountedOpenSslClientContext$ExtendedTrustManagerVerifyCallback.verify(ReferenceCountedOpenSslClientContext.java:243)
	at io.netty.handler.ssl.ReferenceCountedOpenSslContext$AbstractCertificateVerifier.verify(ReferenceCountedOpenSslContext.java:790)
	at io.netty.internal.tcnative.CertificateVerifierTask.runTask(CertificateVerifierTask.java:36)
	at io.netty.internal.tcnative.SSLTask.run(SSLTask.java:48)
	at io.netty.internal.tcnative.SSLTask.run(SSLTask.java:42)
	at io.netty.handler.ssl.ReferenceCountedOpenSslEngine.runAndResetNeedTask(ReferenceCountedOpenSslEngine.java:1542)
	at io.netty.handler.ssl.ReferenceCountedOpenSslEngine$TaskDecorator.run(ReferenceCountedOpenSslEngine.java:1517)
	at io.netty.handler.ssl.SslHandler.runDelegatedTasks(SslHandler.java:1647)
	at io.netty.handler.ssl.SslHandler.unwrap(SslHandler.java:1493)
	... 20 more
Caused by: sun.security.provider.certpath.SunCertPathBuilderException: unable to find valid certification path to requested target
	at java.base/sun.security.provider.certpath.SunCertPathBuilder.build(SunCertPathBuilder.java:148)
	at java.base/sun.security.provider.certpath.SunCertPathBuilder.engineBuild(SunCertPathBuilder.java:129)
	at java.base/java.security.cert.CertPathBuilder.build(CertPathBuilder.java:297)
	at java.base/sun.security.validator.PKIXValidator.doBuild(PKIXValidator.java:434)
	... 34 more
} io exception
Channel Pipeline: [SslHandler#0, FigProtocolNegotiator$FigClientBufferUntilTlsNegotiatedHandler#0, WriteBufferingAndExceptionHandler#0, DefaultChannelPipeline$TailContext#0]
2025-04-09-01:56:46.702 [takserver-grpc-0] DEBUG tak.server.federation.TakFigClient - processing disconnect for FIG federate TakFigClient [clientName=TAK1, clientUid=2483448c1e884f87834c9492f5f91a56, federateSubscription=null, config=com.bbn.marti.config.Federation@76f1a475, serverLastHealth=null] cause Unable to establish trusted connection, ensure that correct CA public key ca.pem for federate is loaded in Federate Certificate Authorities
2025-04-09-01:56:46.703 [takserver-grpc-0] DEBUG tak.server.federation.TakFigClient - Connection failure to v2 federate TAK1 - schedule retry: true - status: ConnectionStatus [connection=ConnectionInfo [connectionId=2483448c1e884f87834c9492f5f91a56, nodeId=879c404c-8976-4389-b148-31030254e88c, port=9001, address=35.209.26.203, tls=true, input=null, cert=null, caCert=null, id=2, client=true, readCount=0, processedCount=0], federate=takserver:TAK-ID-CA-01, lastError=Unable to establish trusted connection, ensure that correct CA public key ca.pem for federate is loaded in Federate Certificate Authorities, connectionStatusValue=CONNECTING] cause Unable to establish trusted connection, ensure that correct CA public key ca.pem for federate is loaded in Federate Certificate Authorities
2025-04-09-01:56:47.793 [pool-20-thread-1] DEBUG t.server.federation.FederationServer - Running inactivity check for 0 client streams
2025-04-09-01:56:50.407 [pool-16-thread-1] DEBUG t.server.federation.FederationServer - Running inactivity check for 0 client streams
2025-04-09-01:56:52.792 [pool-20-thread-1] DEBUG t.server.federation.FederationServer - Running inactivity check for 0 client streams
2025-04-09-01:56:55.407 [pool-16-thread-1] DEBUG t.server.federation.FederationServer - Running inactivity check for 0 client streams
2025-04-09-01:56:57.793 [pool-20-thread-1] DEBUG t.server.federation.FederationServer - Running inactivity check for 0 client streams
2025-04-09-01:57:00.407 [pool-16-thread-1] DEBUG t.server.federation.FederationServer - Running inactivity check for 0 client streams
2025-04-09-01:57:02.792 [pool-20-thread-1] DEBUG t.server.federation.FederationServer - Running inactivity check for 0 client streams
2025-04-09-01:57:05.407 [pool-16-thread-1] DEBUG t.server.federation.FederationServer - Running inactivity check for 0 client streams
2025-04-09-01:57:07.792 [pool-20-thread-1] DEBUG t.server.federation.FederationServer - Running inactivity check for 0 client streams
2025-04-09-01:57:10.407 [pool-16-thread-1] DEBUG t.server.federation.FederationServer - Running inactivity check for 0 client streams
2025-04-09-01:57:12.793 [pool-20-thread-1] DEBUG t.server.federation.FederationServer - Running inactivity check for 0 client streams
2025-04-09-01:57:15.407 [pool-16-thread-1] DEBUG t.server.federation.FederationServer - Running inactivity check for 0 client streams
2025-04-09-01:57:16.704 [takserver-scheduled-0] WARN t.s.f.DistributedFederationManager - trying to reconnect outgoing TAK1 for the 1th time.
2025-04-09-01:57:16.704 [takserver-scheduled-0] INFO tak.server.federation.TakFigClient - client name: TAK1
2025-04-09-01:57:16.788 [takserver-scheduled-0] WARN com.bbn.marti.service.SSLConfig - TLS enabled, but no certificate revocation lists, and OSCP is not enabled in Core Config!
2025-04-09-01:57:16.788 [takserver-scheduled-0] DEBUG tak.server.federation.TakFigClient - Trust managers: 1
2025-04-09-01:57:16.790 [takserver-scheduled-0] DEBUG tak.server.federation.TakFigClient - init TakFigClient
2025-04-09-01:57:16.790 [takserver-scheduled-0] DEBUG t.s.f.DistributedFederationManager - exception initiating outgoing FIG federate connection FederationOutgoing [displayName=TAK1, address=35.209.26.203, port=9001, enabled=true, reconnectInterval=30, fallback= nullmaxRetries= unlimited] Cannot invoke "com.bbn.marti.config.Federation$Federate.getMaxHops()" because the return value of "tak.server.federation.TakFigClient.getFederate()" is null
java.lang.NullPointerException: Cannot invoke "com.bbn.marti.config.Federation$Federate.getMaxHops()" because the return value of "tak.server.federation.TakFigClient.getFederate()" is null
	at tak.server.federation.TakFigClient.init(TakFigClient.java:1068)
	at tak.server.federation.TakFigClient.start(TakFigClient.java:516)
	at tak.server.federation.DistributedFederationManager.initiateOutgoing(DistributedFederationManager.java:441)
	at tak.server.federation.DistributedFederationManager$4.run(DistributedFederationManager.java:2224)
	at java.base/java.util.concurrent.Executors$RunnableAdapter.call(Executors.java:539)
	at java.base/java.util.concurrent.FutureTask.run(FutureTask.java:264)
	at java.base/java.util.concurrent.ScheduledThreadPoolExecutor$ScheduledFutureTask.run(ScheduledThreadPoolExecutor.java:304)
	at java.base/java.util.concurrent.ThreadPoolExecutor.runWorker(ThreadPoolExecutor.java:1136)
	at java.base/java.util.concurrent.ThreadPoolExecutor$Worker.run(ThreadPoolExecutor.java:635)
	at java.base/java.lang.Thread.run(Thread.java:840)
2025-04-09-01:57:16.821 [shutdown-hook] DEBUG t.s.f.DistributedFederationManager - DistributedFederationManager service cancelled
2025-04-09-01:57:16.875 [takserver-grpc-0] DEBUG tak.server.federation.TakFigClient - received error notification from server cause Unable to establish trusted connection, ensure that correct CA public key ca.pem for federate is loaded in Federate Certificate Authorities
io.grpc.StatusRuntimeException: UNAVAILABLE: io exception
Channel Pipeline: [SslHandler#0, FigProtocolNegotiator$FigClientBufferUntilTlsNegotiatedHandler#0, WriteBufferingAndExceptionHandler#0, DefaultChannelPipeline$TailContext#0]
	at io.grpc.Status.asRuntimeException(Status.java:537)
	at io.grpc.stub.ClientCalls$StreamObserverToCallListenerAdapter.onClose(ClientCalls.java:481)
	at io.grpc.internal.DelayedClientCall$DelayedListener$3.run(DelayedClientCall.java:489)
	at io.grpc.internal.DelayedClientCall$DelayedListener.delayOrExecute(DelayedClientCall.java:453)
	at io.grpc.internal.DelayedClientCall$DelayedListener.onClose(DelayedClientCall.java:486)
	at io.grpc.internal.ClientCallImpl.closeObserver(ClientCallImpl.java:574)
	at io.grpc.internal.ClientCallImpl.access$300(ClientCallImpl.java:72)
	at io.grpc.internal.ClientCallImpl$ClientStreamListenerImpl$1StreamClosed.runInternal(ClientCallImpl.java:742)
	at io.grpc.internal.ClientCallImpl$ClientStreamListenerImpl$1StreamClosed.runInContext(ClientCallImpl.java:723)
	at io.grpc.internal.ContextRunnable.run(ContextRunnable.java:37)
	at io.grpc.internal.SerializingExecutor.run(SerializingExecutor.java:133)
	at java.base/java.util.concurrent.ThreadPoolExecutor.runWorker(ThreadPoolExecutor.java:1136)
	at java.base/java.util.concurrent.ThreadPoolExecutor$Worker.run(ThreadPoolExecutor.java:635)
	at java.base/java.lang.Thread.run(Thread.java:840)
Caused by: javax.net.ssl.SSLHandshakeException: General OpenSslEngine problem
	at io.netty.handler.ssl.ReferenceCountedOpenSslEngine.handshakeException(ReferenceCountedOpenSslEngine.java:1953)
	at io.netty.handler.ssl.ReferenceCountedOpenSslEngine.wrap(ReferenceCountedOpenSslEngine.java:860)
	at java.base/javax.net.ssl.SSLEngine.wrap(SSLEngine.java:564)
	at io.netty.handler.ssl.SslHandler.wrap(SslHandler.java:1130)
	at io.netty.handler.ssl.SslHandler.wrapNonAppData(SslHandler.java:974)
	at io.netty.handler.ssl.SslHandler.unwrap(SslHandler.java:1507)
	at io.netty.handler.ssl.SslHandler.decodeJdkCompatible(SslHandler.java:1334)
	at io.netty.handler.ssl.SslHandler.decode(SslHandler.java:1383)
	at io.netty.handler.codec.ByteToMessageDecoder.decodeRemovalReentryProtection(ByteToMessageDecoder.java:529)
	at io.netty.handler.codec.ByteToMessageDecoder.callDecode(ByteToMessageDecoder.java:468)
	at io.netty.handler.codec.ByteToMessageDecoder.channelRead(ByteToMessageDecoder.java:290)
	at io.netty.channel.AbstractChannelHandlerContext.invokeChannelRead(AbstractChannelHandlerContext.java:444)
	at io.netty.channel.AbstractChannelHandlerContext.invokeChannelRead(AbstractChannelHandlerContext.java:420)
	at io.netty.channel.AbstractChannelHandlerContext.fireChannelRead(AbstractChannelHandlerContext.java:412)
	at io.netty.channel.DefaultChannelPipeline$HeadContext.channelRead(DefaultChannelPipeline.java:1410)
	at io.netty.channel.AbstractChannelHandlerContext.invokeChannelRead(AbstractChannelHandlerContext.java:440)
	at io.netty.channel.AbstractChannelHandlerContext.invokeChannelRead(AbstractChannelHandlerContext.java:420)
	at io.netty.channel.DefaultChannelPipeline.fireChannelRead(DefaultChannelPipeline.java:919)
	at io.netty.channel.nio.AbstractNioByteChannel$NioByteUnsafe.read(AbstractNioByteChannel.java:166)
	at io.netty.channel.nio.NioEventLoop.processSelectedKey(NioEventLoop.java:788)
	at io.netty.channel.nio.NioEventLoop.processSelectedKeysOptimized(NioEventLoop.java:724)
	at io.netty.channel.nio.NioEventLoop.processSelectedKeys(NioEventLoop.java:650)
	at io.netty.channel.nio.NioEventLoop.run(NioEventLoop.java:562)
	at io.netty.util.concurrent.SingleThreadEventExecutor$4.run(SingleThreadEventExecutor.java:997)
	at io.netty.util.internal.ThreadExecutorMap$2.run(ThreadExecutorMap.java:74)
	... 1 common frames omitted
Caused by: sun.security.validator.ValidatorException: PKIX path building failed: sun.security.provider.certpath.SunCertPathBuilderException: unable to find valid certification path to requested target
	at java.base/sun.security.validator.PKIXValidator.doBuild(PKIXValidator.java:439)
	at java.base/sun.security.validator.PKIXValidator.engineValidate(PKIXValidator.java:306)
	at java.base/sun.security.validator.Validator.validate(Validator.java:264)
	at java.base/sun.security.ssl.X509TrustManagerImpl.checkTrusted(X509TrustManagerImpl.java:242)
	at java.base/sun.security.ssl.X509TrustManagerImpl.checkClientTrusted(X509TrustManagerImpl.java:107)
	at io.netty.handler.ssl.EnhancingX509ExtendedTrustManager.checkClientTrusted(EnhancingX509ExtendedTrustManager.java:78)
	at io.netty.handler.ssl.ReferenceCountedOpenSslClientContext$ExtendedTrustManagerVerifyCallback.verify(ReferenceCountedOpenSslClientContext.java:243)
	at io.netty.handler.ssl.ReferenceCountedOpenSslContext$AbstractCertificateVerifier.verify(ReferenceCountedOpenSslContext.java:790)
	at io.netty.internal.tcnative.CertificateVerifierTask.runTask(CertificateVerifierTask.java:36)
	at io.netty.internal.tcnative.SSLTask.run(SSLTask.java:48)
	at io.netty.internal.tcnative.SSLTask.run(SSLTask.java:42)
	at io.netty.handler.ssl.ReferenceCountedOpenSslEngine.runAndResetNeedTask(ReferenceCountedOpenSslEngine.java:1542)
	at io.netty.handler.ssl.ReferenceCountedOpenSslEngine$TaskDecorator.run(ReferenceCountedOpenSslEngine.java:1517)
	at io.netty.handler.ssl.SslHandler.runDelegatedTasks(SslHandler.java:1647)
	at io.netty.handler.ssl.SslHandler.unwrap(SslHandler.java:1493)
	... 20 common frames omitted
Caused by: sun.security.provider.certpath.SunCertPathBuilderException: unable to find valid certification path to requested target
	at java.base/sun.security.provider.certpath.SunCertPathBuilder.build(SunCertPathBuilder.java:148)
	at java.base/sun.security.provider.certpath.SunCertPathBuilder.engineBuild(SunCertPathBuilder.java:129)
	at java.base/java.security.cert.CertPathBuilder.build(CertPathBuilder.java:297)
	at java.base/sun.security.validator.PKIXValidator.doBuild(PKIXValidator.java:434)
	... 34 common frames omitted
2025-04-09-01:57:16.875 [takserver-grpc-0] DEBUG tak.server.federation.TakFigClient - status: Status{code=UNAVAILABLE, description=io exception
Channel Pipeline: [SslHandler#0, FigProtocolNegotiator$FigClientBufferUntilTlsNegotiatedHandler#0, WriteBufferingAndExceptionHandler#0, DefaultChannelPipeline$TailContext#0], cause=javax.net.ssl.SSLHandshakeException: General OpenSslEngine problem
	at io.netty.handler.ssl.ReferenceCountedOpenSslEngine.handshakeException(ReferenceCountedOpenSslEngine.java:1953)
	at io.netty.handler.ssl.ReferenceCountedOpenSslEngine.wrap(ReferenceCountedOpenSslEngine.java:860)
	at java.base/javax.net.ssl.SSLEngine.wrap(SSLEngine.java:564)
	at io.netty.handler.ssl.SslHandler.wrap(SslHandler.java:1130)
	at io.netty.handler.ssl.SslHandler.wrapNonAppData(SslHandler.java:974)
	at io.netty.handler.ssl.SslHandler.unwrap(SslHandler.java:1507)
	at io.netty.handler.ssl.SslHandler.decodeJdkCompatible(SslHandler.java:1334)
	at io.netty.handler.ssl.SslHandler.decode(SslHandler.java:1383)
	at io.netty.handler.codec.ByteToMessageDecoder.decodeRemovalReentryProtection(ByteToMessageDecoder.java:529)
	at io.netty.handler.codec.ByteToMessageDecoder.callDecode(ByteToMessageDecoder.java:468)
	at io.netty.handler.codec.ByteToMessageDecoder.channelRead(ByteToMessageDecoder.java:290)
	at io.netty.channel.AbstractChannelHandlerContext.invokeChannelRead(AbstractChannelHandlerContext.java:444)
	at io.netty.channel.AbstractChannelHandlerContext.invokeChannelRead(AbstractChannelHandlerContext.java:420)
	at io.netty.channel.AbstractChannelHandlerContext.fireChannelRead(AbstractChannelHandlerContext.java:412)
	at io.netty.channel.DefaultChannelPipeline$HeadContext.channelRead(DefaultChannelPipeline.java:1410)
	at io.netty.channel.AbstractChannelHandlerContext.invokeChannelRead(AbstractChannelHandlerContext.java:440)
	at io.netty.channel.AbstractChannelHandlerContext.invokeChannelRead(AbstractChannelHandlerContext.java:420)
	at io.netty.channel.DefaultChannelPipeline.fireChannelRead(DefaultChannelPipeline.java:919)
	at io.netty.channel.nio.AbstractNioByteChannel$NioByteUnsafe.read(AbstractNioByteChannel.java:166)
	at io.netty.channel.nio.NioEventLoop.processSelectedKey(NioEventLoop.java:788)
	at io.netty.channel.nio.NioEventLoop.processSelectedKeysOptimized(NioEventLoop.java:724)
	at io.netty.channel.nio.NioEventLoop.processSelectedKeys(NioEventLoop.java:650)
	at io.netty.channel.nio.NioEventLoop.run(NioEventLoop.java:562)
	at io.netty.util.concurrent.SingleThreadEventExecutor$4.run(SingleThreadEventExecutor.java:997)
	at io.netty.util.internal.ThreadExecutorMap$2.run(ThreadExecutorMap.java:74)
	at java.base/java.lang.Thread.run(Thread.java:840)
Caused by: sun.security.validator.ValidatorException: PKIX path building failed: sun.security.provider.certpath.SunCertPathBuilderException: unable to find valid certification path to requested target
	at java.base/sun.security.validator.PKIXValidator.doBuild(PKIXValidator.java:439)
	at java.base/sun.security.validator.PKIXValidator.engineValidate(PKIXValidator.java:306)
	at java.base/sun.security.validator.Validator.validate(Validator.java:264)
	at java.base/sun.security.ssl.X509TrustManagerImpl.checkTrusted(X509TrustManagerImpl.java:242)
	at java.base/sun.security.ssl.X509TrustManagerImpl.checkClientTrusted(X509TrustManagerImpl.java:107)
	at io.netty.handler.ssl.EnhancingX509ExtendedTrustManager.checkClientTrusted(EnhancingX509ExtendedTrustManager.java:78)
	at io.netty.handler.ssl.ReferenceCountedOpenSslClientContext$ExtendedTrustManagerVerifyCallback.verify(ReferenceCountedOpenSslClientContext.java:243)
	at io.netty.handler.ssl.ReferenceCountedOpenSslContext$AbstractCertificateVerifier.verify(ReferenceCountedOpenSslContext.java:790)
	at io.netty.internal.tcnative.CertificateVerifierTask.runTask(CertificateVerifierTask.java:36)
	at io.netty.internal.tcnative.SSLTask.run(SSLTask.java:48)
	at io.netty.internal.tcnative.SSLTask.run(SSLTask.java:42)
	at io.netty.handler.ssl.ReferenceCountedOpenSslEngine.runAndResetNeedTask(ReferenceCountedOpenSslEngine.java:1542)
	at io.netty.handler.ssl.ReferenceCountedOpenSslEngine$TaskDecorator.run(ReferenceCountedOpenSslEngine.java:1517)
	at io.netty.handler.ssl.SslHandler.runDelegatedTasks(SslHandler.java:1647)
	at io.netty.handler.ssl.SslHandler.unwrap(SslHandler.java:1493)
	... 20 more
Caused by: sun.security.provider.certpath.SunCertPathBuilderException: unable to find valid certification path to requested target
	at java.base/sun.security.provider.certpath.SunCertPathBuilder.build(SunCertPathBuilder.java:148)
	at java.base/sun.security.provider.certpath.SunCertPathBuilder.engineBuild(SunCertPathBuilder.java:129)
	at java.base/java.security.cert.CertPathBuilder.build(CertPathBuilder.java:297)
	at java.base/sun.security.validator.PKIXValidator.doBuild(PKIXValidator.java:434)
	... 34 more
} io exception
Channel Pipeline: [SslHandler#0, FigProtocolNegotiator$FigClientBufferUntilTlsNegotiatedHandler#0, WriteBufferingAndExceptionHandler#0, DefaultChannelPipeline$TailContext#0]
2025-04-09-02:02:59.741 [main] INFO tak.server.ServerConfiguration - Starting ServerConfiguration v5.2-RELEASE-16 using Java 17.0.14 with PID 462971 (/home/radu/Server/src/takserver-core/build/libs/takserver-core-5.2-RELEASE-16.war started by radu in /home/radu/Server/src/takserver-core/example)
2025-04-09-02:02:59.741 [main] DEBUG tak.server.ServerConfiguration - Running with Spring Boot v3.1.12, Spring v6.0.22
2025-04-09-02:02:59.742 [main] INFO tak.server.ServerConfiguration - The following 3 profiles are active: "plugins", "messaging", "duplicatelogs"
2025-04-09-02:03:09.926 [main] INFO tak.server.util.DataSourceUtils - 4 CPU cores detected. Postgres server maximum allowed connections value is 2100. The computed connection pool size is: 200
2025-04-09-02:03:11.014 [main] WARN org.hibernate.orm.deprecation - HHH90000025: PostgreSQLDialect does not need to be specified explicitly using 'hibernate.dialect' (remove the property setting and it will be selected by default)
2025-04-09-02:03:19.978 [main] DEBUG t.s.f.DistributedFederationManager - DistributedFederationManager constructor.
2025-04-09-02:03:19.999 [services-deployment-worker-#58] DEBUG t.s.f.DistributedFederationManager - init method DistributedFederationManager
2025-04-09-02:03:20.234 [services-deployment-worker-#58] WARN com.bbn.marti.service.SSLConfig - TLS enabled, but no certificate revocation lists, and OSCP is not enabled in Core Config!
2025-04-09-02:03:20.392 [service-#75] DEBUG t.s.f.DistributedFederationManager - execute method DistributedFederationManager
2025-04-09-02:03:31.115 [main] INFO c.b.m.sync.JDBCEnterpriseSyncService - file cache explicity disabled.
2025-04-09-02:03:31.120 [main] INFO c.b.marti.service.SubmissionService - input class type: Input
2025-04-09-02:03:31.120 [main] INFO c.b.marti.service.SubmissionService - Configuring network input com.bbn.marti.config.Input stdssl: 
2025-04-09-02:03:31.268 [main] WARN com.bbn.marti.service.SSLConfig - TLS enabled, but no certificate revocation lists, and OSCP is not enabled in Core Config!
2025-04-09-02:03:32.112 [Thread-5] INFO c.b.marti.nio.netty.NioNettyBuilder - Successfully Started Netty Server for TlsServerInitializer on Port 8089 with watermark WriteBufferWaterMark(low: 8192, high: 16384)
2025-04-09-02:03:32.591 [main] DEBUG t.s.f.DistributedFederationManager - federation enabled in config.
2025-04-09-02:03:32.592 [main] INFO t.s.f.DistributedFederationManager - not starting disabled v1 federation server.
2025-04-09-02:03:33.265 [main] INFO tak.server.federation.TakFigClient - client name: TAK1
2025-04-09-02:03:33.372 [main] WARN com.bbn.marti.service.SSLConfig - TLS enabled, but no certificate revocation lists, and OSCP is not enabled in Core Config!
2025-04-09-02:03:33.375 [main] DEBUG tak.server.federation.TakFigClient - Trust managers: 1
2025-04-09-02:03:33.858 [main] DEBUG tak.server.federation.TakFigClient - init TakFigClient
2025-04-09-02:03:33.971 [main] DEBUG t.s.f.DistributedFederationManager - exception initiating outgoing FIG federate connection FederationOutgoing [displayName=TAK1, address=35.209.26.203, port=9001, enabled=true, reconnectInterval=30, fallback= nullmaxRetries= unlimited] Cannot invoke "com.bbn.marti.config.Federation$Federate.getMaxHops()" because the return value of "tak.server.federation.TakFigClient.getFederate()" is null
java.lang.NullPointerException: Cannot invoke "com.bbn.marti.config.Federation$Federate.getMaxHops()" because the return value of "tak.server.federation.TakFigClient.getFederate()" is null
	at tak.server.federation.TakFigClient.init(TakFigClient.java:1068)
	at tak.server.federation.TakFigClient.start(TakFigClient.java:516)
	at tak.server.federation.DistributedFederationManager.initiateOutgoing(DistributedFederationManager.java:441)
	at tak.server.federation.DistributedFederationManager.initiateAllOutgoing(DistributedFederationManager.java:343)
	at tak.server.federation.DistributedFederationManager.onContextRefreshed(DistributedFederationManager.java:311)
	at java.base/jdk.internal.reflect.NativeMethodAccessorImpl.invoke0(Native Method)
	at java.base/jdk.internal.reflect.NativeMethodAccessorImpl.invoke(NativeMethodAccessorImpl.java:77)
	at java.base/jdk.internal.reflect.DelegatingMethodAccessorImpl.invoke(DelegatingMethodAccessorImpl.java:43)
	at java.base/java.lang.reflect.Method.invoke(Method.java:569)
	at org.springframework.context.event.ApplicationListenerMethodAdapter.doInvoke(ApplicationListenerMethodAdapter.java:348)
	at org.springframework.context.event.ApplicationListenerMethodAdapter.processEvent(ApplicationListenerMethodAdapter.java:233)
	at org.springframework.context.event.ApplicationListenerMethodAdapter.onApplicationEvent(ApplicationListenerMethodAdapter.java:165)
	at org.springframework.context.event.SimpleApplicationEventMulticaster.doInvokeListener(SimpleApplicationEventMulticaster.java:174)
	at org.springframework.context.event.SimpleApplicationEventMulticaster.invokeListener(SimpleApplicationEventMulticaster.java:167)
	at org.springframework.context.event.SimpleApplicationEventMulticaster.multicastEvent(SimpleApplicationEventMulticaster.java:145)
	at org.springframework.context.support.AbstractApplicationContext.publishEvent(AbstractApplicationContext.java:445)
	at org.springframework.context.support.AbstractApplicationContext.publishEvent(AbstractApplicationContext.java:378)
	at org.springframework.context.support.AbstractApplicationContext.finishRefresh(AbstractApplicationContext.java:971)
	at org.springframework.context.support.AbstractApplicationContext.refresh(AbstractApplicationContext.java:618)
	at org.springframework.boot.web.servlet.context.ServletWebServerApplicationContext.refresh(ServletWebServerApplicationContext.java:146)
	at org.springframework.boot.SpringApplication.refresh(SpringApplication.java:739)
	at org.springframework.boot.SpringApplication.refreshContext(SpringApplication.java:441)
	at org.springframework.boot.SpringApplication.run(SpringApplication.java:325)
	at tak.server.ServerConfiguration.main(ServerConfiguration.java:281)
	at java.base/jdk.internal.reflect.NativeMethodAccessorImpl.invoke0(Native Method)
	at java.base/jdk.internal.reflect.NativeMethodAccessorImpl.invoke(NativeMethodAccessorImpl.java:77)
	at java.base/jdk.internal.reflect.DelegatingMethodAccessorImpl.invoke(DelegatingMethodAccessorImpl.java:43)
	at java.base/java.lang.reflect.Method.invoke(Method.java:569)
	at org.springframework.boot.loader.MainMethodRunner.run(MainMethodRunner.java:49)
	at org.springframework.boot.loader.Launcher.launch(Launcher.java:95)
	at org.springframework.boot.loader.Launcher.launch(Launcher.java:58)
	at org.springframework.boot.loader.PropertiesLauncher.main(PropertiesLauncher.java:466)
2025-04-09-02:03:34.010 [main] DEBUG t.server.federation.FederationServer - v2 federation config
2025-04-09-02:03:34.014 [main] DEBUG t.server.federation.FederationServer - scheduling v2 federation server start in 30 seconds
2025-04-09-02:03:34.278 [pool-17-thread-1] DEBUG t.server.federation.FederationServer - in v2 fed start executor
2025-04-09-02:03:34.299 [main] INFO com.bbn.marti.nio.server.NioServer - max memory (bytes): 2147483648
2025-04-09-02:03:34.300 [main] INFO com.bbn.marti.nio.server.NioServer - Server started
2025-04-09-02:03:34.303 [pool-17-thread-1] INFO t.server.federation.FederationServer - Federation server (v2) started, listening on port 9001
2025-04-09-02:03:34.538 [main] INFO t.server.cache.DatafeedCacheHelper - Done initializing PluginDatafeedCacheHelper with buffer cache value: 300 seconds
2025-04-09-02:03:34.550 [main] INFO com.bbn.marti.util.VersionBean - TAK Server version 5.2-RELEASE-16-main
2025-04-09-02:03:34.550 [main] INFO c.b.m.sync.EnterpriseSyncCacheHelper - file cache explicity disabled.
2025-04-09-02:03:34.550 [main] INFO c.b.m.sync.EnterpriseSyncCacheHelper - Initialzed EnterpriseSyncCacheHelper with file cache TTL 120 seconds. Implementation: caffeine
2025-04-09-02:03:34.555 [main] INFO tak.server.ServerConfiguration - Started ServerConfiguration in 37.266 seconds (process running for 52.268)
2025-04-09-02:03:34.591 [takserver-grpc-0] DEBUG tak.server.federation.TakFigClient - received error notification from server cause Unable to establish trusted connection, ensure that correct CA public key ca.pem for federate is loaded in Federate Certificate Authorities
io.grpc.StatusRuntimeException: UNAVAILABLE: io exception
Channel Pipeline: [SslHandler#0, FigProtocolNegotiator$FigClientBufferUntilTlsNegotiatedHandler#0, WriteBufferingAndExceptionHandler#0, DefaultChannelPipeline$TailContext#0]
	at io.grpc.Status.asRuntimeException(Status.java:537)
	at io.grpc.stub.ClientCalls$StreamObserverToCallListenerAdapter.onClose(ClientCalls.java:481)
	at io.grpc.internal.ClientCallImpl.closeObserver(ClientCallImpl.java:574)
	at io.grpc.internal.ClientCallImpl.access$300(ClientCallImpl.java:72)
	at io.grpc.internal.ClientCallImpl$ClientStreamListenerImpl$1StreamClosed.runInternal(ClientCallImpl.java:742)
	at io.grpc.internal.ClientCallImpl$ClientStreamListenerImpl$1StreamClosed.runInContext(ClientCallImpl.java:723)
	at io.grpc.internal.ContextRunnable.run(ContextRunnable.java:37)
	at io.grpc.internal.SerializingExecutor.run(SerializingExecutor.java:133)
	at java.base/java.util.concurrent.ThreadPoolExecutor.runWorker(ThreadPoolExecutor.java:1136)
	at java.base/java.util.concurrent.ThreadPoolExecutor$Worker.run(ThreadPoolExecutor.java:635)
	at java.base/java.lang.Thread.run(Thread.java:840)
Caused by: javax.net.ssl.SSLHandshakeException: General OpenSslEngine problem
	at io.netty.handler.ssl.ReferenceCountedOpenSslEngine.handshakeException(ReferenceCountedOpenSslEngine.java:1953)
	at io.netty.handler.ssl.ReferenceCountedOpenSslEngine.wrap(ReferenceCountedOpenSslEngine.java:860)
	at java.base/javax.net.ssl.SSLEngine.wrap(SSLEngine.java:564)
	at io.netty.handler.ssl.SslHandler.wrap(SslHandler.java:1130)
	at io.netty.handler.ssl.SslHandler.wrapNonAppData(SslHandler.java:974)
	at io.netty.handler.ssl.SslHandler.unwrap(SslHandler.java:1507)
	at io.netty.handler.ssl.SslHandler.decodeJdkCompatible(SslHandler.java:1334)
	at io.netty.handler.ssl.SslHandler.decode(SslHandler.java:1383)
	at io.netty.handler.codec.ByteToMessageDecoder.decodeRemovalReentryProtection(ByteToMessageDecoder.java:529)
	at io.netty.handler.codec.ByteToMessageDecoder.callDecode(ByteToMessageDecoder.java:468)
	at io.netty.handler.codec.ByteToMessageDecoder.channelRead(ByteToMessageDecoder.java:290)
	at io.netty.channel.AbstractChannelHandlerContext.invokeChannelRead(AbstractChannelHandlerContext.java:444)
	at io.netty.channel.AbstractChannelHandlerContext.invokeChannelRead(AbstractChannelHandlerContext.java:420)
	at io.netty.channel.AbstractChannelHandlerContext.fireChannelRead(AbstractChannelHandlerContext.java:412)
	at io.netty.channel.DefaultChannelPipeline$HeadContext.channelRead(DefaultChannelPipeline.java:1410)
	at io.netty.channel.AbstractChannelHandlerContext.invokeChannelRead(AbstractChannelHandlerContext.java:440)
	at io.netty.channel.AbstractChannelHandlerContext.invokeChannelRead(AbstractChannelHandlerContext.java:420)
	at io.netty.channel.DefaultChannelPipeline.fireChannelRead(DefaultChannelPipeline.java:919)
	at io.netty.channel.nio.AbstractNioByteChannel$NioByteUnsafe.read(AbstractNioByteChannel.java:166)
	at io.netty.channel.nio.NioEventLoop.processSelectedKey(NioEventLoop.java:788)
	at io.netty.channel.nio.NioEventLoop.processSelectedKeysOptimized(NioEventLoop.java:724)
	at io.netty.channel.nio.NioEventLoop.processSelectedKeys(NioEventLoop.java:650)
	at io.netty.channel.nio.NioEventLoop.run(NioEventLoop.java:562)
	at io.netty.util.concurrent.SingleThreadEventExecutor$4.run(SingleThreadEventExecutor.java:997)
	at io.netty.util.internal.ThreadExecutorMap$2.run(ThreadExecutorMap.java:74)
	... 1 common frames omitted
Caused by: sun.security.validator.ValidatorException: PKIX path building failed: sun.security.provider.certpath.SunCertPathBuilderException: unable to find valid certification path to requested target
	at java.base/sun.security.validator.PKIXValidator.doBuild(PKIXValidator.java:439)
	at java.base/sun.security.validator.PKIXValidator.engineValidate(PKIXValidator.java:306)
	at java.base/sun.security.validator.Validator.validate(Validator.java:264)
	at java.base/sun.security.ssl.X509TrustManagerImpl.checkTrusted(X509TrustManagerImpl.java:242)
	at java.base/sun.security.ssl.X509TrustManagerImpl.checkClientTrusted(X509TrustManagerImpl.java:107)
	at io.netty.handler.ssl.EnhancingX509ExtendedTrustManager.checkClientTrusted(EnhancingX509ExtendedTrustManager.java:78)
	at io.netty.handler.ssl.ReferenceCountedOpenSslClientContext$ExtendedTrustManagerVerifyCallback.verify(ReferenceCountedOpenSslClientContext.java:243)
	at io.netty.handler.ssl.ReferenceCountedOpenSslContext$AbstractCertificateVerifier.verify(ReferenceCountedOpenSslContext.java:790)
	at io.netty.internal.tcnative.CertificateVerifierTask.runTask(CertificateVerifierTask.java:36)
	at io.netty.internal.tcnative.SSLTask.run(SSLTask.java:48)
	at io.netty.internal.tcnative.SSLTask.run(SSLTask.java:42)
	at io.netty.handler.ssl.ReferenceCountedOpenSslEngine.runAndResetNeedTask(ReferenceCountedOpenSslEngine.java:1542)
	at io.netty.handler.ssl.ReferenceCountedOpenSslEngine$TaskDecorator.run(ReferenceCountedOpenSslEngine.java:1517)
	at io.netty.handler.ssl.SslHandler.runDelegatedTasks(SslHandler.java:1647)
	at io.netty.handler.ssl.SslHandler.unwrap(SslHandler.java:1493)
	... 20 common frames omitted
Caused by: sun.security.provider.certpath.SunCertPathBuilderException: unable to find valid certification path to requested target
	at java.base/sun.security.provider.certpath.SunCertPathBuilder.build(SunCertPathBuilder.java:148)
	at java.base/sun.security.provider.certpath.SunCertPathBuilder.engineBuild(SunCertPathBuilder.java:129)
	at java.base/java.security.cert.CertPathBuilder.build(CertPathBuilder.java:297)
	at java.base/sun.security.validator.PKIXValidator.doBuild(PKIXValidator.java:434)
	... 34 common frames omitted
2025-04-09-02:03:34.595 [takserver-grpc-0] DEBUG tak.server.federation.TakFigClient - status: Status{code=UNAVAILABLE, description=io exception
Channel Pipeline: [SslHandler#0, FigProtocolNegotiator$FigClientBufferUntilTlsNegotiatedHandler#0, WriteBufferingAndExceptionHandler#0, DefaultChannelPipeline$TailContext#0], cause=javax.net.ssl.SSLHandshakeException: General OpenSslEngine problem
	at io.netty.handler.ssl.ReferenceCountedOpenSslEngine.handshakeException(ReferenceCountedOpenSslEngine.java:1953)
	at io.netty.handler.ssl.ReferenceCountedOpenSslEngine.wrap(ReferenceCountedOpenSslEngine.java:860)
	at java.base/javax.net.ssl.SSLEngine.wrap(SSLEngine.java:564)
	at io.netty.handler.ssl.SslHandler.wrap(SslHandler.java:1130)
	at io.netty.handler.ssl.SslHandler.wrapNonAppData(SslHandler.java:974)
	at io.netty.handler.ssl.SslHandler.unwrap(SslHandler.java:1507)
	at io.netty.handler.ssl.SslHandler.decodeJdkCompatible(SslHandler.java:1334)
	at io.netty.handler.ssl.SslHandler.decode(SslHandler.java:1383)
	at io.netty.handler.codec.ByteToMessageDecoder.decodeRemovalReentryProtection(ByteToMessageDecoder.java:529)
	at io.netty.handler.codec.ByteToMessageDecoder.callDecode(ByteToMessageDecoder.java:468)
	at io.netty.handler.codec.ByteToMessageDecoder.channelRead(ByteToMessageDecoder.java:290)
	at io.netty.channel.AbstractChannelHandlerContext.invokeChannelRead(AbstractChannelHandlerContext.java:444)
	at io.netty.channel.AbstractChannelHandlerContext.invokeChannelRead(AbstractChannelHandlerContext.java:420)
	at io.netty.channel.AbstractChannelHandlerContext.fireChannelRead(AbstractChannelHandlerContext.java:412)
	at io.netty.channel.DefaultChannelPipeline$HeadContext.channelRead(DefaultChannelPipeline.java:1410)
	at io.netty.channel.AbstractChannelHandlerContext.invokeChannelRead(AbstractChannelHandlerContext.java:440)
	at io.netty.channel.AbstractChannelHandlerContext.invokeChannelRead(AbstractChannelHandlerContext.java:420)
	at io.netty.channel.DefaultChannelPipeline.fireChannelRead(DefaultChannelPipeline.java:919)
	at io.netty.channel.nio.AbstractNioByteChannel$NioByteUnsafe.read(AbstractNioByteChannel.java:166)
	at io.netty.channel.nio.NioEventLoop.processSelectedKey(NioEventLoop.java:788)
	at io.netty.channel.nio.NioEventLoop.processSelectedKeysOptimized(NioEventLoop.java:724)
	at io.netty.channel.nio.NioEventLoop.processSelectedKeys(NioEventLoop.java:650)
	at io.netty.channel.nio.NioEventLoop.run(NioEventLoop.java:562)
	at io.netty.util.concurrent.SingleThreadEventExecutor$4.run(SingleThreadEventExecutor.java:997)
	at io.netty.util.internal.ThreadExecutorMap$2.run(ThreadExecutorMap.java:74)
	at java.base/java.lang.Thread.run(Thread.java:840)
Caused by: sun.security.validator.ValidatorException: PKIX path building failed: sun.security.provider.certpath.SunCertPathBuilderException: unable to find valid certification path to requested target
	at java.base/sun.security.validator.PKIXValidator.doBuild(PKIXValidator.java:439)
	at java.base/sun.security.validator.PKIXValidator.engineValidate(PKIXValidator.java:306)
	at java.base/sun.security.validator.Validator.validate(Validator.java:264)
	at java.base/sun.security.ssl.X509TrustManagerImpl.checkTrusted(X509TrustManagerImpl.java:242)
	at java.base/sun.security.ssl.X509TrustManagerImpl.checkClientTrusted(X509TrustManagerImpl.java:107)
	at io.netty.handler.ssl.EnhancingX509ExtendedTrustManager.checkClientTrusted(EnhancingX509ExtendedTrustManager.java:78)
	at io.netty.handler.ssl.ReferenceCountedOpenSslClientContext$ExtendedTrustManagerVerifyCallback.verify(ReferenceCountedOpenSslClientContext.java:243)
	at io.netty.handler.ssl.ReferenceCountedOpenSslContext$AbstractCertificateVerifier.verify(ReferenceCountedOpenSslContext.java:790)
	at io.netty.internal.tcnative.CertificateVerifierTask.runTask(CertificateVerifierTask.java:36)
	at io.netty.internal.tcnative.SSLTask.run(SSLTask.java:48)
	at io.netty.internal.tcnative.SSLTask.run(SSLTask.java:42)
	at io.netty.handler.ssl.ReferenceCountedOpenSslEngine.runAndResetNeedTask(ReferenceCountedOpenSslEngine.java:1542)
	at io.netty.handler.ssl.ReferenceCountedOpenSslEngine$TaskDecorator.run(ReferenceCountedOpenSslEngine.java:1517)
	at io.netty.handler.ssl.SslHandler.runDelegatedTasks(SslHandler.java:1647)
	at io.netty.handler.ssl.SslHandler.unwrap(SslHandler.java:1493)
	... 20 more
Caused by: sun.security.provider.certpath.SunCertPathBuilderException: unable to find valid certification path to requested target
	at java.base/sun.security.provider.certpath.SunCertPathBuilder.build(SunCertPathBuilder.java:148)
	at java.base/sun.security.provider.certpath.SunCertPathBuilder.engineBuild(SunCertPathBuilder.java:129)
	at java.base/java.security.cert.CertPathBuilder.build(CertPathBuilder.java:297)
	at java.base/sun.security.validator.PKIXValidator.doBuild(PKIXValidator.java:434)
	... 34 more
} io exception
Channel Pipeline: [SslHandler#0, FigProtocolNegotiator$FigClientBufferUntilTlsNegotiatedHandler#0, WriteBufferingAndExceptionHandler#0, DefaultChannelPipeline$TailContext#0]
2025-04-09-02:03:34.605 [main] INFO tak.server.ServerConfiguration - Started TAK Server messaging Microservice.
2025-04-09-02:03:34.611 [takserver-grpc-0] DEBUG tak.server.federation.TakFigClient - processing disconnect for FIG federate TakFigClient [clientName=TAK1, clientUid=ed3c73d5184240f48b1719d41f2747ba, federateSubscription=null, config=com.bbn.marti.config.Federation@2c8e7e2c, serverLastHealth=null] cause Unable to establish trusted connection, ensure that correct CA public key ca.pem for federate is loaded in Federate Certificate Authorities
2025-04-09-02:03:34.679 [takserver-grpc-0] DEBUG tak.server.federation.TakFigClient - Connection failure to v2 federate TAK1 - schedule retry: true - status: ConnectionStatus [connection=ConnectionInfo [connectionId=ed3c73d5184240f48b1719d41f2747ba, nodeId=8edb49a4-f85b-407b-987f-ca94445d87d8, port=9001, address=35.209.26.203, tls=true, input=null, cert=null, caCert=null, id=0, client=true, readCount=0, processedCount=0], federate=, lastError=Unable to establish trusted connection, ensure that correct CA public key ca.pem for federate is loaded in Federate Certificate Authorities, connectionStatusValue=CONNECTING] cause Unable to establish trusted connection, ensure that correct CA public key ca.pem for federate is loaded in Federate Certificate Authorities
2025-04-09-02:03:39.018 [pool-16-thread-1] DEBUG t.server.federation.FederationServer - Running inactivity check for 0 client streams
2025-04-09-02:03:44.017 [pool-16-thread-1] DEBUG t.server.federation.FederationServer - Running inactivity check for 0 client streams
2025-04-09-02:03:49.017 [pool-16-thread-1] DEBUG t.server.federation.FederationServer - Running inactivity check for 0 client streams
2025-04-09-02:03:54.017 [pool-16-thread-1] DEBUG t.server.federation.FederationServer - Running inactivity check for 0 client streams
2025-04-09-02:03:59.017 [pool-16-thread-1] DEBUG t.server.federation.FederationServer - Running inactivity check for 0 client streams
2025-04-09-02:04:04.017 [pool-16-thread-1] DEBUG t.server.federation.FederationServer - Running inactivity check for 0 client streams
2025-04-09-02:04:04.686 [takserver-scheduled-2] WARN t.s.f.DistributedFederationManager - trying to reconnect outgoing TAK1 for the 1th time.
2025-04-09-02:04:04.687 [takserver-scheduled-2] INFO tak.server.federation.TakFigClient - client name: TAK1
2025-04-09-02:04:04.770 [takserver-scheduled-2] WARN com.bbn.marti.service.SSLConfig - TLS enabled, but no certificate revocation lists, and OSCP is not enabled in Core Config!
2025-04-09-02:04:04.770 [takserver-scheduled-2] DEBUG tak.server.federation.TakFigClient - Trust managers: 1
2025-04-09-02:04:04.772 [takserver-scheduled-2] DEBUG tak.server.federation.TakFigClient - init TakFigClient
2025-04-09-02:04:04.772 [takserver-scheduled-2] DEBUG t.s.f.DistributedFederationManager - exception initiating outgoing FIG federate connection FederationOutgoing [displayName=TAK1, address=35.209.26.203, port=9001, enabled=true, reconnectInterval=30, fallback= nullmaxRetries= unlimited] Cannot invoke "com.bbn.marti.config.Federation$Federate.getMaxHops()" because the return value of "tak.server.federation.TakFigClient.getFederate()" is null
java.lang.NullPointerException: Cannot invoke "com.bbn.marti.config.Federation$Federate.getMaxHops()" because the return value of "tak.server.federation.TakFigClient.getFederate()" is null
	at tak.server.federation.TakFigClient.init(TakFigClient.java:1068)
	at tak.server.federation.TakFigClient.start(TakFigClient.java:516)
	at tak.server.federation.DistributedFederationManager.initiateOutgoing(DistributedFederationManager.java:441)
	at tak.server.federation.DistributedFederationManager$4.run(DistributedFederationManager.java:2224)
	at java.base/java.util.concurrent.Executors$RunnableAdapter.call(Executors.java:539)
	at java.base/java.util.concurrent.FutureTask.run(FutureTask.java:264)
	at java.base/java.util.concurrent.ScheduledThreadPoolExecutor$ScheduledFutureTask.run(ScheduledThreadPoolExecutor.java:304)
	at java.base/java.util.concurrent.ThreadPoolExecutor.runWorker(ThreadPoolExecutor.java:1136)
	at java.base/java.util.concurrent.ThreadPoolExecutor$Worker.run(ThreadPoolExecutor.java:635)
	at java.base/java.lang.Thread.run(Thread.java:840)
2025-04-09-02:04:04.842 [takserver-grpc-0] DEBUG tak.server.federation.TakFigClient - received error notification from server cause Unable to establish trusted connection, ensure that correct CA public key ca.pem for federate is loaded in Federate Certificate Authorities
io.grpc.StatusRuntimeException: UNAVAILABLE: io exception
Channel Pipeline: [SslHandler#0, FigProtocolNegotiator$FigClientBufferUntilTlsNegotiatedHandler#0, WriteBufferingAndExceptionHandler#0, DefaultChannelPipeline$TailContext#0]
	at io.grpc.Status.asRuntimeException(Status.java:537)
	at io.grpc.stub.ClientCalls$StreamObserverToCallListenerAdapter.onClose(ClientCalls.java:481)
	at io.grpc.internal.DelayedClientCall$DelayedListener$3.run(DelayedClientCall.java:489)
	at io.grpc.internal.DelayedClientCall$DelayedListener.delayOrExecute(DelayedClientCall.java:453)
	at io.grpc.internal.DelayedClientCall$DelayedListener.onClose(DelayedClientCall.java:486)
	at io.grpc.internal.ClientCallImpl.closeObserver(ClientCallImpl.java:574)
	at io.grpc.internal.ClientCallImpl.access$300(ClientCallImpl.java:72)
	at io.grpc.internal.ClientCallImpl$ClientStreamListenerImpl$1StreamClosed.runInternal(ClientCallImpl.java:742)
	at io.grpc.internal.ClientCallImpl$ClientStreamListenerImpl$1StreamClosed.runInContext(ClientCallImpl.java:723)
	at io.grpc.internal.ContextRunnable.run(ContextRunnable.java:37)
	at io.grpc.internal.SerializingExecutor.run(SerializingExecutor.java:133)
	at java.base/java.util.concurrent.ThreadPoolExecutor.runWorker(ThreadPoolExecutor.java:1136)
	at java.base/java.util.concurrent.ThreadPoolExecutor$Worker.run(ThreadPoolExecutor.java:635)
	at java.base/java.lang.Thread.run(Thread.java:840)
Caused by: javax.net.ssl.SSLHandshakeException: General OpenSslEngine problem
	at io.netty.handler.ssl.ReferenceCountedOpenSslEngine.handshakeException(ReferenceCountedOpenSslEngine.java:1953)
	at io.netty.handler.ssl.ReferenceCountedOpenSslEngine.wrap(ReferenceCountedOpenSslEngine.java:860)
	at java.base/javax.net.ssl.SSLEngine.wrap(SSLEngine.java:564)
	at io.netty.handler.ssl.SslHandler.wrap(SslHandler.java:1130)
	at io.netty.handler.ssl.SslHandler.wrapNonAppData(SslHandler.java:974)
	at io.netty.handler.ssl.SslHandler.unwrap(SslHandler.java:1507)
	at io.netty.handler.ssl.SslHandler.decodeJdkCompatible(SslHandler.java:1334)
	at io.netty.handler.ssl.SslHandler.decode(SslHandler.java:1383)
	at io.netty.handler.codec.ByteToMessageDecoder.decodeRemovalReentryProtection(ByteToMessageDecoder.java:529)
	at io.netty.handler.codec.ByteToMessageDecoder.callDecode(ByteToMessageDecoder.java:468)
	at io.netty.handler.codec.ByteToMessageDecoder.channelRead(ByteToMessageDecoder.java:290)
	at io.netty.channel.AbstractChannelHandlerContext.invokeChannelRead(AbstractChannelHandlerContext.java:444)
	at io.netty.channel.AbstractChannelHandlerContext.invokeChannelRead(AbstractChannelHandlerContext.java:420)
	at io.netty.channel.AbstractChannelHandlerContext.fireChannelRead(AbstractChannelHandlerContext.java:412)
	at io.netty.channel.DefaultChannelPipeline$HeadContext.channelRead(DefaultChannelPipeline.java:1410)
	at io.netty.channel.AbstractChannelHandlerContext.invokeChannelRead(AbstractChannelHandlerContext.java:440)
	at io.netty.channel.AbstractChannelHandlerContext.invokeChannelRead(AbstractChannelHandlerContext.java:420)
	at io.netty.channel.DefaultChannelPipeline.fireChannelRead(DefaultChannelPipeline.java:919)
	at io.netty.channel.nio.AbstractNioByteChannel$NioByteUnsafe.read(AbstractNioByteChannel.java:166)
	at io.netty.channel.nio.NioEventLoop.processSelectedKey(NioEventLoop.java:788)
	at io.netty.channel.nio.NioEventLoop.processSelectedKeysOptimized(NioEventLoop.java:724)
	at io.netty.channel.nio.NioEventLoop.processSelectedKeys(NioEventLoop.java:650)
	at io.netty.channel.nio.NioEventLoop.run(NioEventLoop.java:562)
	at io.netty.util.concurrent.SingleThreadEventExecutor$4.run(SingleThreadEventExecutor.java:997)
	at io.netty.util.internal.ThreadExecutorMap$2.run(ThreadExecutorMap.java:74)
	... 1 common frames omitted
Caused by: sun.security.validator.ValidatorException: PKIX path building failed: sun.security.provider.certpath.SunCertPathBuilderException: unable to find valid certification path to requested target
	at java.base/sun.security.validator.PKIXValidator.doBuild(PKIXValidator.java:439)
	at java.base/sun.security.validator.PKIXValidator.engineValidate(PKIXValidator.java:306)
	at java.base/sun.security.validator.Validator.validate(Validator.java:264)
	at java.base/sun.security.ssl.X509TrustManagerImpl.checkTrusted(X509TrustManagerImpl.java:242)
	at java.base/sun.security.ssl.X509TrustManagerImpl.checkClientTrusted(X509TrustManagerImpl.java:107)
	at io.netty.handler.ssl.EnhancingX509ExtendedTrustManager.checkClientTrusted(EnhancingX509ExtendedTrustManager.java:78)
	at io.netty.handler.ssl.ReferenceCountedOpenSslClientContext$ExtendedTrustManagerVerifyCallback.verify(ReferenceCountedOpenSslClientContext.java:243)
	at io.netty.handler.ssl.ReferenceCountedOpenSslContext$AbstractCertificateVerifier.verify(ReferenceCountedOpenSslContext.java:790)
	at io.netty.internal.tcnative.CertificateVerifierTask.runTask(CertificateVerifierTask.java:36)
	at io.netty.internal.tcnative.SSLTask.run(SSLTask.java:48)
	at io.netty.internal.tcnative.SSLTask.run(SSLTask.java:42)
	at io.netty.handler.ssl.ReferenceCountedOpenSslEngine.runAndResetNeedTask(ReferenceCountedOpenSslEngine.java:1542)
	at io.netty.handler.ssl.ReferenceCountedOpenSslEngine$TaskDecorator.run(ReferenceCountedOpenSslEngine.java:1517)
	at io.netty.handler.ssl.SslHandler.runDelegatedTasks(SslHandler.java:1647)
	at io.netty.handler.ssl.SslHandler.unwrap(SslHandler.java:1493)
	... 20 common frames omitted
Caused by: sun.security.provider.certpath.SunCertPathBuilderException: unable to find valid certification path to requested target
	at java.base/sun.security.provider.certpath.SunCertPathBuilder.build(SunCertPathBuilder.java:148)
	at java.base/sun.security.provider.certpath.SunCertPathBuilder.engineBuild(SunCertPathBuilder.java:129)
	at java.base/java.security.cert.CertPathBuilder.build(CertPathBuilder.java:297)
	at java.base/sun.security.validator.PKIXValidator.doBuild(PKIXValidator.java:434)
	... 34 common frames omitted
2025-04-09-02:04:04.842 [takserver-grpc-0] DEBUG tak.server.federation.TakFigClient - status: Status{code=UNAVAILABLE, description=io exception
Channel Pipeline: [SslHandler#0, FigProtocolNegotiator$FigClientBufferUntilTlsNegotiatedHandler#0, WriteBufferingAndExceptionHandler#0, DefaultChannelPipeline$TailContext#0], cause=javax.net.ssl.SSLHandshakeException: General OpenSslEngine problem
	at io.netty.handler.ssl.ReferenceCountedOpenSslEngine.handshakeException(ReferenceCountedOpenSslEngine.java:1953)
	at io.netty.handler.ssl.ReferenceCountedOpenSslEngine.wrap(ReferenceCountedOpenSslEngine.java:860)
	at java.base/javax.net.ssl.SSLEngine.wrap(SSLEngine.java:564)
	at io.netty.handler.ssl.SslHandler.wrap(SslHandler.java:1130)
	at io.netty.handler.ssl.SslHandler.wrapNonAppData(SslHandler.java:974)
	at io.netty.handler.ssl.SslHandler.unwrap(SslHandler.java:1507)
	at io.netty.handler.ssl.SslHandler.decodeJdkCompatible(SslHandler.java:1334)
	at io.netty.handler.ssl.SslHandler.decode(SslHandler.java:1383)
	at io.netty.handler.codec.ByteToMessageDecoder.decodeRemovalReentryProtection(ByteToMessageDecoder.java:529)
	at io.netty.handler.codec.ByteToMessageDecoder.callDecode(ByteToMessageDecoder.java:468)
	at io.netty.handler.codec.ByteToMessageDecoder.channelRead(ByteToMessageDecoder.java:290)
	at io.netty.channel.AbstractChannelHandlerContext.invokeChannelRead(AbstractChannelHandlerContext.java:444)
	at io.netty.channel.AbstractChannelHandlerContext.invokeChannelRead(AbstractChannelHandlerContext.java:420)
	at io.netty.channel.AbstractChannelHandlerContext.fireChannelRead(AbstractChannelHandlerContext.java:412)
	at io.netty.channel.DefaultChannelPipeline$HeadContext.channelRead(DefaultChannelPipeline.java:1410)
	at io.netty.channel.AbstractChannelHandlerContext.invokeChannelRead(AbstractChannelHandlerContext.java:440)
	at io.netty.channel.AbstractChannelHandlerContext.invokeChannelRead(AbstractChannelHandlerContext.java:420)
	at io.netty.channel.DefaultChannelPipeline.fireChannelRead(DefaultChannelPipeline.java:919)
	at io.netty.channel.nio.AbstractNioByteChannel$NioByteUnsafe.read(AbstractNioByteChannel.java:166)
	at io.netty.channel.nio.NioEventLoop.processSelectedKey(NioEventLoop.java:788)
	at io.netty.channel.nio.NioEventLoop.processSelectedKeysOptimized(NioEventLoop.java:724)
	at io.netty.channel.nio.NioEventLoop.processSelectedKeys(NioEventLoop.java:650)
	at io.netty.channel.nio.NioEventLoop.run(NioEventLoop.java:562)
	at io.netty.util.concurrent.SingleThreadEventExecutor$4.run(SingleThreadEventExecutor.java:997)
	at io.netty.util.internal.ThreadExecutorMap$2.run(ThreadExecutorMap.java:74)
	at java.base/java.lang.Thread.run(Thread.java:840)
Caused by: sun.security.validator.ValidatorException: PKIX path building failed: sun.security.provider.certpath.SunCertPathBuilderException: unable to find valid certification path to requested target
	at java.base/sun.security.validator.PKIXValidator.doBuild(PKIXValidator.java:439)
	at java.base/sun.security.validator.PKIXValidator.engineValidate(PKIXValidator.java:306)
	at java.base/sun.security.validator.Validator.validate(Validator.java:264)
	at java.base/sun.security.ssl.X509TrustManagerImpl.checkTrusted(X509TrustManagerImpl.java:242)
	at java.base/sun.security.ssl.X509TrustManagerImpl.checkClientTrusted(X509TrustManagerImpl.java:107)
	at io.netty.handler.ssl.EnhancingX509ExtendedTrustManager.checkClientTrusted(EnhancingX509ExtendedTrustManager.java:78)
	at io.netty.handler.ssl.ReferenceCountedOpenSslClientContext$ExtendedTrustManagerVerifyCallback.verify(ReferenceCountedOpenSslClientContext.java:243)
	at io.netty.handler.ssl.ReferenceCountedOpenSslContext$AbstractCertificateVerifier.verify(ReferenceCountedOpenSslContext.java:790)
	at io.netty.internal.tcnative.CertificateVerifierTask.runTask(CertificateVerifierTask.java:36)
	at io.netty.internal.tcnative.SSLTask.run(SSLTask.java:48)
	at io.netty.internal.tcnative.SSLTask.run(SSLTask.java:42)
	at io.netty.handler.ssl.ReferenceCountedOpenSslEngine.runAndResetNeedTask(ReferenceCountedOpenSslEngine.java:1542)
	at io.netty.handler.ssl.ReferenceCountedOpenSslEngine$TaskDecorator.run(ReferenceCountedOpenSslEngine.java:1517)
	at io.netty.handler.ssl.SslHandler.runDelegatedTasks(SslHandler.java:1647)
	at io.netty.handler.ssl.SslHandler.unwrap(SslHandler.java:1493)
	... 20 more
Caused by: sun.security.provider.certpath.SunCertPathBuilderException: unable to find valid certification path to requested target
	at java.base/sun.security.provider.certpath.SunCertPathBuilder.build(SunCertPathBuilder.java:148)
	at java.base/sun.security.provider.certpath.SunCertPathBuilder.engineBuild(SunCertPathBuilder.java:129)
	at java.base/java.security.cert.CertPathBuilder.build(CertPathBuilder.java:297)
	at java.base/sun.security.validator.PKIXValidator.doBuild(PKIXValidator.java:434)
	... 34 more
} io exception
Channel Pipeline: [SslHandler#0, FigProtocolNegotiator$FigClientBufferUntilTlsNegotiatedHandler#0, WriteBufferingAndExceptionHandler#0, DefaultChannelPipeline$TailContext#0]
2025-04-09-02:04:04.843 [takserver-grpc-0] DEBUG tak.server.federation.TakFigClient - processing disconnect for FIG federate TakFigClient [clientName=TAK1, clientUid=b5aa9dd3b947470e9474dfd508afb253, federateSubscription=null, config=com.bbn.marti.config.Federation@2c8e7e2c, serverLastHealth=null] cause Unable to establish trusted connection, ensure that correct CA public key ca.pem for federate is loaded in Federate Certificate Authorities
2025-04-09-02:04:04.843 [takserver-grpc-0] DEBUG tak.server.federation.TakFigClient - Connection failure to v2 federate TAK1 - schedule retry: true - status: ConnectionStatus [connection=ConnectionInfo [connectionId=b5aa9dd3b947470e9474dfd508afb253, nodeId=8edb49a4-f85b-407b-987f-ca94445d87d8, port=9001, address=35.209.26.203, tls=true, input=null, cert=null, caCert=null, id=1, client=true, readCount=0, processedCount=0], federate=, lastError=Unable to establish trusted connection, ensure that correct CA public key ca.pem for federate is loaded in Federate Certificate Authorities, connectionStatusValue=CONNECTING] cause Unable to establish trusted connection, ensure that correct CA public key ca.pem for federate is loaded in Federate Certificate Authorities
2025-04-09-02:04:05.213 [svc-#69] INFO t.s.f.DistributedFederationManager - new chain of trust entry dn: CN=TAK-ID-CA-01,OU=US-ARMY-UNIT-1,O=LENSS,L=CSTAT,ST=TX,C=US
2025-04-09-02:04:05.213 [svc-#69] INFO t.s.f.DistributedFederationManager - adding CA with fingerprint 50e2e5990b2dea77e991202f4b425da2905cae83d346cb0445290a59f7068865 as truststore alias
2025-04-09-02:04:05.252 [svc-#69] INFO t.server.federation.FederationServer - refreshing config
2025-04-09-02:04:05.252 [svc-#69] DEBUG t.server.federation.FederationServer - v2 federation config
2025-04-09-02:04:05.350 [pool-22-thread-1] DEBUG t.server.federation.FederationServer - in v2 fed start executor
2025-04-09-02:04:05.352 [pool-22-thread-1] INFO t.server.federation.FederationServer - Federation server (v2) started, listening on port 9001
2025-04-09-02:04:09.017 [pool-16-thread-1] DEBUG t.server.federation.FederationServer - Running inactivity check for 0 client streams
2025-04-09-02:04:10.252 [pool-21-thread-1] DEBUG t.server.federation.FederationServer - Running inactivity check for 0 client streams
2025-04-09-02:04:14.017 [pool-16-thread-1] DEBUG t.server.federation.FederationServer - Running inactivity check for 0 client streams
2025-04-09-02:04:15.252 [pool-21-thread-1] DEBUG t.server.federation.FederationServer - Running inactivity check for 0 client streams
2025-04-09-02:04:19.017 [pool-16-thread-1] DEBUG t.server.federation.FederationServer - Running inactivity check for 0 client streams
2025-04-09-02:04:20.252 [pool-21-thread-1] DEBUG t.server.federation.FederationServer - Running inactivity check for 0 client streams
2025-04-09-02:04:21.242 [svc-#72] INFO tak.server.federation.TakFigClient - client name: TAK1
2025-04-09-02:04:21.325 [svc-#72] WARN com.bbn.marti.service.SSLConfig - TLS enabled, but no certificate revocation lists, and OSCP is not enabled in Core Config!
2025-04-09-02:04:21.325 [svc-#72] DEBUG tak.server.federation.TakFigClient - Trust managers: 1
2025-04-09-02:04:21.327 [svc-#72] DEBUG tak.server.federation.TakFigClient - init TakFigClient
2025-04-09-02:04:21.327 [svc-#72] DEBUG t.s.f.DistributedFederationManager - exception initiating outgoing FIG federate connection FederationOutgoing [displayName=TAK1, address=35.209.26.203, port=9001, enabled=true, reconnectInterval=30, fallback= nullmaxRetries= unlimited] Cannot invoke "com.bbn.marti.config.Federation$Federate.getMaxHops()" because the return value of "tak.server.federation.TakFigClient.getFederate()" is null
java.lang.NullPointerException: Cannot invoke "com.bbn.marti.config.Federation$Federate.getMaxHops()" because the return value of "tak.server.federation.TakFigClient.getFederate()" is null
	at tak.server.federation.TakFigClient.init(TakFigClient.java:1068)
	at tak.server.federation.TakFigClient.start(TakFigClient.java:516)
	at tak.server.federation.DistributedFederationManager.initiateOutgoing(DistributedFederationManager.java:441)
	at tak.server.federation.DistributedFederationManager.enableOutgoing(DistributedFederationManager.java:1318)
	at java.base/jdk.internal.reflect.NativeMethodAccessorImpl.invoke0(Native Method)
	at java.base/jdk.internal.reflect.NativeMethodAccessorImpl.invoke(NativeMethodAccessorImpl.java:77)
	at java.base/jdk.internal.reflect.DelegatingMethodAccessorImpl.invoke(DelegatingMethodAccessorImpl.java:43)
	at java.base/java.lang.reflect.Method.invoke(Method.java:569)
	at org.apache.ignite.internal.processors.service.GridServiceProxy.callServiceMethod(GridServiceProxy.java:335)
	at org.apache.ignite.internal.processors.service.GridServiceProxy.access$300(GridServiceProxy.java:72)
	at org.apache.ignite.internal.processors.service.GridServiceProxy$ServiceProxyCallable.callOrdinaryService(GridServiceProxy.java:614)
	at org.apache.ignite.internal.processors.service.GridServiceProxy$ServiceProxyCallable.callService(GridServiceProxy.java:592)
	at org.apache.ignite.internal.processors.service.GridServiceProxy$ServiceProxyCallable.call(GridServiceProxy.java:582)
	at org.apache.ignite.internal.processors.service.GridServiceProxy$ServiceProxyCallable.call(GridServiceProxy.java:518)
	at org.apache.ignite.internal.processors.closure.GridClosureProcessor$C2.execute(GridClosureProcessor.java:1694)
	at org.apache.ignite.internal.processors.job.GridJobWorker$1.call(GridJobWorker.java:628)
	at org.apache.ignite.internal.util.IgniteUtils.wrapThreadLoader(IgniteUtils.java:7431)
	at org.apache.ignite.internal.processors.job.GridJobWorker.execute0(GridJobWorker.java:622)
	at org.apache.ignite.internal.processors.job.GridJobWorker.body(GridJobWorker.java:547)
	at org.apache.ignite.internal.util.worker.GridWorker.run(GridWorker.java:125)
	at org.apache.ignite.internal.processors.job.GridJobProcessor.processJobExecuteRequest(GridJobProcessor.java:1440)
	at org.apache.ignite.internal.processors.job.GridJobProcessor$JobExecutionListener.onMessage(GridJobProcessor.java:2222)
	at org.apache.ignite.internal.managers.communication.GridIoManager.invokeListener(GridIoManager.java:1907)
	at org.apache.ignite.internal.managers.communication.GridIoManager.processRegularMessage0(GridIoManager.java:1528)
	at org.apache.ignite.internal.managers.communication.GridIoManager.access$5300(GridIoManager.java:243)
	at org.apache.ignite.internal.managers.communication.GridIoManager$9.execute(GridIoManager.java:1421)
	at org.apache.ignite.internal.managers.communication.TraceRunnable.run(TraceRunnable.java:55)
	at java.base/java.util.concurrent.ThreadPoolExecutor.runWorker(ThreadPoolExecutor.java:1136)
	at java.base/java.util.concurrent.ThreadPoolExecutor$Worker.run(ThreadPoolExecutor.java:635)
	at java.base/java.lang.Thread.run(Thread.java:840)
2025-04-09-02:04:21.417 [takserver-grpc-eventgroup-1] DEBUG c.b.roger.fig.FigProtocolNegotiator - handler application protocol: h2
2025-04-09-02:04:21.417 [takserver-grpc-eventgroup-1] DEBUG c.b.roger.fig.FigProtocolNegotiator - FIG: gGRPC Netty HTTP/2 TLS negotiation succeeded.
2025-04-09-02:04:21.432 [takserver-grpc-eventgroup-1] DEBUG c.b.roger.fig.FigProtocolNegotiator - FIG server cert: [
[
  Version: V3
  Subject: CN=takserver, OU=US-ARMY-UNIT-1, O=LENSS, L=CSTAT, ST=TX, C=US
  Signature Algorithm: SHA256withRSA, OID = 1.2.840.113549.1.1.11

  Key:  Sun RSA public key, 2048 bits
  params: null
  modulus: 29852326491948947443685056549540265809978564987299138419452958936906142481820093733042758929479499023302757731284913434034738627483826875967266284746938739927900116128861756281212171746271198355280998356791445936621562874454790433951724425815680278104013065965851641514976256461495523722833154375398824664129266188060509185374109838362330953482561288103342429903653022399116935104806115137239892415831706555340156629328896990128797657482920919867114297965880888175063608638873777481320289491982039521421807231679194306066504075664820160985775145349829470253565996930710363933516621183861338044512473724066228112796591
  public exponent: 65537
  Validity: [From: Wed Feb 12 12:26:32 CST 2025,
               To: Fri Feb 12 12:26:32 CST 2027]
  Issuer: CN=TAK-ID-CA-01, OU=US-ARMY-UNIT-1, O=LENSS, L=CSTAT, ST=TX, C=US
  SerialNumber: 00:a2:6e:60:c5:d7:1a:65:b6

Certificate Extensions: 6
[1]: ObjectId: 2.5.29.35 Criticality=false
AuthorityKeyIdentifier [
KeyIdentifier [
0000: 1E D4 FC 83 3A E2 25 93   A9 DB 5A B1 8F 6E 62 59  ....:.%...Z..nbY
0010: DE EC 64 A8                                        ..d.
]
]

[2]: ObjectId: 2.5.29.19 Criticality=true
BasicConstraints:[
  CA:false
  PathLen: undefined
]

[3]: ObjectId: 2.5.29.37 Criticality=true
ExtendedKeyUsages [
  clientAuth
  serverAuth
]

[4]: ObjectId: 2.5.29.15 Criticality=true
KeyUsage [
  DigitalSignature
  Key_Encipherment
]

[5]: ObjectId: 2.5.29.17 Criticality=false
SubjectAlternativeName [
  DNSName: takserver
]

[6]: ObjectId: 2.5.29.14 Criticality=false
SubjectKeyIdentifier [
KeyIdentifier [
0000: B4 40 68 9A C8 8E E5 ED   7D 0C D3 65 56 17 71 E2  .@h........eV.q.
0010: E1 63 DB 42                                        .c.B
]
]

]
  Algorithm: [SHA256withRSA]
  Signature:
0000: C1 55 C5 BD CE 36 48 0E   99 BD 8A BA 2C 3E D8 AF  .U...6H.....,>..
0010: 91 13 AF 71 DE 78 36 D8   A8 E6 53 3D D6 B4 D2 E2  ...q.x6...S=....
0020: 73 ED AC CB F5 38 50 32   F9 E3 3E D5 31 E3 82 D3  s....8P2..>.1...
0030: 8A 67 6B F5 B7 E3 0A 5D   DC 10 8D B0 86 80 FB FF  .gk....]........
0040: DD 2B 5C ED D0 66 59 7F   38 50 6E A8 29 AB CE 17  .+\..fY.8Pn.)...
0050: 1C BA EE 77 DB F3 C7 20   13 52 E9 13 4D 42 0C A5  ...w... .R..MB..
0060: A2 6E 48 25 03 2C 40 2D   46 9F E9 68 92 35 29 D8  .nH%.,@-F..h.5).
0070: B5 02 8A 72 01 5F 3E BA   C0 1A 64 1A 0F 25 AC D0  ...r._>...d..%..
0080: DF AF C6 E9 AC 55 86 62   BA 46 66 78 51 6C B2 D3  .....U.b.FfxQl..
0090: F1 F5 D9 DD 0F BD 11 1F   1A 9B E3 50 84 AF 0F 85  ...........P....
00A0: 1F 3D 7D 0C 52 5A F4 91   AD 06 79 4D E1 29 2C 49  .=..RZ....yM.),I
00B0: 24 21 28 9A 31 C7 4F A1   6F C8 3A 19 51 8F E3 F1  $!(.1.O.o.:.Q...
00C0: 05 A2 2D 96 B0 A6 82 19   0A 6E 37 18 6D 30 85 4F  ..-......n7.m0.O
00D0: 8A 5C BB 24 27 90 F0 5D   94 7A 88 53 75 C1 02 93  .\.$'..].z.Su...
00E0: C1 59 D9 38 97 96 C7 E5   71 57 8B 67 D4 28 D9 11  .Y.8....qW.g.(..
00F0: B6 91 CC EC 64 68 DB 3A   CF 0D DC 2A BE 21 6F 39  ....dh.:...*.!o9

]
2025-04-09-02:04:21.435 [takserver-grpc-eventgroup-1] DEBUG c.b.roger.fig.FigProtocolNegotiator - FIG ca cert: [
[
  Version: V3
  Subject: CN=TAK-ID-CA-01, OU=US-ARMY-UNIT-1, O=LENSS, L=CSTAT, ST=TX, C=US
  Signature Algorithm: SHA256withRSA, OID = 1.2.840.113549.1.1.11

  Key:  Sun RSA public key, 2048 bits
  params: null
  modulus: 32158766436640869781520930339497733195419041427547928978431462759945838826191758009665837692174035611559588643267318860137724596991976041595116134202627238816862412142174261946556689817880223666482481730101715083580287753398326785375374173477114080113483462115099308155283326823516145968742014539725737650569654562546428784557976032755791409458134820695856763822602373381341349357959642151419281450164144541708586622579924072331263291950566933537689585087407126229720669049728698906462641610074496858713460123624368446110079372867006236912280888804387293192151564555867031499277096800048404040688505486506850604171479
  public exponent: 65537
  Validity: [From: Wed Feb 12 12:25:52 CST 2025,
               To: Fri Feb 12 12:25:52 CST 2027]
  Issuer: CN=TAK-ROOT-CA-01, OU=US-ARMY-UNIT-1, O=LENSS, L=CSTAT, ST=TX, C=US
  SerialNumber: 00:b3:88:5c:63:07:b4:85:f6

Certificate Extensions: 4
[1]: ObjectId: 2.5.29.35 Criticality=false
AuthorityKeyIdentifier [
KeyIdentifier [
0000: 44 E6 21 FE 7D E7 0D 0A   14 63 4C B6 45 B5 E3 2D  D.!......cL.E..-
0010: 76 AC 8C 7C                                        v...
]
]

[2]: ObjectId: 2.5.29.19 Criticality=true
BasicConstraints:[
  CA:true
  PathLen: no limit
]

[3]: ObjectId: 2.5.29.15 Criticality=true
KeyUsage [
  Key_CertSign
  Crl_Sign
]

[4]: ObjectId: 2.5.29.14 Criticality=false
SubjectKeyIdentifier [
KeyIdentifier [
0000: 1E D4 FC 83 3A E2 25 93   A9 DB 5A B1 8F 6E 62 59  ....:.%...Z..nbY
0010: DE EC 64 A8                                        ..d.
]
]

]
  Algorithm: [SHA256withRSA]
  Signature:
0000: 7D BC DB FA 10 73 02 B2   AC A6 FE 2D 66 2E 73 87  .....s.....-f.s.
0010: C0 FD 8F 2E A8 CD A7 2A   99 9C F1 B5 7E 98 82 4B  .......*.......K
0020: 19 BE 1C 9C 14 C3 42 D1   9B D2 C1 A8 A0 33 7A BE  ......B......3z.
0030: F7 21 F7 54 0B 3D 11 2F   7B 65 43 E2 6A F3 8C 70  .!.T.=./.eC.j..p
0040: 16 50 78 AD 04 2C B8 47   87 D4 F5 C7 E4 D6 79 C6  .Px..,.G......y.
0050: 19 D2 99 67 76 FD 24 86   C0 77 F1 F8 F9 0B AF 79  ...gv.$..w.....y
0060: 2B 80 27 A7 FE 76 D1 E4   6F B3 92 07 D7 08 16 09  +.'..v..o.......
0070: AD 4D E1 18 03 1F BB 7D   B2 17 CF 9A 8F 64 08 28  .M...........d.(
0080: 08 A8 D0 CE EE 30 D2 0D   13 FE 4C 31 19 3C CC BC  .....0....L1.<..
0090: 90 30 AC 6A 0A EA 67 D3   F0 7D 75 FA 93 90 9B 91  .0.j..g...u.....
00A0: 30 D6 64 D0 8D 97 67 8C   EC 6B 4F 29 5D FC BA BE  0.d...g..kO)]...
00B0: 83 7A 08 03 0E 4B 04 F3   E8 C3 A1 FE A8 52 CA 37  .z...K.......R.7
00C0: D6 24 E8 06 BC 9F E1 DA   FE 1E 60 5B 7E 7E AB 86  .$........`[....
00D0: 09 BB 5C C7 53 01 5B BC   BC DA BD EF 66 29 FD 9E  ..\.S.[.....f)..
00E0: 4A 56 F9 B4 77 7D 28 DB   F5 F9 C3 4A 34 8D CC 7C  JV..w.(....J4...
00F0: 02 6E B2 00 C2 82 E4 C8   0C C6 5E 23 38 CE A2 56  .n........^#8..V

]
2025-04-09-02:04:21.437 [takserver-grpc-eventgroup-1] DEBUG tak.server.federation.TakFigClient - Received server client cert: [
[
  Version: V3
  Subject: CN=takserver, OU=US-ARMY-UNIT-1, O=LENSS, L=CSTAT, ST=TX, C=US
  Signature Algorithm: SHA256withRSA, OID = 1.2.840.113549.1.1.11

  Key:  Sun RSA public key, 2048 bits
  params: null
  modulus: 29852326491948947443685056549540265809978564987299138419452958936906142481820093733042758929479499023302757731284913434034738627483826875967266284746938739927900116128861756281212171746271198355280998356791445936621562874454790433951724425815680278104013065965851641514976256461495523722833154375398824664129266188060509185374109838362330953482561288103342429903653022399116935104806115137239892415831706555340156629328896990128797657482920919867114297965880888175063608638873777481320289491982039521421807231679194306066504075664820160985775145349829470253565996930710363933516621183861338044512473724066228112796591
  public exponent: 65537
  Validity: [From: Wed Feb 12 12:26:32 CST 2025,
               To: Fri Feb 12 12:26:32 CST 2027]
  Issuer: CN=TAK-ID-CA-01, OU=US-ARMY-UNIT-1, O=LENSS, L=CSTAT, ST=TX, C=US
  SerialNumber: 00:a2:6e:60:c5:d7:1a:65:b6

Certificate Extensions: 6
[1]: ObjectId: 2.5.29.35 Criticality=false
AuthorityKeyIdentifier [
KeyIdentifier [
0000: 1E D4 FC 83 3A E2 25 93   A9 DB 5A B1 8F 6E 62 59  ....:.%...Z..nbY
0010: DE EC 64 A8                                        ..d.
]
]

[2]: ObjectId: 2.5.29.19 Criticality=true
BasicConstraints:[
  CA:false
  PathLen: undefined
]

[3]: ObjectId: 2.5.29.37 Criticality=true
ExtendedKeyUsages [
  clientAuth
  serverAuth
]

[4]: ObjectId: 2.5.29.15 Criticality=true
KeyUsage [
  DigitalSignature
  Key_Encipherment
]

[5]: ObjectId: 2.5.29.17 Criticality=false
SubjectAlternativeName [
  DNSName: takserver
]

[6]: ObjectId: 2.5.29.14 Criticality=false
SubjectKeyIdentifier [
KeyIdentifier [
0000: B4 40 68 9A C8 8E E5 ED   7D 0C D3 65 56 17 71 E2  .@h........eV.q.
0010: E1 63 DB 42                                        .c.B
]
]

]
  Algorithm: [SHA256withRSA]
  Signature:
0000: C1 55 C5 BD CE 36 48 0E   99 BD 8A BA 2C 3E D8 AF  .U...6H.....,>..
0010: 91 13 AF 71 DE 78 36 D8   A8 E6 53 3D D6 B4 D2 E2  ...q.x6...S=....
0020: 73 ED AC CB F5 38 50 32   F9 E3 3E D5 31 E3 82 D3  s....8P2..>.1...
0030: 8A 67 6B F5 B7 E3 0A 5D   DC 10 8D B0 86 80 FB FF  .gk....]........
0040: DD 2B 5C ED D0 66 59 7F   38 50 6E A8 29 AB CE 17  .+\..fY.8Pn.)...
0050: 1C BA EE 77 DB F3 C7 20   13 52 E9 13 4D 42 0C A5  ...w... .R..MB..
0060: A2 6E 48 25 03 2C 40 2D   46 9F E9 68 92 35 29 D8  .nH%.,@-F..h.5).
0070: B5 02 8A 72 01 5F 3E BA   C0 1A 64 1A 0F 25 AC D0  ...r._>...d..%..
0080: DF AF C6 E9 AC 55 86 62   BA 46 66 78 51 6C B2 D3  .....U.b.FfxQl..
0090: F1 F5 D9 DD 0F BD 11 1F   1A 9B E3 50 84 AF 0F 85  ...........P....
00A0: 1F 3D 7D 0C 52 5A F4 91   AD 06 79 4D E1 29 2C 49  .=..RZ....yM.),I
00B0: 24 21 28 9A 31 C7 4F A1   6F C8 3A 19 51 8F E3 F1  $!(.1.O.o.:.Q...
00C0: 05 A2 2D 96 B0 A6 82 19   0A 6E 37 18 6D 30 85 4F  ..-......n7.m0.O
00D0: 8A 5C BB 24 27 90 F0 5D   94 7A 88 53 75 C1 02 93  .\.$'..].z.Su...
00E0: C1 59 D9 38 97 96 C7 E5   71 57 8B 67 D4 28 D9 11  .Y.8....qW.g.(..
00F0: B6 91 CC EC 64 68 DB 3A   CF 0D DC 2A BE 21 6F 39  ....dh.:...*.!o9

]
2025-04-09-02:04:21.441 [takserver-grpc-eventgroup-1] DEBUG tak.server.federation.TakFigClient - Received server ca cert: [
[
  Version: V3
  Subject: CN=TAK-ID-CA-01, OU=US-ARMY-UNIT-1, O=LENSS, L=CSTAT, ST=TX, C=US
  Signature Algorithm: SHA256withRSA, OID = 1.2.840.113549.1.1.11

  Key:  Sun RSA public key, 2048 bits
  params: null
  modulus: 32158766436640869781520930339497733195419041427547928978431462759945838826191758009665837692174035611559588643267318860137724596991976041595116134202627238816862412142174261946556689817880223666482481730101715083580287753398326785375374173477114080113483462115099308155283326823516145968742014539725737650569654562546428784557976032755791409458134820695856763822602373381341349357959642151419281450164144541708586622579924072331263291950566933537689585087407126229720669049728698906462641610074496858713460123624368446110079372867006236912280888804387293192151564555867031499277096800048404040688505486506850604171479
  public exponent: 65537
  Validity: [From: Wed Feb 12 12:25:52 CST 2025,
               To: Fri Feb 12 12:25:52 CST 2027]
  Issuer: CN=TAK-ROOT-CA-01, OU=US-ARMY-UNIT-1, O=LENSS, L=CSTAT, ST=TX, C=US
  SerialNumber: 00:b3:88:5c:63:07:b4:85:f6

Certificate Extensions: 4
[1]: ObjectId: 2.5.29.35 Criticality=false
AuthorityKeyIdentifier [
KeyIdentifier [
0000: 44 E6 21 FE 7D E7 0D 0A   14 63 4C B6 45 B5 E3 2D  D.!......cL.E..-
0010: 76 AC 8C 7C                                        v...
]
]

[2]: ObjectId: 2.5.29.19 Criticality=true
BasicConstraints:[
  CA:true
  PathLen: no limit
]

[3]: ObjectId: 2.5.29.15 Criticality=true
KeyUsage [
  Key_CertSign
  Crl_Sign
]

[4]: ObjectId: 2.5.29.14 Criticality=false
SubjectKeyIdentifier [
KeyIdentifier [
0000: 1E D4 FC 83 3A E2 25 93   A9 DB 5A B1 8F 6E 62 59  ....:.%...Z..nbY
0010: DE EC 64 A8                                        ..d.
]
]

]
  Algorithm: [SHA256withRSA]
  Signature:
0000: 7D BC DB FA 10 73 02 B2   AC A6 FE 2D 66 2E 73 87  .....s.....-f.s.
0010: C0 FD 8F 2E A8 CD A7 2A   99 9C F1 B5 7E 98 82 4B  .......*.......K
0020: 19 BE 1C 9C 14 C3 42 D1   9B D2 C1 A8 A0 33 7A BE  ......B......3z.
0030: F7 21 F7 54 0B 3D 11 2F   7B 65 43 E2 6A F3 8C 70  .!.T.=./.eC.j..p
0040: 16 50 78 AD 04 2C B8 47   87 D4 F5 C7 E4 D6 79 C6  .Px..,.G......y.
0050: 19 D2 99 67 76 FD 24 86   C0 77 F1 F8 F9 0B AF 79  ...gv.$..w.....y
0060: 2B 80 27 A7 FE 76 D1 E4   6F B3 92 07 D7 08 16 09  +.'..v..o.......
0070: AD 4D E1 18 03 1F BB 7D   B2 17 CF 9A 8F 64 08 28  .M...........d.(
0080: 08 A8 D0 CE EE 30 D2 0D   13 FE 4C 31 19 3C CC BC  .....0....L1.<..
0090: 90 30 AC 6A 0A EA 67 D3   F0 7D 75 FA 93 90 9B 91  .0.j..g...u.....
00A0: 30 D6 64 D0 8D 97 67 8C   EC 6B 4F 29 5D FC BA BE  0.d...g..kO)]...
00B0: 83 7A 08 03 0E 4B 04 F3   E8 C3 A1 FE A8 52 CA 37  .z...K.......R.7
00C0: D6 24 E8 06 BC 9F E1 DA   FE 1E 60 5B 7E 7E AB 86  .$........`[....
00D0: 09 BB 5C C7 53 01 5B BC   BC DA BD EF 66 29 FD 9E  ..\.S.[.....f)..
00E0: 4A 56 F9 B4 77 7D 28 DB   F5 F9 C3 4A 34 8D CC 7C  JV..w.(....J4...
00F0: 02 6E B2 00 C2 82 E4 C8   0C C6 5E 23 38 CE A2 56  .n........^#8..V

]
2025-04-09-02:04:21.444 [takserver-grpc-eventgroup-1] DEBUG tak.server.federation.TakFigClient - Federate connection client cert: [
[
  Version: V3
  Subject: CN=takserver, OU=US-ARMY-UNIT-1, O=LENSS, L=CSTAT, ST=TX, C=US
  Signature Algorithm: SHA256withRSA, OID = 1.2.840.113549.1.1.11

  Key:  Sun RSA public key, 2048 bits
  params: null
  modulus: 29852326491948947443685056549540265809978564987299138419452958936906142481820093733042758929479499023302757731284913434034738627483826875967266284746938739927900116128861756281212171746271198355280998356791445936621562874454790433951724425815680278104013065965851641514976256461495523722833154375398824664129266188060509185374109838362330953482561288103342429903653022399116935104806115137239892415831706555340156629328896990128797657482920919867114297965880888175063608638873777481320289491982039521421807231679194306066504075664820160985775145349829470253565996930710363933516621183861338044512473724066228112796591
  public exponent: 65537
  Validity: [From: Wed Feb 12 12:26:32 CST 2025,
               To: Fri Feb 12 12:26:32 CST 2027]
  Issuer: CN=TAK-ID-CA-01, OU=US-ARMY-UNIT-1, O=LENSS, L=CSTAT, ST=TX, C=US
  SerialNumber: 00:a2:6e:60:c5:d7:1a:65:b6

Certificate Extensions: 6
[1]: ObjectId: 2.5.29.35 Criticality=false
AuthorityKeyIdentifier [
KeyIdentifier [
0000: 1E D4 FC 83 3A E2 25 93   A9 DB 5A B1 8F 6E 62 59  ....:.%...Z..nbY
0010: DE EC 64 A8                                        ..d.
]
]

[2]: ObjectId: 2.5.29.19 Criticality=true
BasicConstraints:[
  CA:false
  PathLen: undefined
]

[3]: ObjectId: 2.5.29.37 Criticality=true
ExtendedKeyUsages [
  clientAuth
  serverAuth
]

[4]: ObjectId: 2.5.29.15 Criticality=true
KeyUsage [
  DigitalSignature
  Key_Encipherment
]

[5]: ObjectId: 2.5.29.17 Criticality=false
SubjectAlternativeName [
  DNSName: takserver
]

[6]: ObjectId: 2.5.29.14 Criticality=false
SubjectKeyIdentifier [
KeyIdentifier [
0000: B4 40 68 9A C8 8E E5 ED   7D 0C D3 65 56 17 71 E2  .@h........eV.q.
0010: E1 63 DB 42                                        .c.B
]
]

]
  Algorithm: [SHA256withRSA]
  Signature:
0000: C1 55 C5 BD CE 36 48 0E   99 BD 8A BA 2C 3E D8 AF  .U...6H.....,>..
0010: 91 13 AF 71 DE 78 36 D8   A8 E6 53 3D D6 B4 D2 E2  ...q.x6...S=....
0020: 73 ED AC CB F5 38 50 32   F9 E3 3E D5 31 E3 82 D3  s....8P2..>.1...
0030: 8A 67 6B F5 B7 E3 0A 5D   DC 10 8D B0 86 80 FB FF  .gk....]........
0040: DD 2B 5C ED D0 66 59 7F   38 50 6E A8 29 AB CE 17  .+\..fY.8Pn.)...
0050: 1C BA EE 77 DB F3 C7 20   13 52 E9 13 4D 42 0C A5  ...w... .R..MB..
0060: A2 6E 48 25 03 2C 40 2D   46 9F E9 68 92 35 29 D8  .nH%.,@-F..h.5).
0070: B5 02 8A 72 01 5F 3E BA   C0 1A 64 1A 0F 25 AC D0  ...r._>...d..%..
0080: DF AF C6 E9 AC 55 86 62   BA 46 66 78 51 6C B2 D3  .....U.b.FfxQl..
0090: F1 F5 D9 DD 0F BD 11 1F   1A 9B E3 50 84 AF 0F 85  ...........P....
00A0: 1F 3D 7D 0C 52 5A F4 91   AD 06 79 4D E1 29 2C 49  .=..RZ....yM.),I
00B0: 24 21 28 9A 31 C7 4F A1   6F C8 3A 19 51 8F E3 F1  $!(.1.O.o.:.Q...
00C0: 05 A2 2D 96 B0 A6 82 19   0A 6E 37 18 6D 30 85 4F  ..-......n7.m0.O
00D0: 8A 5C BB 24 27 90 F0 5D   94 7A 88 53 75 C1 02 93  .\.$'..].z.Su...
00E0: C1 59 D9 38 97 96 C7 E5   71 57 8B 67 D4 28 D9 11  .Y.8....qW.g.(..
00F0: B6 91 CC EC 64 68 DB 3A   CF 0D DC 2A BE 21 6F 39  ....dh.:...*.!o9

] connectionInfo ConnectionInfo [connectionId=6b3eca5a1b074b18998c581144b0bb6d, nodeId=8edb49a4-f85b-407b-987f-ca94445d87d8, port=9001, address=35.209.26.203, tls=true, input=null, cert=[
[
  Version: V3
  Subject: CN=takserver, OU=US-ARMY-UNIT-1, O=LENSS, L=CSTAT, ST=TX, C=US
  Signature Algorithm: SHA256withRSA, OID = 1.2.840.113549.1.1.11

  Key:  Sun RSA public key, 2048 bits
  params: null
  modulus: 29852326491948947443685056549540265809978564987299138419452958936906142481820093733042758929479499023302757731284913434034738627483826875967266284746938739927900116128861756281212171746271198355280998356791445936621562874454790433951724425815680278104013065965851641514976256461495523722833154375398824664129266188060509185374109838362330953482561288103342429903653022399116935104806115137239892415831706555340156629328896990128797657482920919867114297965880888175063608638873777481320289491982039521421807231679194306066504075664820160985775145349829470253565996930710363933516621183861338044512473724066228112796591
  public exponent: 65537
  Validity: [From: Wed Feb 12 12:26:32 CST 2025,
               To: Fri Feb 12 12:26:32 CST 2027]
  Issuer: CN=TAK-ID-CA-01, OU=US-ARMY-UNIT-1, O=LENSS, L=CSTAT, ST=TX, C=US
  SerialNumber: 00:a2:6e:60:c5:d7:1a:65:b6

Certificate Extensions: 6
[1]: ObjectId: 2.5.29.35 Criticality=false
AuthorityKeyIdentifier [
KeyIdentifier [
0000: 1E D4 FC 83 3A E2 25 93   A9 DB 5A B1 8F 6E 62 59  ....:.%...Z..nbY
0010: DE EC 64 A8                                        ..d.
]
]

[2]: ObjectId: 2.5.29.19 Criticality=true
BasicConstraints:[
  CA:false
  PathLen: undefined
]

[3]: ObjectId: 2.5.29.37 Criticality=true
ExtendedKeyUsages [
  clientAuth
  serverAuth
]

[4]: ObjectId: 2.5.29.15 Criticality=true
KeyUsage [
  DigitalSignature
  Key_Encipherment
]

[5]: ObjectId: 2.5.29.17 Criticality=false
SubjectAlternativeName [
  DNSName: takserver
]

[6]: ObjectId: 2.5.29.14 Criticality=false
SubjectKeyIdentifier [
KeyIdentifier [
0000: B4 40 68 9A C8 8E E5 ED   7D 0C D3 65 56 17 71 E2  .@h........eV.q.
0010: E1 63 DB 42                                        .c.B
]
]

]
  Algorithm: [SHA256withRSA]
  Signature:
0000: C1 55 C5 BD CE 36 48 0E   99 BD 8A BA 2C 3E D8 AF  .U...6H.....,>..
0010: 91 13 AF 71 DE 78 36 D8   A8 E6 53 3D D6 B4 D2 E2  ...q.x6...S=....
0020: 73 ED AC CB F5 38 50 32   F9 E3 3E D5 31 E3 82 D3  s....8P2..>.1...
0030: 8A 67 6B F5 B7 E3 0A 5D   DC 10 8D B0 86 80 FB FF  .gk....]........
0040: DD 2B 5C ED D0 66 59 7F   38 50 6E A8 29 AB CE 17  .+\..fY.8Pn.)...
0050: 1C BA EE 77 DB F3 C7 20   13 52 E9 13 4D 42 0C A5  ...w... .R..MB..
0060: A2 6E 48 25 03 2C 40 2D   46 9F E9 68 92 35 29 D8  .nH%.,@-F..h.5).
0070: B5 02 8A 72 01 5F 3E BA   C0 1A 64 1A 0F 25 AC D0  ...r._>...d..%..
0080: DF AF C6 E9 AC 55 86 62   BA 46 66 78 51 6C B2 D3  .....U.b.FfxQl..
0090: F1 F5 D9 DD 0F BD 11 1F   1A 9B E3 50 84 AF 0F 85  ...........P....
00A0: 1F 3D 7D 0C 52 5A F4 91   AD 06 79 4D E1 29 2C 49  .=..RZ....yM.),I
00B0: 24 21 28 9A 31 C7 4F A1   6F C8 3A 19 51 8F E3 F1  $!(.1.O.o.:.Q...
00C0: 05 A2 2D 96 B0 A6 82 19   0A 6E 37 18 6D 30 85 4F  ..-......n7.m0.O
00D0: 8A 5C BB 24 27 90 F0 5D   94 7A 88 53 75 C1 02 93  .\.$'..].z.Su...
00E0: C1 59 D9 38 97 96 C7 E5   71 57 8B 67 D4 28 D9 11  .Y.8....qW.g.(..
00F0: B6 91 CC EC 64 68 DB 3A   CF 0D DC 2A BE 21 6F 39  ....dh.:...*.!o9

], caCert=null, id=2, client=true, readCount=0, processedCount=0]
2025-04-09-02:04:21.447 [takserver-grpc-eventgroup-1] DEBUG tak.server.federation.TakFigClient - matched existing federate by fingerprint: F8:BF:BA:84:C8:CB:18:27:80:87:2D:B7:CE:B4:31:EC:E0:FC:1F:AE:1A:72:9C:21:B8:05:99:40:95:06:7D:F6 takserver:TAK-ID-CA-01
2025-04-09-02:04:22.720 [takserver-grpc-eventgroup-1] DEBUG t.s.f.DistributedFederationManager - Added FederateSubscription: FederateSubscription [Subscription -- 
handler:  
xpath: null user: null]
2025-04-09-02:04:22.720 [takserver-grpc-eventgroup-1] INFO tak.server.federation.TakFigClient - created v2 federate subscription TAK1
2025-04-09-02:04:23.164 [takserver-grpc-0] DEBUG tak.server.federation.TakFigClient - ROL channel ready
2025-04-09-02:04:23.345 [takserver-grpc-0] DEBUG tak.server.federation.TakFigClient - Received remote federate groups = streamUpdate {
  status: SERVING
}
federateProvenance {
  federationServerId: "28c05234cc7848368459e1e3398ba40a"
}
federateHops {
  maxHops: -1
  currentHops: 1
}

2025-04-09-02:04:23.345 [takserver-grpc-0] DEBUG tak.server.federation.TakFigClient - Received remote federate groups = streamUpdate {
  status: SERVING
}
federateProvenance {
  federationServerId: "28c05234cc7848368459e1e3398ba40a"
}
federateHops {
  maxHops: -1
  currentHops: 1
}

2025-04-09-02:04:24.017 [pool-16-thread-1] DEBUG t.server.federation.FederationServer - Running inactivity check for 0 client streams
2025-04-09-02:04:24.366 [takserver-grpc-0] DEBUG tak.server.federation.TakFigClient - received federated health check message from server status: SERVING

2025-04-09-02:04:24.366 [takserver-grpc-0] DEBUG tak.server.federation.TakFigClient - federated server server healthy
2025-04-09-02:04:24.369 [takserver-grpc-0] DEBUG tak.server.federation.TakFigClient - opened client ROL stream
2025-04-09-02:04:24.370 [takserver-grpc-0] DEBUG tak.server.federation.TakFigClient - mission federation disruption tolerance enabled
2025-04-09-02:04:24.416 [takserver-grpc-0] INFO tak.server.federation.TakFigClient - 0 federating 0 mission changes.
2025-04-09-02:04:25.252 [pool-21-thread-1] DEBUG t.server.federation.FederationServer - Running inactivity check for 0 client streams
2025-04-09-02:04:27.369 [takserver-grpc-0] DEBUG tak.server.federation.TakFigClient - received federated health check message from server status: SERVING

2025-04-09-02:04:27.369 [takserver-grpc-0] DEBUG tak.server.federation.TakFigClient - federated server server healthy
2025-04-09-02:04:29.017 [pool-16-thread-1] DEBUG t.server.federation.FederationServer - Running inactivity check for 0 client streams
2025-04-09-02:04:30.252 [pool-21-thread-1] DEBUG t.server.federation.FederationServer - Running inactivity check for 0 client streams
2025-04-09-02:04:30.370 [takserver-grpc-0] DEBUG tak.server.federation.TakFigClient - received federated health check message from server status: SERVING

2025-04-09-02:04:30.370 [takserver-grpc-0] DEBUG tak.server.federation.TakFigClient - federated server server healthy
2025-04-09-02:04:32.047 [shutdown-hook] DEBUG t.s.f.DistributedFederationManager - DistributedFederationManager service cancelled
